timestamp,humidity,temperature,ph,ce,N,P,K,water_level,flow_rate,season,activar_bomba,abrir_valvula_riego,inyectar_fertilizante,abrir_valvula_suministro,abrir_juego_desague,porcentaje_fertilizante,cantidad_agua
2024-10-10 05:02:55,52.7,23.9,6.88,2.2,12.35,24.66,20.76,69.5,0.0,spring,False,False,False,False,False,0.0,0.0
2024-10-10 05:32:55,51.3,26.1,6.88,2.25,11.67,24.56,20.33,69.5,0.0,spring,False,False,False,False,False,0.0,0.0
2024-10-10 06:02:55,49.6,16.5,6.89,2.2,11.62,24.19,20.3,69.5,0.0,spring,False,False,False,False,False,0.0,0.0
2024-10-10 06:32:55,48.4,18.2,6.87,2.21,11.55,23.72,19.94,69.5,0.0,spring,False,False,False,False,False,0.0,0.0
2024-10-10 07:02:55,47.4,27.5,6.9,2.21,11.05,23.72,19.71,69.5,0.0,spring,False,False,False,False,False,0.0,0.0
2024-10-10 07:32:55,47.4,17.0,6.91,2.28,10.13,23.7,19.28,69.5,0.0,spring,False,False,False,False,False,0.0,0.0
2024-10-10 08:02:55,45.7,18.8,6.9,2.22,10.1,23.21,19.14,69.5,0.0,spring,False,False,False,False,False,0.0,0.0
2024-10-10 08:32:55,43.7,11.0,6.88,2.2,9.11,22.95,18.76,69.5,0.0,spring,False,False,False,False,False,0.0,0.0
2024-10-10 09:02:55,43.4,16.2,6.92,2.22,8.29,22.48,18.45,69.5,0.0,spring,False,False,False,False,False,0.0,0.0
2024-10-10 09:32:55,41.7,24.6,6.95,2.16,7.93,22.27,18.24,69.5,0.0,spring,False,False,False,False,False,0.0,0.0
2024-10-10 10:02:55,40.8,26.3,6.91,2.1,6.95,22.2,18.2,69.5,0.0,spring,False,False,False,False,False,0.0,0.0
2024-10-10 10:32:55,38.9,26.7,6.89,2.06,6.59,21.77,17.96,69.5,0.0,spring,False,False,False,False,False,0.0,0.0
2024-10-10 11:02:55,38.0,24.7,6.84,2.04,5.75,21.32,17.87,69.5,0.0,spring,False,False,False,False,False,0.0,0.0
2024-10-10 11:32:55,36.3,27.6,6.93,2.06,5.41,21.24,17.86,69.5,0.0,spring,False,False,False,False,False,0.0,0.0
2024-10-10 12:02:55,35.6,23.9,6.98,2.0,4.58,21.14,17.75,69.5,0.0,spring,False,False,False,False,False,0.0,0.0
2024-10-10 12:32:55,35.5,20.7,6.99,2.01,4.12,20.96,17.69,69.5,0.0,spring,False,False,False,False,False,0.0,0.0
2024-10-10 13:02:55,33.7,24.8,6.94,2.02,3.68,20.65,17.4,66.6,56.6,spring,True,True,False,False,False,0.0,10.1
2024-10-10 13:32:55,43.4,23.1,6.91,2.07,3.31,20.54,17.36,66.6,0.0,spring,False,False,False,False,False,0.0,0.0
2024-10-10 14:02:55,43.2,25.8,6.92,2.06,3.1,20.14,17.34,66.6,0.0,spring,False,False,False,False,False,0.0,0.0
2024-10-10 14:32:55,41.7,19.1,6.97,2.07,2.18,19.72,17.31,66.6,0.0,spring,False,False,False,False,False,0.0,0.0
2024-10-10 15:02:55,40.6,25.7,7.02,2.02,1.66,19.28,17.11,66.6,0.0,spring,False,False,False,False,False,0.0,0.0
2024-10-10 15:32:55,39.5,17.9,7.03,2.12,0.85,19.17,17.09,66.6,0.0,spring,False,False,False,False,False,0.0,0.0
2024-10-10 16:02:55,38.5,23.3,7.09,2.12,0.06,19.03,16.88,66.6,0.0,spring,False,False,False,False,False,0.0,0.0
2024-10-10 16:32:55,38.4,17.8,7.13,2.12,0.0,18.7,16.4,66.6,0.0,spring,False,False,False,False,False,0.0,0.0
2024-10-10 17:02:55,36.9,23.1,7.15,2.07,0.0,18.42,16.05,66.6,0.0,spring,False,False,False,False,False,0.0,0.0
2024-10-10 17:32:55,36.5,21.4,7.29,1.98,0.0,18.29,15.73,66.6,0.0,spring,False,False,False,False,False,0.0,0.0
2024-10-10 18:02:55,36.3,22.1,7.32,1.96,0.0,18.03,15.59,66.6,0.0,spring,False,False,False,False,False,0.0,0.0
2024-10-10 18:32:55,35.0,19.2,7.28,1.94,0.0,17.6,15.3,66.6,0.0,spring,False,False,False,False,False,0.0,0.0
2024-10-10 19:02:55,34.5,23.2,7.26,1.91,0.0,17.18,14.99,65.3,58.0,spring,True,True,False,False,False,0.0,18.0
2024-10-10 19:32:55,44.5,19.9,7.3,1.94,0.0,17.0,14.88,65.3,0.0,spring,False,False,False,False,False,0.0,0.0
2024-10-10 20:02:55,44.3,20.4,7.27,1.97,0.0,16.69,14.62,65.3,0.0,spring,False,False,False,False,False,0.0,0.0
2024-10-10 20:32:55,42.5,26.0,7.25,1.98,0.0,16.49,14.51,65.3,0.0,spring,False,False,False,False,False,0.0,0.0
2024-10-10 21:02:55,41.2,19.8,7.14,2.07,0.0,16.01,14.14,65.3,0.0,spring,False,False,False,False,False,0.0,0.0
2024-10-10 21:32:55,40.0,17.8,7.22,2.11,0.0,15.6,14.1,65.3,0.0,spring,False,False,False,False,False,0.0,0.0
2024-10-10 22:02:55,38.1,23.2,7.17,2.12,0.0,15.19,14.04,65.3,0.0,spring,False,False,False,False,False,0.0,0.0
2024-10-10 22:32:55,36.2,15.0,7.18,2.2,0.0,15.0,13.69,65.3,0.0,spring,False,False,False,False,False,0.0,0.0
2024-10-10 23:02:55,35.8,21.2,7.21,2.17,0.0,14.74,13.2,65.3,0.0,spring,False,False,False,False,False,0.0,0.0
2024-10-10 23:32:55,35.6,17.2,7.21,2.14,0.0,14.73,13.19,65.3,0.0,spring,False,False,False,False,False,0.0,0.0
2024-10-11 00:02:55,35.6,23.1,7.14,2.15,0.0,14.71,12.95,65.3,0.0,spring,False,False,False,False,False,0.0,0.0
2024-10-11 00:32:55,35.5,24.9,7.06,2.16,0.0,14.47,12.61,65.3,0.0,spring,False,False,False,False,False,0.0,0.0
2024-10-11 01:02:55,34.9,24.2,7.05,2.1,0.0,14.29,12.59,62.5,44.8,spring,True,True,False,False,False,0.0,22.6
2024-10-11 01:32:55,41.9,27.9,7.1,2.1,0.0,14.28,12.56,62.5,0.0,spring,False,False,False,False,False,0.0,0.0
2024-10-11 02:02:55,40.7,24.3,7.12,2.16,0.0,13.84,12.51,62.5,0.0,spring,False,False,False,False,False,0.0,0.0
2024-10-11 02:32:55,40.2,20.7,7.14,2.11,0.0,13.48,12.3,62.5,0.0,spring,False,False,False,False,False,0.0,0.0
2024-10-11 03:02:55,39.4,16.9,7.08,2.13,0.0,13.17,12.28,62.5,0.0,spring,False,False,False,False,False,0.0,0.0
2024-10-11 03:32:55,37.7,29.2,7.12,2.18,0.0,13.0,11.92,62.5,0.0,spring,False,False,False,False,False,0.0,0.0
2024-10-11 04:02:55,37.1,14.4,7.11,2.17,0.0,12.99,11.73,62.5,0.0,spring,False,False,False,False,False,0.0,0.0
2024-10-11 04:32:55,36.5,14.9,7.17,2.13,0.0,12.78,11.28,62.5,0.0,spring,False,False,False,False,False,0.0,0.0
2024-10-11 05:02:55,35.8,19.1,7.23,2.15,0.0,12.78,10.81,62.5,0.0,spring,False,False,False,False,False,0.0,0.0
2024-10-11 05:32:55,35.5,20.9,7.22,2.07,0.0,12.71,10.4,62.5,0.0,spring,False,False,False,False,False,0.0,0.0
2024-10-11 06:02:55,35.2,30.4,7.19,2.09,0.0,12.28,9.99,61.0,42.3,spring,True,True,False,False,False,0.0,18.8
2024-10-11 06:32:55,43.0,22.6,7.21,2.14,0.0,12.2,9.95,61.0,0.0,spring,False,False,False,False,False,0.0,0.0
2024-10-11 07:02:55,42.1,20.9,7.2,2.15,0.0,12.15,9.59,61.0,0.0,spring,False,False,False,False,False,0.0,0.0
2024-10-11 07:32:55,41.1,19.3,7.16,2.16,0.0,11.69,9.27,61.0,0.0,spring,False,False,False,False,False,0.0,0.0
2024-10-11 08:02:55,40.0,16.2,7.16,2.1,0.0,11.56,8.96,61.0,0.0,spring,False,False,False,False,False,0.0,0.0
2024-10-11 08:32:55,38.5,23.7,7.19,2.03,0.0,11.15,8.5,61.0,0.0,spring,False,False,False,False,False,0.0,0.0
2024-10-11 09:02:55,38.4,21.4,7.15,1.95,0.0,11.14,8.19,61.0,0.0,spring,False,False,False,False,False,0.0,0.0
2024-10-11 09:32:55,37.3,22.3,7.3,1.96,0.0,10.75,8.14,61.0,0.0,spring,False,False,False,False,False,0.0,0.0
2024-10-11 10:02:55,36.1,20.4,7.34,1.87,0.0,10.62,7.7,61.0,0.0,spring,False,False,False,False,False,0.0,0.0
2024-10-11 10:32:55,35.0,17.6,7.34,1.87,0.0,10.3,7.47,61.0,0.0,spring,False,False,False,False,False,0.0,0.0
2024-10-11 11:02:55,33.9,22.2,7.37,1.88,0.0,9.99,7.05,58.0,40.9,spring,True,True,False,False,False,0.0,11.1
2024-10-11 11:32:55,43.0,22.2,7.42,1.8,0.0,9.8,6.61,58.0,0.0,spring,False,False,False,False,False,0.0,0.0
2024-10-11 12:02:55,41.5,21.0,7.39,1.82,0.0,9.58,6.19,58.0,0.0,spring,False,False,False,False,False,0.0,0.0
2024-10-11 12:32:55,39.9,25.6,7.33,1.88,0.0,9.48,5.83,58.0,0.0,spring,False,False,False,False,False,0.0,0.0
2024-10-11 13:02:55,39.8,26.9,7.34,1.79,0.0,9.0,5.44,58.0,0.0,spring,False,False,False,False,False,0.0,0.0
2024-10-11 13:32:55,38.5,20.9,7.34,1.75,0.0,8.88,5.22,58.0,0.0,spring,False,False,False,False,False,0.0,0.0
2024-10-11 14:02:55,37.9,32.5,7.21,1.73,0.0,8.51,5.03,55.4,57.2,spring,True,True,False,False,False,0.0,17.9
2024-10-11 14:32:55,47.4,26.9,7.17,1.71,0.0,8.19,4.82,55.4,0.0,spring,False,False,False,False,False,0.0,0.0
2024-10-11 15:02:55,47.4,19.3,7.15,1.69,0.0,7.69,4.41,55.4,0.0,spring,False,False,False,False,False,0.0,0.0
2024-10-11 15:32:55,46.1,24.2,7.15,1.71,0.0,7.48,4.15,55.4,0.0,spring,False,False,False,False,False,0.0,0.0
2024-10-11 16:02:55,45.5,21.1,7.16,1.68,0.0,7.04,4.11,55.4,0.0,spring,False,False,False,False,False,0.0,0.0
2024-10-11 16:32:55,44.7,25.3,7.06,1.59,0.0,6.69,3.69,55.4,0.0,spring,False,False,False,False,False,0.0,0.0
2024-10-11 17:02:55,43.9,21.8,7.14,1.64,0.0,6.58,3.26,55.4,0.0,spring,False,False,False,False,False,0.0,0.0
2024-10-11 17:32:55,42.4,18.9,7.15,1.7,0.0,6.55,3.05,55.4,0.0,spring,False,False,False,False,False,0.0,0.0
2024-10-11 18:02:55,42.4,24.7,7.21,1.69,0.0,6.47,2.97,55.4,0.0,spring,False,False,False,False,False,0.0,0.0
2024-10-11 18:32:55,40.4,20.0,7.19,1.79,0.0,6.24,2.66,55.4,0.0,spring,False,False,False,False,False,0.0,0.0
2024-10-11 19:02:55,39.7,23.9,7.18,1.74,0.0,6.0,2.38,55.4,0.0,spring,False,False,False,False,False,0.0,0.0
2024-10-11 19:32:55,39.1,26.4,7.21,1.68,0.0,5.98,1.89,55.4,0.0,spring,False,False,False,False,False,0.0,0.0
2024-10-11 20:02:55,38.3,19.0,7.17,1.69,0.0,5.77,1.79,55.4,0.0,spring,False,False,False,False,False,0.0,0.0
2024-10-11 20:32:55,38.1,17.7,7.09,1.75,0.0,5.53,1.71,55.4,0.0,spring,False,False,False,False,False,0.0,0.0
2024-10-11 21:02:55,36.9,20.7,7.13,1.83,0.0,5.07,1.5,55.4,0.0,spring,False,False,False,False,False,0.0,0.0
2024-10-11 21:32:55,36.3,25.1,7.09,1.81,0.0,4.69,1.34,55.4,0.0,spring,False,False,False,False,False,0.0,0.0
2024-10-11 22:02:55,35.2,22.2,7.09,1.78,0.0,4.28,0.9,55.4,0.0,spring,False,False,False,False,False,0.0,0.0
2024-10-11 22:32:55,34.9,20.2,7.05,1.83,0.0,4.04,0.82,52.7,30.0,spring,True,True,False,False,False,0.0,18.7
2024-10-11 23:02:55,39.7,15.8,7.02,1.76,0.0,3.58,0.36,52.7,0.0,spring,False,False,False,False,False,0.0,0.0
2024-10-11 23:32:55,39.1,21.7,6.98,1.7,0.0,3.28,0.02,52.7,0.0,spring,False,False,False,False,False,0.0,0.0
2024-10-12 00:02:55,37.7,25.8,6.97,1.8,0.0,2.92,0.0,52.7,0.0,spring,False,False,False,False,False,0.0,0.0
2024-10-12 00:32:55,36.9,25.3,6.94,1.85,0.0,2.49,0.0,52.7,0.0,spring,False,False,False,False,False,0.0,0.0
2024-10-12 01:02:55,35.4,18.8,6.98,1.81,0.0,2.48,0.0,52.7,0.0,spring,False,False,False,False,False,0.0,0.0
2024-10-12 01:32:55,34.5,19.1,7.02,1.84,0.0,2.03,0.0,50.1,27.7,spring,True,True,False,False,False,0.0,20.9
2024-10-12 02:02:55,38.5,18.9,6.95,1.85,0.0,1.8,0.0,50.1,0.0,spring,False,False,False,False,False,0.0,0.0
2024-10-12 02:32:55,37.7,27.3,6.99,1.86,0.0,1.66,0.0,50.1,0.0,spring,False,False,False,False,False,0.0,0.0
2024-10-12 03:02:55,35.8,19.9,7.03,1.86,0.0,1.23,0.0,50.1,0.0,spring,False,False,False,False,False,0.0,0.0
2024-10-12 03:32:55,34.5,19.8,6.96,1.91,0.0,1.07,0.0,47.2,36.2,spring,True,True,False,False,False,0.0,24.4
2024-10-12 04:02:55,41.1,16.7,6.94,1.91,0.0,0.76,0.0,47.2,0.0,spring,False,False,False,False,False,0.0,0.0
2024-10-12 04:32:55,40.7,15.0,6.9,1.91,0.0,0.66,0.0,47.2,0.0,spring,False,False,False,False,False,0.0,0.0
2024-10-12 05:02:55,39.1,20.3,6.88,1.9,0.0,0.59,0.0,47.2,0.0,spring,False,False,False,False,False,0.0,0.0
2024-10-12 05:32:55,38.7,27.2,6.79,1.99,0.0,0.48,0.0,47.2,0.0,spring,False,False,False,False,False,0.0,0.0
2024-10-12 06:02:55,37.5,15.8,6.84,1.97,0.0,0.01,0.0,47.2,0.0,spring,False,False,False,False,False,0.0,0.0
2024-10-12 06:32:55,35.5,17.5,6.81,2.03,0.0,0.0,0.0,47.2,0.0,spring,False,False,False,False,False,0.0,0.0
2024-10-12 07:02:55,35.1,14.9,6.77,2.04,0.0,0.0,0.0,47.2,0.0,spring,False,False,False,False,False,0.0,0.0
2024-10-12 07:32:55,33.6,18.1,6.81,1.97,0.0,0.0,0.0,45.1,47.7,spring,True,True,False,False,False,0.0,22.0
2024-10-12 08:02:55,39.9,24.0,6.81,1.97,0.0,0.0,0.0,45.1,0.0,spring,False,False,False,False,False,0.0,0.0
2024-10-12 08:32:55,38.0,18.4,6.83,2.03,0.0,0.0,0.0,45.1,0.0,spring,False,False,False,False,False,0.0,0.0
2024-10-12 09:02:55,36.3,25.3,6.81,2.13,0.0,0.0,0.0,45.1,0.0,spring,False,False,False,False,False,0.0,0.0
2024-10-12 09:32:55,34.4,23.9,6.69,2.15,0.0,0.0,0.0,42.1,52.0,spring,True,True,False,False,False,0.0,13.6
2024-10-12 10:02:55,43.3,20.7,6.67,2.17,0.0,0.0,0.0,42.1,0.0,spring,False,False,False,False,False,0.0,0.0
2024-10-12 10:32:55,41.7,23.4,6.68,2.16,0.0,0.0,0.0,42.1,0.0,spring,False,False,False,False,False,0.0,0.0
2024-10-12 11:02:55,39.8,24.6,6.63,2.25,0.0,0.0,0.0,42.1,0.0,spring,False,False,False,False,False,0.0,0.0
2024-10-12 11:32:55,38.9,19.7,6.62,2.19,0.0,0.0,0.0,42.1,0.0,spring,False,False,False,False,False,0.0,0.0
2024-10-12 12:02:55,37.0,26.8,6.63,2.19,0.0,0.0,0.0,42.1,0.0,spring,False,False,False,False,False,0.0,0.0
2024-10-12 12:32:55,36.0,26.0,6.68,2.14,0.0,0.0,0.0,42.1,0.0,spring,False,False,False,False,False,0.0,0.0
2024-10-12 13:02:55,35.0,19.4,6.63,2.12,0.0,0.0,0.0,40.5,20.1,spring,True,True,False,False,False,0.0,12.9
2024-10-12 13:32:55,43.4,23.2,6.59,2.17,0.0,0.0,0.0,40.5,0.0,spring,False,False,False,False,False,0.0,0.0
2024-10-12 14:02:55,41.8,21.6,6.65,2.14,0.0,0.0,0.0,40.5,0.0,spring,False,False,False,False,False,0.0,0.0
2024-10-12 14:32:55,40.5,19.6,6.75,2.18,0.0,0.0,0.0,40.5,0.0,spring,False,False,False,False,False,0.0,0.0
2024-10-12 15:02:55,39.8,16.2,6.65,2.26,0.0,0.0,0.0,40.5,0.0,spring,False,False,False,False,False,0.0,0.0
2024-10-12 15:32:55,39.4,28.7,6.68,2.25,0.0,0.0,0.0,40.5,0.0,spring,False,False,False,False,False,0.0,0.0
2024-10-12 16:02:55,37.6,23.2,6.66,2.2,0.0,0.0,0.0,40.5,0.0,spring,False,False,False,False,False,0.0,0.0
2024-10-12 16:32:55,37.6,23.5,6.59,2.25,0.0,0.0,0.0,40.5,0.0,spring,False,False,False,False,False,0.0,0.0
2024-10-12 17:02:55,37.4,24.8,6.61,2.31,0.0,0.0,0.0,40.5,0.0,spring,False,False,False,False,False,0.0,0.0
2024-10-12 17:32:55,36.1,22.4,6.56,2.21,0.0,0.0,0.0,40.5,0.0,spring,False,False,False,False,False,0.0,0.0
2024-10-12 18:02:55,34.7,21.1,6.55,2.2,0.0,0.0,0.0,38.8,53.3,spring,True,True,False,False,False,0.0,13.3
2024-10-12 18:32:55,43.0,19.0,6.47,2.17,0.0,0.0,0.0,38.8,0.0,spring,False,False,False,False,False,0.0,0.0
2024-10-12 19:02:55,41.3,17.5,6.53,2.08,0.0,0.0,0.0,38.8,0.0,spring,False,False,False,False,False,0.0,0.0
2024-10-12 19:32:55,39.9,25.3,6.51,2.14,0.0,0.0,0.0,38.8,0.0,spring,False,False,False,False,False,0.0,0.0
2024-10-12 20:02:55,39.9,18.6,6.5,2.2,0.0,0.0,0.0,38.8,0.0,spring,False,False,False,False,False,0.0,0.0
2024-10-12 20:32:55,38.3,26.7,6.54,2.16,0.0,0.0,0.0,38.8,0.0,spring,False,False,False,False,False,0.0,0.0
2024-10-12 21:02:55,37.6,20.8,6.53,2.13,0.0,0.0,0.0,38.8,0.0,spring,False,False,False,False,False,0.0,0.0
2024-10-12 21:32:55,37.0,25.9,6.51,2.12,0.0,0.0,0.0,38.8,0.0,spring,False,False,False,False,False,0.0,0.0
2024-10-12 22:02:55,35.9,25.1,6.44,2.18,0.0,0.0,0.0,38.8,0.0,spring,False,False,False,False,False,0.0,0.0
2024-10-12 22:32:55,34.3,27.2,6.35,2.15,0.0,0.0,0.0,36.0,44.8,spring,True,True,False,False,False,0.0,10.7
2024-10-12 23:02:55,42.8,19.8,6.39,2.13,0.0,0.0,0.0,36.0,0.0,spring,False,False,False,False,False,0.0,0.0
2024-10-12 23:32:55,42.6,17.6,6.36,2.09,0.0,0.0,0.0,36.0,0.0,spring,False,False,False,False,False,0.0,0.0
2024-10-13 00:02:55,42.1,24.1,6.33,2.02,0.0,0.0,0.0,36.0,0.0,spring,False,False,False,False,False,0.0,0.0
2024-10-13 00:32:55,40.6,26.9,6.33,2.05,0.0,0.0,0.0,36.0,0.0,spring,False,False,False,False,False,0.0,0.0
2024-10-13 01:02:55,40.5,27.0,6.21,2.01,0.0,0.0,0.0,36.0,0.0,spring,False,False,False,False,False,0.0,0.0
2024-10-13 01:32:55,40.1,16.9,6.17,2.03,0.0,0.0,0.0,36.0,0.0,spring,False,False,False,False,False,0.0,0.0
2024-10-13 02:02:55,39.0,24.5,6.15,2.0,0.0,0.0,0.0,36.0,0.0,spring,False,False,False,False,False,0.0,0.0
2024-10-13 02:32:55,39.0,26.3,6.24,2.02,0.0,0.0,0.0,36.0,0.0,spring,False,False,False,False,False,0.0,0.0
2024-10-13 03:02:55,38.9,20.1,6.15,2.04,0.0,0.0,0.0,36.0,0.0,spring,False,False,False,False,False,0.0,0.0
2024-10-13 03:32:55,37.4,20.5,6.08,1.98,0.0,0.0,0.0,36.0,0.0,spring,False,False,False,False,False,0.0,0.0
2024-10-13 04:02:55,35.8,19.6,6.0,2.01,0.0,0.0,0.0,36.0,0.0,spring,False,False,False,False,False,0.0,0.0
2024-10-13 04:32:55,33.8,18.5,6.06,1.99,0.0,0.0,0.0,34.7,22.7,spring,True,True,False,False,False,0.0,22.7
2024-10-13 05:02:55,42.3,24.6,6.05,1.97,0.0,0.0,0.0,34.7,0.0,spring,False,False,False,False,False,0.0,0.0
2024-10-13 05:32:55,41.6,26.0,6.09,1.98,0.0,0.0,0.0,34.7,0.0,spring,False,False,False,False,False,0.0,0.0
2024-10-13 06:02:55,40.6,17.1,6.0,2.01,0.0,0.0,0.0,34.7,0.0,spring,False,False,False,False,False,0.0,0.0
2024-10-13 06:32:55,39.2,27.9,5.88,1.94,0.0,0.0,0.0,34.7,0.0,spring,False,False,False,False,False,0.0,0.0
2024-10-13 07:02:55,38.7,28.1,5.86,1.91,0.0,0.0,0.0,34.7,0.0,spring,False,False,False,False,False,0.0,0.0
2024-10-13 07:32:55,38.2,29.3,5.83,1.91,0.0,0.0,0.0,34.7,0.0,spring,False,False,False,False,False,0.0,0.0
2024-10-13 08:02:55,36.4,24.4,5.76,2.04,0.0,0.0,0.0,34.7,0.0,spring,False,False,False,False,False,0.0,0.0
2024-10-13 08:32:55,34.9,28.8,5.8,1.99,0.0,0.0,0.0,31.8,46.0,spring,True,True,False,False,False,0.0,18.8
2024-10-13 09:02:55,41.7,15.7,5.78,2.06,0.0,0.0,0.0,31.8,0.0,spring,False,False,False,False,False,0.0,0.0
2024-10-13 09:32:55,40.4,27.1,5.8,2.17,0.0,0.0,0.0,31.8,0.0,spring,False,False,False,False,False,0.0,0.0
2024-10-13 10:02:55,39.2,19.9,5.84,2.16,0.0,0.0,0.0,31.8,0.0,spring,False,False,False,False,False,0.0,0.0
2024-10-13 10:32:55,37.5,23.5,5.9,2.22,0.0,0.0,0.0,31.8,0.0,spring,False,False,False,False,False,0.0,0.0
2024-10-13 11:02:55,36.4,23.9,5.89,2.23,0.0,0.0,0.0,31.8,0.0,spring,False,False,False,False,False,0.0,0.0
2024-10-13 11:32:55,36.3,20.9,5.89,2.35,0.0,0.0,0.0,31.8,0.0,spring,False,False,False,False,False,0.0,0.0
2024-10-13 12:02:55,36.0,19.8,5.88,2.37,0.0,0.0,0.0,31.8,0.0,spring,False,False,False,False,False,0.0,0.0
2024-10-13 12:32:55,34.2,24.9,5.89,2.4,0.0,0.0,0.0,29.9,45.3,spring,True,True,False,False,False,0.0,15.0
2024-10-13 13:02:55,40.3,26.6,5.96,2.47,0.0,0.0,0.0,29.9,0.0,spring,False,False,False,False,False,0.0,0.0
2024-10-13 13:32:55,39.1,14.7,6.03,2.52,0.0,0.0,0.0,29.9,0.0,spring,False,False,False,False,False,0.0,0.0
2024-10-13 14:02:55,37.2,30.9,6.12,2.53,0.0,0.0,0.0,27.1,27.1,spring,True,True,False,False,False,0.0,24.7
2024-10-13 14:32:55,43.5,20.1,6.14,2.46,0.0,0.0,0.0,27.1,0.0,spring,False,False,False,False,False,0.0,0.0
2024-10-13 15:02:55,42.7,20.4,6.1,2.39,0.0,0.0,0.0,27.1,0.0,spring,False,False,False,False,False,0.0,0.0
2024-10-13 15:32:55,41.4,19.1,6.03,2.42,0.0,0.0,0.0,27.1,0.0,spring,False,False,False,False,False,0.0,0.0
2024-10-13 16:02:55,39.8,29.8,6.0,2.37,0.0,0.0,0.0,27.1,0.0,spring,False,False,False,False,False,0.0,0.0
2024-10-13 16:32:55,38.6,18.9,5.98,2.45,0.0,0.0,0.0,27.1,0.0,spring,False,False,False,False,False,0.0,0.0
2024-10-13 17:02:55,37.4,20.5,6.13,2.4,0.0,0.0,0.0,27.1,0.0,spring,False,False,False,False,False,0.0,0.0
2024-10-13 17:32:55,36.1,19.5,6.2,2.45,0.0,0.0,0.0,27.1,0.0,spring,False,False,False,False,False,0.0,0.0
2024-10-13 18:02:55,34.8,25.1,6.12,2.43,0.0,0.0,0.0,24.2,21.9,spring,True,True,False,False,False,0.0,19.5
2024-10-13 18:32:55,43.0,20.8,6.0,2.43,0.0,0.0,0.0,24.2,0.0,spring,False,False,False,False,False,0.0,0.0
2024-10-13 19:02:55,42.2,21.8,6.0,2.42,0.0,0.0,0.0,24.2,0.0,spring,False,False,False,False,False,0.0,0.0
2024-10-13 19:32:55,41.3,20.8,5.99,2.41,0.0,0.0,0.0,24.2,0.0,spring,False,False,False,False,False,0.0,0.0
2024-10-13 20:02:55,39.9,24.3,5.93,2.39,0.0,0.0,0.0,24.2,0.0,spring,False,False,False,False,False,0.0,0.0
2024-10-13 20:32:55,39.2,27.5,5.94,2.43,0.0,0.0,0.0,24.2,0.0,spring,False,False,False,False,False,0.0,0.0
2024-10-13 21:02:55,37.7,21.1,5.93,2.3,0.0,0.0,0.0,24.2,0.0,spring,False,False,False,False,False,0.0,0.0
2024-10-13 21:32:55,37.4,27.4,5.9,2.27,0.0,0.0,0.0,24.2,0.0,spring,False,False,False,False,False,0.0,0.0
2024-10-13 22:02:55,35.5,18.3,5.87,2.26,0.0,0.0,0.0,24.2,0.0,spring,False,False,False,False,False,0.0,0.0
2024-10-13 22:32:55,34.9,27.6,5.85,2.35,0.0,0.0,0.0,21.5,33.5,spring,True,True,False,False,False,0.0,22.4
2024-10-13 23:02:55,39.8,25.6,5.81,2.32,0.0,0.0,0.0,21.5,0.0,spring,False,False,False,False,False,0.0,0.0
2024-10-13 23:32:55,38.0,17.4,5.78,2.26,0.0,0.0,0.0,21.5,0.0,spring,False,False,False,False,False,0.0,0.0
2024-10-14 00:02:55,36.8,27.0,5.87,2.21,0.0,0.0,0.0,21.5,0.0,spring,False,False,False,False,False,0.0,0.0
2024-10-14 00:32:55,36.1,17.0,5.81,2.26,0.0,0.0,0.0,21.5,0.0,spring,False,False,False,False,False,0.0,0.0
2024-10-14 01:02:55,35.4,19.1,5.84,2.28,0.0,0.0,0.0,21.5,0.0,spring,False,False,False,False,False,0.0,0.0
2024-10-14 01:32:55,33.8,19.3,5.85,2.3,0.0,0.0,0.0,19.9,43.5,spring,True,True,False,False,False,0.0,18.2
2024-10-14 02:02:55,40.1,24.9,5.83,2.24,0.0,0.0,0.0,30.0,0.0,spring,False,False,False,True,False,0.0,0.0
2024-10-14 02:32:55,38.6,22.2,5.77,2.26,0.0,0.0,0.0,30.0,0.0,spring,False,False,False,False,False,0.0,0.0
2024-10-14 03:02:55,37.0,21.7,5.78,2.25,0.0,0.0,0.0,30.0,0.0,spring,False,False,False,False,False,0.0,0.0
2024-10-14 03:32:55,35.0,25.3,5.77,2.28,0.0,0.0,0.0,28.7,20.7,spring,True,True,False,False,False,0.0,19.3
2024-10-14 04:02:55,40.9,25.2,5.79,2.29,0.0,0.0,0.0,28.7,0.0,spring,False,False,False,False,False,0.0,0.0
2024-10-14 04:32:55,40.4,18.7,5.8,2.31,0.0,0.0,0.0,28.7,0.0,spring,False,False,False,False,False,0.0,0.0
2024-10-14 05:02:55,39.5,28.4,5.78,2.32,0.0,0.0,0.0,28.7,0.0,spring,False,False,False,False,False,0.0,0.0
2024-10-14 05:32:55,37.9,25.5,5.73,2.3,0.0,0.0,0.0,28.7,0.0,spring,False,False,False,False,False,0.0,0.0
2024-10-14 06:02:55,36.0,19.1,5.73,2.27,0.0,0.0,0.0,28.7,0.0,spring,False,False,False,False,False,0.0,0.0
2024-10-14 06:32:55,34.7,26.7,5.63,2.33,0.0,0.0,0.0,27.4,25.6,spring,True,True,False,False,False,0.0,14.1
2024-10-14 07:02:55,40.7,20.0,5.61,2.3,0.0,0.0,0.0,27.4,0.0,spring,False,False,False,False,False,0.0,0.0
2024-10-14 07:32:55,39.5,27.6,5.59,2.28,0.0,0.0,0.0,27.4,0.0,spring,False,False,False,False,False,0.0,0.0
2024-10-14 08:02:55,38.0,23.9,5.6,2.22,0.0,0.0,0.0,27.4,0.0,spring,False,False,False,False,False,0.0,0.0
2024-10-14 08:32:55,37.3,27.5,5.59,2.26,0.0,0.0,0.0,27.4,0.0,spring,False,False,False,False,False,0.0,0.0
2024-10-14 09:02:55,36.3,20.2,5.59,2.29,0.0,0.0,0.0,27.4,0.0,spring,False,False,False,False,False,0.0,0.0
2024-10-14 09:32:55,36.1,32.6,5.5,2.32,0.0,0.0,0.0,25.7,31.0,spring,True,True,False,False,False,0.0,10.7
2024-10-14 10:02:55,45.1,28.7,5.54,2.38,0.0,0.0,0.0,25.7,0.0,spring,False,False,False,False,False,0.0,0.0
2024-10-14 10:32:55,44.8,26.2,5.56,2.33,0.0,0.0,0.0,25.7,0.0,spring,False,False,False,False,False,0.0,0.0
2024-10-14 11:02:55,43.8,14.6,5.48,2.28,0.0,0.0,0.0,25.7,0.0,spring,False,False,False,False,False,0.0,0.0
2024-10-14 11:32:55,42.6,19.8,5.51,2.23,0.0,0.0,0.0,25.7,0.0,spring,False,False,False,False,False,0.0,0.0
2024-10-14 12:02:55,42.5,20.9,5.47,2.26,0.0,0.0,0.0,25.7,0.0,spring,False,False,False,False,False,0.0,0.0
2024-10-14 12:32:55,42.3,21.8,5.55,2.25,0.0,0.0,0.0,25.7,0.0,spring,False,False,False,False,False,0.0,0.0
2024-10-14 13:02:55,40.4,22.7,5.57,2.24,0.0,0.0,0.0,25.7,0.0,spring,False,False,False,False,False,0.0,0.0
2024-10-14 13:32:55,39.1,29.0,5.58,2.19,0.0,0.0,0.0,25.7,0.0,spring,False,False,False,False,False,0.0,0.0
2024-10-14 14:02:55,37.2,16.0,5.62,2.12,0.0,0.0,0.0,25.7,0.0,spring,False,False,False,False,False,0.0,0.0
2024-10-14 14:32:55,35.2,19.6,5.66,2.13,0.0,0.0,0.0,25.7,0.0,spring,False,False,False,False,False,0.0,0.0
2024-10-14 15:02:55,35.0,20.5,5.62,2.13,0.0,0.0,0.0,25.7,0.0,spring,False,False,False,False,False,0.0,0.0
2024-10-14 15:32:55,33.8,22.3,5.68,2.06,0.0,0.0,0.0,23.8,23.4,spring,True,True,False,False,False,0.0,10.1
2024-10-14 16:02:55,38.4,23.5,5.61,2.1,0.0,0.0,0.0,23.8,0.0,spring,False,False,False,False,False,0.0,0.0
2024-10-14 16:32:55,37.3,22.4,5.69,2.1,0.0,0.0,0.0,23.8,0.0,spring,False,False,False,False,False,0.0,0.0
2024-10-14 17:02:55,35.4,23.6,5.78,2.14,0.0,0.0,0.0,23.8,0.0,spring,False,False,False,False,False,0.0,0.0
2024-10-14 17:32:55,34.3,26.8,5.72,2.05,0.0,0.0,0.0,21.5,27.6,spring,True,True,False,False,False,0.0,19.7
2024-10-14 18:02:55,41.1,21.3,5.75,2.07,0.0,0.0,0.0,21.5,0.0,spring,False,False,False,False,False,0.0,0.0
2024-10-14 18:32:55,40.2,28.7,5.7,2.15,0.0,0.0,0.0,21.5,0.0,spring,False,False,False,False,False,0.0,0.0
2024-10-14 19:02:55,39.4,24.7,5.7,2.14,0.0,0.0,0.0,21.5,0.0,spring,False,False,False,False,False,0.0,0.0
2024-10-14 19:32:55,38.4,22.6,5.62,2.12,0.0,0.0,0.0,21.5,0.0,spring,False,False,False,False,False,0.0,0.0
2024-10-14 20:02:55,37.9,21.2,5.68,2.04,0.0,0.0,0.0,21.5,0.0,spring,False,False,False,False,False,0.0,0.0
2024-10-14 20:32:55,36.9,21.4,5.69,2.05,0.0,0.0,0.0,21.5,0.0,spring,False,False,False,False,False,0.0,0.0
2024-10-14 21:02:55,36.9,18.8,5.68,2.13,0.0,0.0,0.0,21.5,0.0,spring,False,False,False,False,False,0.0,0.0
2024-10-14 21:32:55,35.3,21.4,5.72,2.03,0.0,0.0,0.0,21.5,0.0,spring,False,False,False,False,False,0.0,0.0
2024-10-14 22:02:55,34.7,25.8,5.81,2.09,0.0,0.0,0.0,19.9,32.4,spring,True,True,False,False,False,0.0,16.6
2024-10-14 22:32:55,40.3,13.1,5.78,2.0,0.0,0.0,0.0,33.1,0.0,spring,False,False,False,True,False,0.0,0.0
2024-10-14 23:02:55,40.3,20.6,5.83,2.03,0.0,0.0,0.0,33.1,0.0,spring,False,False,False,False,False,0.0,0.0
2024-10-14 23:32:55,40.0,34.2,5.8,2.05,0.0,0.0,0.0,30.4,47.2,spring,True,True,False,False,False,0.0,11.7
2024-10-15 00:02:55,50.0,21.5,5.84,2.05,0.0,0.0,0.0,30.4,0.0,spring,False,False,False,False,False,0.0,0.0
2024-10-15 00:32:55,48.7,20.5,5.85,2.1,0.0,0.0,0.0,30.4,0.0,spring,False,False,False,False,False,0.0,0.0
2024-10-15 01:02:55,47.8,25.0,5.85,2.23,0.0,0.0,0.0,30.4,0.0,spring,False,False,False,False,False,0.0,0.0
2024-10-15 01:32:55,46.9,23.8,5.85,2.17,0.0,0.0,0.0,30.4,0.0,spring,False,False,False,False,False,0.0,0.0
2024-10-15 02:02:55,46.5,22.7,5.9,2.13,0.0,0.0,0.0,30.4,0.0,spring,False,False,False,False,False,0.0,0.0
2024-10-15 02:32:55,44.8,23.7,5.96,2.14,0.0,0.0,0.0,30.4,0.0,spring,False,False,False,False,False,0.0,0.0
2024-10-15 03:02:55,42.9,24.6,6.03,2.13,0.0,0.0,0.0,30.4,0.0,spring,False,False,False,False,False,0.0,0.0
2024-10-15 03:32:55,42.4,22.3,6.06,2.1,0.0,0.0,0.0,30.4,0.0,spring,False,False,False,False,False,0.0,0.0
2024-10-15 04:02:55,41.5,19.9,6.02,2.12,0.0,0.0,0.0,30.4,0.0,spring,False,False,False,False,False,0.0,0.0
2024-10-15 04:32:55,40.9,34.0,5.93,2.08,0.0,0.0,0.0,28.1,32.2,spring,True,True,False,False,False,0.0,19.1
2024-10-15 05:02:55,48.6,21.6,5.98,2.13,0.0,0.0,0.0,28.1,0.0,spring,False,False,False,False,False,0.0,0.0
2024-10-15 05:32:55,48.5,17.4,5.99,2.19,0.0,0.0,0.0,28.1,0.0,spring,False,False,False,False,False,0.0,0.0
2024-10-15 06:02:55,47.6,23.7,5.94,2.23,0.0,0.0,0.0,28.1,0.0,spring,False,False,False,False,False,0.0,0.0
2024-10-15 06:32:55,47.4,19.5,5.97,2.28,0.0,0.0,0.0,28.1,0.0,spring,False,False,False,False,False,0.0,0.0
2024-10-15 07:02:55,46.6,31.3,6.03,2.28,0.0,0.0,0.0,26.6,48.8,spring,True,True,False,False,False,0.0,19.2
2024-10-15 07:32:55,56.5,22.8,6.06,2.36,0.0,0.0,0.0,26.6,0.0,spring,False,False,False,False,False,0.0,0.0
2024-10-15 08:02:55,54.7,29.3,6.04,2.34,0.0,0.0,0.0,26.6,0.0,spring,False,False,False,False,False,0.0,0.0
2024-10-15 08:32:55,53.2,21.5,6.04,2.38,0.0,0.0,0.0,26.6,0.0,spring,False,False,False,False,False,0.0,0.0
2024-10-15 09:02:55,51.6,23.1,6.03,2.35,0.0,0.0,0.0,26.6,0.0,spring,False,False,False,False,False,0.0,0.0
2024-10-15 09:32:55,49.6,11.8,6.07,2.38,0.0,0.0,0.0,26.6,0.0,spring,False,False,False,False,False,0.0,0.0
2024-10-15 10:02:55,48.1,17.8,6.09,2.36,0.0,0.0,0.0,26.6,0.0,spring,False,False,False,False,False,0.0,0.0
2024-10-15 10:32:55,47.0,23.6,6.07,2.47,0.0,0.0,0.0,26.6,0.0,spring,False,False,False,False,False,0.0,0.0
2024-10-15 11:02:55,45.3,19.0,6.02,2.4,0.0,0.0,0.0,26.6,0.0,spring,False,False,False,False,False,0.0,0.0
2024-10-15 11:32:55,44.9,15.8,6.06,2.47,0.0,0.0,0.0,26.6,0.0,spring,False,False,False,False,False,0.0,0.0
2024-10-15 12:02:55,44.3,25.9,6.04,2.49,0.0,0.0,0.0,26.6,0.0,spring,False,False,False,False,False,0.0,0.0
2024-10-15 12:32:55,44.2,25.8,6.1,2.45,0.0,0.0,0.0,26.6,0.0,spring,False,False,False,False,False,0.0,0.0
2024-10-15 13:02:55,43.1,21.1,6.02,2.54,0.0,0.0,0.0,26.6,0.0,spring,False,False,False,False,False,0.0,0.0
2024-10-15 13:32:55,41.4,25.7,6.01,2.59,0.0,0.0,0.0,26.6,0.0,spring,False,False,False,False,False,0.0,0.0
2024-10-15 14:02:55,41.4,18.1,5.96,2.64,0.0,0.0,0.0,26.6,0.0,spring,False,False,False,False,False,0.0,0.0
2024-10-15 14:32:55,40.0,23.5,5.99,2.66,0.0,0.0,0.0,26.6,0.0,spring,False,False,False,False,False,0.0,0.0
2024-10-15 15:02:55,38.2,19.1,6.07,2.67,0.0,0.0,0.0,26.6,0.0,spring,False,False,False,False,False,0.0,0.0
2024-10-15 15:32:55,37.2,13.8,6.05,2.67,0.0,0.0,0.0,26.6,0.0,spring,False,False,False,False,False,0.0,0.0
2024-10-15 16:02:55,36.2,22.8,6.1,2.66,0.0,0.0,0.0,26.6,0.0,spring,False,False,False,False,False,0.0,0.0
2024-10-15 16:32:55,34.4,24.0,6.05,2.65,0.0,0.0,0.0,23.9,20.7,spring,True,True,False,False,False,0.0,10.7
2024-10-15 17:02:55,40.2,16.6,6.01,2.64,0.0,0.0,0.0,23.9,0.0,spring,False,False,False,False,False,0.0,0.0
2024-10-15 17:32:55,39.1,13.9,6.03,2.64,0.0,0.0,0.0,23.9,0.0,spring,False,False,False,False,False,0.0,0.0
2024-10-15 18:02:55,38.7,22.3,5.96,2.66,0.0,0.0,0.0,23.9,0.0,spring,False,False,False,False,False,0.0,0.0
2024-10-15 18:32:55,37.1,21.4,5.92,2.74,0.0,0.0,0.0,23.9,0.0,spring,False,False,False,False,False,0.0,0.0
2024-10-15 19:02:55,37.0,21.7,5.93,2.79,0.0,0.0,0.0,23.9,0.0,spring,False,False,False,False,False,0.0,0.0
2024-10-15 19:32:55,35.1,12.9,5.95,2.8,0.0,0.0,0.0,23.9,0.0,spring,False,False,False,False,False,0.0,0.0
2024-10-15 20:02:55,34.8,14.4,5.99,2.87,0.0,0.0,0.0,22.5,34.5,spring,True,True,False,False,False,0.0,11.1
2024-10-15 20:32:55,40.0,30.6,5.96,2.88,0.0,0.0,0.0,19.6,49.9,spring,True,True,False,False,False,0.0,18.3
2024-10-15 21:02:55,45.8,27.5,6.05,2.91,0.0,0.0,0.0,24.8,0.0,spring,False,False,False,True,False,0.0,0.0
2024-10-15 21:32:55,44.8,23.5,6.05,2.9,0.0,0.0,0.0,24.8,0.0,spring,False,False,False,False,False,0.0,0.0
2024-10-15 22:02:55,43.1,28.4,6.07,2.93,0.0,0.0,0.0,24.8,0.0,spring,False,False,False,False,False,0.0,0.0
2024-10-15 22:32:55,41.9,25.1,6.05,2.84,0.0,0.0,0.0,24.8,0.0,spring,False,False,False,False,False,0.0,0.0
2024-10-15 23:02:55,41.5,21.2,6.05,2.87,0.0,0.0,0.0,24.8,0.0,spring,False,False,False,False,False,0.0,0.0
2024-10-15 23:32:55,41.1,22.7,6.09,2.86,0.0,0.0,0.0,24.8,0.0,spring,False,False,False,False,False,0.0,0.0
2024-10-16 00:02:55,40.4,28.0,6.11,2.91,0.0,0.0,0.0,24.8,0.0,spring,False,False,False,False,False,0.0,0.0
2024-10-16 00:32:55,39.7,14.6,6.06,2.98,0.0,0.0,0.0,24.8,0.0,spring,False,False,False,False,False,0.0,0.0
2024-10-16 01:02:55,38.1,22.1,6.08,2.94,0.0,0.0,0.0,24.8,0.0,spring,False,False,False,False,False,0.0,0.0
2024-10-16 01:32:55,37.7,23.9,6.09,2.85,0.0,0.0,0.0,24.8,0.0,spring,False,False,False,False,False,0.0,0.0
2024-10-16 02:02:55,37.2,25.5,6.01,2.84,0.0,0.0,0.0,24.8,0.0,spring,False,False,False,False,False,0.0,0.0
2024-10-16 02:32:55,36.1,20.7,6.06,2.88,0.0,0.0,0.0,24.8,0.0,spring,False,False,False,False,False,0.0,0.0
2024-10-16 03:02:55,34.2,30.2,6.08,2.78,0.0,0.0,0.0,22.0,21.1,spring,True,True,False,False,False,0.0,16.8
2024-10-16 03:32:55,40.2,20.8,6.02,2.75,0.0,0.0,0.0,22.0,0.0,spring,False,False,False,False,False,0.0,0.0
2024-10-16 04:02:55,38.2,22.4,6.0,2.78,0.0,0.0,0.0,22.0,0.0,spring,False,False,False,False,False,0.0,0.0
2024-10-16 04:32:55,36.3,16.3,6.0,2.75,0.0,0.0,0.0,22.0,0.0,spring,False,False,False,False,False,0.0,0.0
2024-10-16 05:02:55,35.6,19.9,6.06,2.76,0.0,0.0,0.0,22.0,0.0,spring,False,False,False,False,False,0.0,0.0
2024-10-16 05:32:55,34.5,16.1,6.06,2.8,0.0,0.0,0.0,19.6,37.6,spring,True,True,False,False,False,0.0,13.2
2024-10-16 06:02:55,42.5,29.3,6.06,2.82,0.0,0.0,0.0,25.0,0.0,spring,False,False,False,True,False,0.0,0.0
2024-10-16 06:32:55,42.2,21.7,6.1,2.82,0.0,0.0,0.0,25.0,0.0,spring,False,False,False,False,False,0.0,0.0
2024-10-16 07:02:55,42.2,21.3,6.08,2.77,0.0,0.0,0.0,25.0,0.0,spring,False,False,False,False,False,0.0,0.0
2024-10-16 07:32:55,41.3,23.4,6.08,2.8,0.0,0.0,0.0,25.0,0.0,spring,False,False,False,False,False,0.0,0.0
2024-10-16 08:02:55,40.6,19.0,6.07,2.8,0.0,0.0,0.0,25.0,0.0,spring,False,False,False,False,False,0.0,0.0
2024-10-16 08:32:55,39.7,23.3,6.12,2.75,0.0,0.0,0.0,25.0,0.0,spring,False,False,False,False,False,0.0,0.0
2024-10-16 09:02:55,38.9,16.4,6.21,2.7,0.0,0.0,0.0,25.0,0.0,spring,False,False,False,False,False,0.0,0.0
2024-10-16 09:32:55,37.4,26.2,6.24,2.74,0.0,0.0,0.0,25.0,0.0,spring,False,False,False,False,False,0.0,0.0
2024-10-16 10:02:55,36.8,17.2,6.28,2.72,0.0,0.0,0.0,25.0,0.0,spring,False,False,False,False,False,0.0,0.0
2024-10-16 10:32:55,36.4,22.6,6.3,2.74,0.0,0.0,0.0,25.0,0.0,spring,False,False,False,False,False,0.0,0.0
2024-10-16 11:02:55,35.3,18.0,6.35,2.73,0.0,0.0,0.0,25.0,0.0,spring,False,False,False,False,False,0.0,0.0
2024-10-16 11:32:55,33.9,21.6,6.32,2.73,0.0,0.0,0.0,22.5,49.7,spring,True,True,False,False,False,0.0,22.3
2024-10-16 12:02:55,38.3,23.8,6.33,2.68,0.0,0.0,0.0,22.5,0.0,spring,False,False,False,False,False,0.0,0.0
2024-10-16 12:32:55,37.1,26.7,6.27,2.67,0.0,0.0,0.0,22.5,0.0,spring,False,False,False,False,False,0.0,0.0
2024-10-16 13:02:55,35.9,23.3,6.27,2.56,0.0,0.0,0.0,22.5,0.0,spring,False,False,False,False,False,0.0,0.0
2024-10-16 13:32:55,34.9,35.1,6.23,2.6,0.0,0.0,0.0,20.7,35.3,spring,True,True,False,False,False,0.0,12.3
2024-10-16 14:02:55,39.5,22.6,6.28,2.57,0.0,0.0,0.0,20.7,0.0,spring,False,False,False,False,False,0.0,0.0
2024-10-16 14:32:55,38.6,24.1,6.31,2.53,0.0,0.0,0.0,20.7,0.0,spring,False,False,False,False,False,0.0,0.0
2024-10-16 15:02:55,38.2,20.8,6.31,2.5,0.0,0.0,0.0,20.7,0.0,spring,False,False,False,False,False,0.0,0.0
2024-10-16 15:32:55,37.6,21.2,6.34,2.42,0.0,0.0,0.0,20.7,0.0,spring,False,False,False,False,False,0.0,0.0
2024-10-16 16:02:55,35.6,22.3,6.22,2.39,0.0,0.0,0.0,20.7,0.0,spring,False,False,False,False,False,0.0,0.0
2024-10-16 16:32:55,34.6,21.8,6.19,2.31,0.0,0.0,0.0,18.2,34.4,spring,True,True,False,False,False,0.0,15.2
2024-10-16 17:02:55,39.5,18.5,6.19,2.36,0.0,0.0,0.0,23.4,0.0,spring,False,False,False,True,False,0.0,0.0
2024-10-16 17:32:55,37.8,24.9,6.17,2.36,0.0,0.0,0.0,23.4,0.0,spring,False,False,False,False,False,0.0,0.0
2024-10-16 18:02:55,37.2,30.5,6.16,2.31,0.0,0.0,0.0,21.6,49.0,spring,True,True,False,False,False,0.0,13.2
2024-10-16 18:32:55,42.2,19.0,6.2,2.3,0.0,0.0,0.0,21.6,0.0,spring,False,False,False,False,False,0.0,0.0
2024-10-16 19:02:55,41.9,24.1,6.14,2.22,0.0,0.0,0.0,21.6,0.0,spring,False,False,False,False,False,0.0,0.0
2024-10-16 19:32:55,40.2,28.0,6.14,2.24,0.0,0.0,0.0,21.6,0.0,spring,False,False,False,False,False,0.0,0.0
2024-10-16 20:02:55,39.6,18.8,6.14,2.17,0.0,0.0,0.0,21.6,0.0,spring,False,False,False,False,False,0.0,0.0
2024-10-16 20:32:55,38.2,19.6,6.17,2.21,0.0,0.0,0.0,21.6,0.0,spring,False,False,False,False,False,0.0,0.0
2024-10-16 21:02:55,37.3,15.9,6.2,2.24,0.0,0.0,0.0,21.6,0.0,spring,False,False,False,False,False,0.0,0.0
2024-10-16 21:32:55,36.6,20.9,6.23,2.24,0.0,0.0,0.0,21.6,0.0,spring,False,False,False,False,False,0.0,0.0
2024-10-16 22:02:55,35.8,23.3,6.17,2.21,0.0,0.0,0.0,21.6,0.0,spring,False,False,False,False,False,0.0,0.0
2024-10-16 22:32:55,35.4,14.4,6.16,2.25,0.0,0.0,0.0,21.6,0.0,spring,False,False,False,False,False,0.0,0.0
2024-10-16 23:02:55,34.8,25.8,6.14,2.21,0.0,0.0,0.0,19.6,38.7,spring,True,True,False,False,False,0.0,13.9
2024-10-16 23:32:55,44.6,22.3,6.2,2.24,0.0,0.0,0.0,32.2,0.0,spring,False,False,False,True,False,0.0,0.0
2024-10-17 00:02:55,43.5,27.5,6.19,2.24,0.0,0.0,0.0,32.2,0.0,spring,False,False,False,False,False,0.0,0.0
2024-10-17 00:32:55,41.6,17.3,6.12,2.23,0.0,0.0,0.0,32.2,0.0,spring,False,False,False,False,False,0.0,0.0
2024-10-17 01:02:55,41.4,24.0,6.15,2.2,0.0,0.0,0.0,32.2,0.0,spring,False,False,False,False,False,0.0,0.0
2024-10-17 01:32:55,40.5,15.9,6.13,2.2,0.0,0.0,0.0,32.2,0.0,spring,False,False,False,False,False,0.0,0.0
2024-10-17 02:02:55,40.0,24.7,6.12,2.22,0.0,0.0,0.0,32.2,0.0,spring,False,False,False,False,False,0.0,0.0
2024-10-17 02:32:55,38.8,20.6,6.13,2.2,0.0,0.0,0.0,32.2,0.0,spring,False,False,False,False,False,0.0,0.0
2024-10-17 03:02:55,37.5,25.3,6.12,2.21,0.0,0.0,0.0,32.2,0.0,spring,False,False,False,False,False,0.0,0.0
2024-10-17 03:32:55,37.3,25.8,6.1,2.17,0.0,0.0,0.0,32.2,0.0,spring,False,False,False,False,False,0.0,0.0
2024-10-17 04:02:55,37.3,19.6,6.11,2.26,0.0,0.0,0.0,32.2,0.0,spring,False,False,False,False,False,0.0,0.0
2024-10-17 04:32:55,36.4,24.0,6.1,2.34,0.0,0.0,0.0,32.2,0.0,spring,False,False,False,False,False,0.0,0.0
2024-10-17 05:02:55,35.4,19.2,6.12,2.28,0.0,0.0,0.0,32.2,0.0,spring,False,False,False,False,False,0.0,0.0
2024-10-17 05:32:55,34.5,22.4,6.1,2.29,0.0,0.0,0.0,29.3,32.2,spring,True,True,False,False,False,0.0,16.7
2024-10-17 06:02:55,42.6,17.9,6.05,2.27,0.0,0.0,0.0,29.3,0.0,spring,False,False,False,False,False,0.0,0.0
2024-10-17 06:32:55,42.2,20.7,6.12,2.23,0.0,0.0,0.0,29.3,0.0,spring,False,False,False,False,False,0.0,0.0
2024-10-17 07:02:55,40.6,18.7,6.09,2.17,0.0,0.0,0.0,29.3,0.0,spring,False,False,False,False,False,0.0,0.0
2024-10-17 07:32:55,39.2,21.4,6.01,2.13,0.0,0.0,0.0,29.3,0.0,spring,False,False,False,False,False,0.0,0.0
2024-10-17 08:02:55,38.8,24.3,6.0,2.17,0.0,0.0,0.0,29.3,0.0,spring,False,False,False,False,False,0.0,0.0
2024-10-17 08:32:55,38.4,27.4,6.01,2.23,0.0,0.0,0.0,29.3,0.0,spring,False,False,False,False,False,0.0,0.0
2024-10-17 09:02:55,37.3,22.8,6.04,2.2,0.0,0.0,0.0,29.3,0.0,spring,False,False,False,False,False,0.0,0.0
2024-10-17 09:32:55,36.9,24.6,6.02,2.26,0.0,0.0,0.0,29.3,0.0,spring,False,False,False,False,False,0.0,0.0
2024-10-17 10:02:55,36.0,23.1,5.95,2.3,0.0,0.0,0.0,29.3,0.0,spring,False,False,False,False,False,0.0,0.0
2024-10-17 10:32:55,36.0,22.5,6.02,2.27,0.0,0.0,0.0,29.3,0.0,spring,False,False,False,False,False,0.0,0.0
2024-10-17 11:02:55,34.1,21.1,6.04,2.21,0.0,0.0,0.0,26.5,57.0,spring,True,True,False,False,False,0.0,17.4
2024-10-17 11:32:55,42.8,15.8,5.95,2.2,0.0,0.0,0.0,26.5,0.0,spring,False,False,False,False,False,0.0,0.0
2024-10-17 12:02:55,42.6,19.8,5.92,2.2,0.0,0.0,0.0,26.5,0.0,spring,False,False,False,False,False,0.0,0.0
2024-10-17 12:32:55,42.4,21.4,5.86,2.23,0.0,0.0,0.0,26.5,0.0,spring,False,False,False,False,False,0.0,0.0
2024-10-17 13:02:55,40.7,19.2,5.86,2.24,0.0,0.0,0.0,26.5,0.0,spring,False,False,False,False,False,0.0,0.0
2024-10-17 13:32:55,39.8,23.0,5.92,2.24,0.0,0.0,0.0,26.5,0.0,spring,False,False,False,False,False,0.0,0.0
2024-10-17 14:02:55,38.6,18.6,5.93,2.13,0.0,0.0,0.0,26.5,0.0,spring,False,False,False,False,False,0.0,0.0
2024-10-17 14:32:55,37.2,27.8,5.89,2.17,0.0,0.0,0.0,26.5,0.0,spring,False,False,False,False,False,0.0,0.0
2024-10-17 15:02:55,35.3,24.1,6.02,2.15,0.0,0.0,0.0,26.5,0.0,spring,False,False,False,False,False,0.0,0.0
2024-10-17 15:32:55,34.5,21.5,5.98,2.16,0.0,0.0,0.0,25.0,48.9,spring,True,True,False,False,False,0.0,19.5
2024-10-17 16:02:55,42.1,17.9,5.95,2.16,0.0,0.0,0.0,25.0,0.0,spring,False,False,False,False,False,0.0,0.0
2024-10-17 16:32:55,40.9,17.3,5.9,2.19,0.0,0.0,0.0,25.0,0.0,spring,False,False,False,False,False,0.0,0.0
2024-10-17 17:02:55,39.8,19.0,5.84,2.13,0.0,0.0,0.0,25.0,0.0,spring,False,False,False,False,False,0.0,0.0
2024-10-17 17:32:55,38.2,17.8,5.84,2.13,0.0,0.0,0.0,25.0,0.0,spring,False,False,False,False,False,0.0,0.0
2024-10-17 18:02:55,36.3,27.3,5.78,2.14,0.0,0.0,0.0,25.0,0.0,spring,False,False,False,False,False,0.0,0.0
2024-10-17 18:32:55,35.4,22.0,5.76,2.2,0.0,0.0,0.0,25.0,0.0,spring,False,False,False,False,False,0.0,0.0
2024-10-17 19:02:55,34.0,12.0,5.83,2.18,0.0,0.0,0.0,23.6,23.5,spring,True,True,False,False,False,0.0,16.0
2024-10-17 19:32:55,43.1,25.4,5.87,2.08,0.0,0.0,0.0,23.6,0.0,spring,False,False,False,False,False,0.0,0.0
2024-10-17 20:02:55,41.4,20.2,5.87,2.09,0.0,0.0,0.0,23.6,0.0,spring,False,False,False,False,False,0.0,0.0
2024-10-17 20:32:55,40.6,18.3,5.95,2.15,0.0,0.0,0.0,23.6,0.0,spring,False,False,False,False,False,0.0,0.0
2024-10-17 21:02:55,40.2,24.6,5.95,2.18,0.0,0.0,0.0,23.6,0.0,spring,False,False,False,False,False,0.0,0.0
2024-10-17 21:32:55,39.7,23.4,5.94,2.11,0.0,0.0,0.0,23.6,0.0,spring,False,False,False,False,False,0.0,0.0
2024-10-17 22:02:55,38.8,26.4,6.02,2.1,0.0,0.0,0.0,23.6,0.0,spring,False,False,False,False,False,0.0,0.0
2024-10-17 22:32:55,38.1,20.9,6.09,2.09,0.0,0.0,0.0,23.6,0.0,spring,False,False,False,False,False,0.0,0.0
2024-10-17 23:02:55,38.1,25.5,6.12,2.11,0.0,0.0,0.0,23.6,0.0,spring,False,False,False,False,False,0.0,0.0
2024-10-17 23:32:55,37.8,29.7,6.2,2.05,0.0,0.0,0.0,23.6,0.0,spring,False,False,False,False,False,0.0,0.0
2024-10-18 00:02:55,35.9,17.5,6.16,2.07,0.0,0.0,0.0,23.6,0.0,spring,False,False,False,False,False,0.0,0.0
2024-10-18 00:32:55,35.0,26.2,6.23,2.0,0.0,0.0,0.0,23.6,0.0,spring,False,False,False,False,False,0.0,0.0
2024-10-18 01:02:55,34.2,19.6,6.22,1.98,0.0,0.0,0.0,20.8,36.6,spring,True,True,False,False,False,0.0,11.2
2024-10-18 01:32:55,40.1,25.3,6.09,1.83,0.0,0.0,0.0,20.8,0.0,spring,False,False,False,False,False,0.0,0.0
2024-10-18 02:02:55,38.4,21.4,6.14,1.78,0.0,0.0,0.0,20.8,0.0,spring,False,False,False,False,False,0.0,0.0
2024-10-18 02:32:55,36.5,19.3,6.1,1.77,0.0,0.0,0.0,20.8,0.0,spring,False,False,False,False,False,0.0,0.0
2024-10-18 03:02:55,34.7,14.7,6.1,1.8,0.0,0.0,0.0,19.5,30.5,spring,True,True,False,False,False,0.0,15.8
2024-10-18 03:32:55,41.3,19.2,6.06,1.84,0.0,0.0,0.0,30.0,0.0,spring,False,False,False,True,False,0.0,0.0
2024-10-18 04:02:55,41.1,13.7,6.12,1.87,0.0,0.0,0.0,30.0,0.0,spring,False,False,False,False,False,0.0,0.0
2024-10-18 04:32:55,40.6,23.2,6.09,1.9,0.0,0.0,0.0,30.0,0.0,spring,False,False,False,False,False,0.0,0.0
2024-10-18 05:02:55,40.0,16.2,6.1,1.96,0.0,0.0,0.0,30.0,0.0,spring,False,False,False,False,False,0.0,0.0
2024-10-18 05:32:55,38.3,25.6,6.07,1.97,0.0,0.0,0.0,30.0,0.0,spring,False,False,False,False,False,0.0,0.0
2024-10-18 06:02:55,37.6,23.8,6.1,1.97,0.0,0.0,0.0,30.0,0.0,spring,False,False,False,False,False,0.0,0.0
2024-10-18 06:32:55,36.8,17.3,6.0,1.85,0.0,0.0,0.0,30.0,0.0,spring,False,False,False,False,False,0.0,0.0
2024-10-18 07:02:55,36.7,23.1,6.02,1.91,0.0,0.0,0.0,30.0,0.0,spring,False,False,False,False,False,0.0,0.0
2024-10-18 07:32:55,35.2,20.2,6.0,2.03,0.0,0.0,0.0,30.0,0.0,spring,False,False,False,False,False,0.0,0.0
2024-10-18 08:02:55,33.3,16.8,5.92,2.04,0.0,0.0,0.0,28.7,48.6,spring,True,True,False,False,False,0.0,21.3
2024-10-18 08:32:55,40.4,19.2,5.97,2.08,0.0,0.0,0.0,28.7,0.0,spring,False,False,False,False,False,0.0,0.0
2024-10-18 09:02:55,39.2,26.1,5.99,2.09,0.0,0.0,0.0,28.7,0.0,spring,False,False,False,False,False,0.0,0.0
2024-10-18 09:32:55,38.4,24.2,6.01,2.13,0.0,0.0,0.0,28.7,0.0,spring,False,False,False,False,False,0.0,0.0
2024-10-18 10:02:55,37.1,20.9,5.89,2.08,0.0,0.0,0.0,28.7,0.0,spring,False,False,False,False,False,0.0,0.0
2024-10-18 10:32:55,37.0,19.8,6.0,2.06,0.0,0.0,0.0,28.7,0.0,spring,False,False,False,False,False,0.0,0.0
2024-10-18 11:02:55,35.8,22.3,5.96,2.16,0.0,0.0,0.0,28.7,0.0,spring,False,False,False,False,False,0.0,0.0
2024-10-18 11:32:55,33.9,18.8,6.0,2.01,0.0,0.0,0.0,26.9,21.8,spring,True,True,False,False,False,0.0,19.6
2024-10-18 12:02:55,39.0,17.4,5.99,2.03,0.0,0.0,0.0,26.9,0.0,spring,False,False,False,False,False,0.0,0.0
2024-10-18 12:32:55,39.0,18.3,6.04,1.98,0.0,0.0,0.0,26.9,0.0,spring,False,False,False,False,False,0.0,0.0
2024-10-18 13:02:55,38.0,21.3,6.01,1.93,0.0,0.0,0.0,26.9,0.0,spring,False,False,False,False,False,0.0,0.0
2024-10-18 13:32:55,36.9,26.7,6.0,1.96,0.0,0.0,0.0,26.9,0.0,spring,False,False,False,False,False,0.0,0.0
2024-10-18 14:02:55,36.6,28.6,5.95,1.98,0.0,0.0,0.0,26.9,0.0,spring,False,False,False,False,False,0.0,0.0
2024-10-18 14:32:55,36.0,23.6,5.97,2.11,0.0,0.0,0.0,26.9,0.0,spring,False,False,False,False,False,0.0,0.0
2024-10-18 15:02:55,35.4,12.9,5.91,2.02,0.0,0.0,0.0,26.9,0.0,spring,False,False,False,False,False,0.0,0.0
2024-10-18 15:32:55,35.2,15.6,5.95,1.98,0.0,0.0,0.0,26.9,0.0,spring,False,False,False,False,False,0.0,0.0
2024-10-18 16:02:55,34.3,14.9,5.98,1.9,0.0,0.0,0.0,24.7,33.4,spring,True,True,False,False,False,0.0,16.7
2024-10-18 16:32:55,40.5,18.9,5.98,1.89,0.0,0.0,0.0,24.7,0.0,spring,False,False,False,False,False,0.0,0.0
2024-10-18 17:02:55,39.2,27.1,6.11,1.87,0.0,0.0,0.0,24.7,0.0,spring,False,False,False,False,False,0.0,0.0
2024-10-18 17:32:55,37.5,17.1,6.03,1.85,0.0,0.0,0.0,24.7,0.0,spring,False,False,False,False,False,0.0,0.0
2024-10-18 18:02:55,37.4,20.3,6.05,1.8,0.0,0.0,0.0,24.7,0.0,spring,False,False,False,False,False,0.0,0.0
2024-10-18 18:32:55,37.0,21.3,6.05,1.83,0.0,0.0,0.0,24.7,0.0,spring,False,False,False,False,False,0.0,0.0
2024-10-18 19:02:55,35.2,16.8,6.09,1.79,0.0,0.0,0.0,24.7,0.0,spring,False,False,False,False,False,0.0,0.0
2024-10-18 19:32:55,34.9,18.7,6.06,1.82,0.0,0.0,0.0,23.2,21.6,spring,True,True,False,False,False,0.0,21.5
2024-10-18 20:02:55,41.3,21.2,6.04,1.77,0.0,0.0,0.0,23.2,0.0,spring,False,False,False,False,False,0.0,0.0
2024-10-18 20:32:55,39.3,22.0,6.02,1.76,0.0,0.0,0.0,23.2,0.0,spring,False,False,False,False,False,0.0,0.0
2024-10-18 21:02:55,38.3,26.9,6.12,1.64,0.0,0.0,0.0,23.2,0.0,spring,False,False,False,False,False,0.0,0.0
2024-10-18 21:32:55,36.5,18.6,6.13,1.69,0.0,0.0,0.0,23.2,0.0,spring,False,False,False,False,False,0.0,0.0
2024-10-18 22:02:55,35.8,23.6,6.03,1.73,0.0,0.0,0.0,23.2,0.0,spring,False,False,False,False,False,0.0,0.0
2024-10-18 22:32:55,34.8,20.6,6.15,1.66,0.0,0.0,0.0,21.6,47.1,spring,True,True,False,False,False,0.0,14.8
2024-10-18 23:02:55,39.2,24.7,6.17,1.61,0.0,0.0,0.0,21.6,0.0,spring,False,False,False,False,False,0.0,0.0
2024-10-18 23:32:55,38.2,27.4,6.17,1.64,0.0,0.0,0.0,21.6,0.0,spring,False,False,False,False,False,0.0,0.0
2024-10-19 00:02:55,36.3,21.7,6.16,1.61,0.0,0.0,0.0,21.6,0.0,spring,False,False,False,False,False,0.0,0.0
2024-10-19 00:32:55,36.0,16.3,6.11,1.59,0.0,0.0,0.0,21.6,0.0,spring,False,False,False,False,False,0.0,0.0
2024-10-19 01:02:55,35.2,25.7,5.99,1.59,0.0,0.0,0.0,21.6,0.0,spring,False,False,False,False,False,0.0,0.0
2024-10-19 01:32:55,33.7,26.9,6.06,1.62,0.0,0.0,0.0,19.8,20.3,spring,True,True,False,False,False,0.0,12.0
2024-10-19 02:02:55,37.7,16.6,6.04,1.7,0.0,0.0,0.0,26.4,0.0,spring,False,False,False,True,False,0.0,0.0
2024-10-19 02:32:55,37.6,24.8,6.0,1.7,0.0,0.0,0.0,26.4,0.0,spring,False,False,False,False,False,0.0,0.0
2024-10-19 03:02:55,36.5,29.0,5.98,1.68,0.0,0.0,0.0,26.4,0.0,spring,False,False,False,False,False,0.0,0.0
2024-10-19 03:32:55,36.2,19.5,5.93,1.69,0.0,0.0,0.0,26.4,0.0,spring,False,False,False,False,False,0.0,0.0
2024-10-19 04:02:55,34.3,23.4,5.85,1.63,0.0,0.0,0.0,23.8,54.1,spring,True,True,False,False,False,0.0,22.6
2024-10-19 04:32:55,42.9,13.6,5.83,1.63,0.0,0.0,0.0,23.8,0.0,spring,False,False,False,False,False,0.0,0.0
2024-10-19 05:02:55,42.6,18.8,5.85,1.62,0.0,0.0,0.0,23.8,0.0,spring,False,False,False,False,False,0.0,0.0
2024-10-19 05:32:55,42.4,16.8,5.86,1.66,0.0,0.0,0.0,23.8,0.0,spring,False,False,False,False,False,0.0,0.0
2024-10-19 06:02:55,41.4,17.2,5.89,1.66,0.0,0.0,0.0,23.8,0.0,spring,False,False,False,False,False,0.0,0.0
2024-10-19 06:32:55,39.9,24.0,5.86,1.73,0.0,0.0,0.0,23.8,0.0,spring,False,False,False,False,False,0.0,0.0
2024-10-19 07:02:55,38.6,22.7,5.9,1.8,0.0,0.0,0.0,23.8,0.0,spring,False,False,False,False,False,0.0,0.0
2024-10-19 07:32:55,38.3,22.7,5.86,1.8,0.0,0.0,0.0,23.8,0.0,spring,False,False,False,False,False,0.0,0.0
2024-10-19 08:02:55,37.6,18.3,5.78,1.8,0.0,0.0,0.0,23.8,0.0,spring,False,False,False,False,False,0.0,0.0
2024-10-19 08:32:55,35.8,15.2,5.71,1.85,0.0,0.0,0.0,23.8,0.0,spring,False,False,False,False,False,0.0,0.0
2024-10-19 09:02:55,34.0,27.2,5.68,1.88,0.0,0.0,0.0,21.5,24.4,spring,True,True,False,False,False,0.0,22.1
2024-10-19 09:32:55,42.1,19.3,5.71,1.84,0.0,0.0,0.0,21.5,0.0,spring,False,False,False,False,False,0.0,0.0
2024-10-19 10:02:55,40.5,18.4,5.68,1.9,0.0,0.0,0.0,21.5,0.0,spring,False,False,False,False,False,0.0,0.0
2024-10-19 10:32:55,39.0,20.4,5.69,1.79,0.0,0.0,0.0,21.5,0.0,spring,False,False,False,False,False,0.0,0.0
2024-10-19 11:02:55,37.1,21.5,5.68,1.71,0.0,0.0,0.0,21.5,0.0,spring,False,False,False,False,False,0.0,0.0
2024-10-19 11:32:55,35.3,21.4,5.72,1.77,0.0,0.0,0.0,21.5,0.0,spring,False,False,False,False,False,0.0,0.0
2024-10-19 12:02:55,33.4,18.8,5.83,1.7,0.0,0.0,0.0,20.3,33.3,spring,True,True,False,False,False,0.0,12.2
2024-10-19 12:32:55,43.2,24.5,5.85,1.67,0.0,0.0,0.0,20.3,0.0,spring,False,False,False,False,False,0.0,0.0
2024-10-19 13:02:55,43.2,28.0,5.84,1.57,0.0,0.0,0.0,20.3,0.0,spring,False,False,False,False,False,0.0,0.0
2024-10-19 13:32:55,41.3,24.5,5.82,1.6,0.0,0.0,0.0,20.3,0.0,spring,False,False,False,False,False,0.0,0.0
2024-10-19 14:02:55,39.9,25.0,5.79,1.62,0.0,0.0,0.0,20.3,0.0,spring,False,False,False,False,False,0.0,0.0
2024-10-19 14:32:55,39.1,22.9,5.86,1.61,0.0,0.0,0.0,20.3,0.0,spring,False,False,False,False,False,0.0,0.0
2024-10-19 15:02:55,37.4,24.3,5.89,1.63,0.0,0.0,0.0,20.3,0.0,spring,False,False,False,False,False,0.0,0.0
2024-10-19 15:32:55,36.1,19.6,6.0,1.64,0.0,0.0,0.0,20.3,0.0,spring,False,False,False,False,False,0.0,0.0
2024-10-19 16:02:55,35.4,29.2,5.97,1.53,0.0,0.0,0.0,20.3,0.0,spring,False,False,False,False,False,0.0,0.0
2024-10-19 16:32:55,34.3,17.0,6.04,1.65,0.0,0.0,0.0,17.7,44.7,spring,True,True,False,False,False,0.0,12.6
2024-10-19 17:02:55,42.6,26.8,6.03,1.68,0.0,0.0,0.0,29.5,0.0,spring,False,False,False,True,False,0.0,0.0
2024-10-19 17:32:55,41.0,20.7,6.04,1.64,0.0,0.0,0.0,29.5,0.0,spring,False,False,False,False,False,0.0,0.0
2024-10-19 18:02:55,40.4,25.6,5.98,1.61,0.0,0.0,0.0,29.5,0.0,spring,False,False,False,False,False,0.0,0.0
2024-10-19 18:32:55,39.4,24.1,5.92,1.7,0.0,0.0,0.0,29.5,0.0,spring,False,False,False,False,False,0.0,0.0
2024-10-19 19:02:55,38.9,22.2,5.88,1.75,0.0,0.0,0.0,29.5,0.0,spring,False,False,False,False,False,0.0,0.0
2024-10-19 19:32:55,37.7,26.9,5.82,1.75,0.0,0.0,0.0,29.5,0.0,spring,False,False,False,False,False,0.0,0.0
2024-10-19 20:02:55,37.4,35.3,5.82,1.75,0.0,0.0,0.0,27.7,41.7,spring,True,True,False,False,False,0.0,11.2
2024-10-19 20:32:55,42.1,27.6,5.78,1.9,0.0,0.0,0.0,27.7,0.0,spring,False,False,False,False,False,0.0,0.0
2024-10-19 21:02:55,41.4,18.5,5.79,2.0,0.0,0.0,0.0,27.7,0.0,spring,False,False,False,False,False,0.0,0.0
2024-10-19 21:32:55,40.3,21.8,5.81,2.02,0.0,0.0,0.0,27.7,0.0,spring,False,False,False,False,False,0.0,0.0
2024-10-19 22:02:55,40.1,23.1,5.8,2.03,0.0,0.0,0.0,27.7,0.0,spring,False,False,False,False,False,0.0,0.0
2024-10-19 22:32:55,38.5,28.0,5.84,2.0,0.0,0.0,0.0,27.7,0.0,spring,False,False,False,False,False,0.0,0.0
2024-10-19 23:02:55,37.9,25.1,5.83,2.02,0.0,0.0,0.0,27.7,0.0,spring,False,False,False,False,False,0.0,0.0
2024-10-19 23:32:55,37.6,22.8,5.83,2.08,0.0,0.0,0.0,27.7,0.0,spring,False,False,False,False,False,0.0,0.0
2024-10-20 00:02:55,36.1,19.5,5.74,2.02,0.0,0.0,0.0,27.7,0.0,spring,False,False,False,False,False,0.0,0.0
2024-10-20 00:32:55,34.5,21.6,5.73,1.95,0.0,0.0,0.0,25.2,45.8,spring,True,True,False,False,False,0.0,17.4
2024-10-20 01:02:55,43.3,21.5,5.74,2.0,0.0,0.0,0.0,25.2,0.0,spring,False,False,False,False,False,0.0,0.0
2024-10-20 01:32:55,42.7,20.2,5.71,2.04,0.0,0.0,0.0,25.2,0.0,spring,False,False,False,False,False,0.0,0.0
2024-10-20 02:02:55,41.6,14.7,5.7,2.0,0.0,0.0,0.0,25.2,0.0,spring,False,False,False,False,False,0.0,0.0
2024-10-20 02:32:55,40.7,28.1,5.66,1.91,0.0,0.0,0.0,25.2,0.0,spring,False,False,False,False,False,0.0,0.0
2024-10-20 03:02:55,39.2,20.0,5.62,1.92,0.0,0.0,0.0,25.2,0.0,spring,False,False,False,False,False,0.0,0.0
2024-10-20 03:32:55,39.1,33.3,5.62,1.92,0.0,0.0,0.0,22.6,29.4,spring,True,True,False,False,False,0.0,18.9
2024-10-20 04:02:55,46.7,23.4,5.57,1.97,0.0,0.0,0.0,22.6,0.0,spring,False,False,False,False,False,0.0,0.0
2024-10-20 04:32:55,45.0,22.4,5.65,1.9,0.0,0.0,0.0,22.6,0.0,spring,False,False,False,False,False,0.0,0.0
2024-10-20 05:02:55,43.8,19.4,5.59,1.97,0.0,0.0,0.0,22.6,0.0,spring,False,False,False,False,False,0.0,0.0
2024-10-20 05:32:55,43.7,22.7,5.61,2.02,0.0,0.0,0.0,22.6,0.0,spring,False,False,False,False,False,0.0,0.0
2024-10-20 06:02:55,42.3,24.9,5.56,1.96,0.0,0.0,0.0,22.6,0.0,spring,False,False,False,False,False,0.0,0.0
2024-10-20 06:32:55,42.0,27.9,5.66,1.96,0.0,0.0,0.0,22.6,0.0,spring,False,False,False,False,False,0.0,0.0
2024-10-20 07:02:55,41.7,19.0,5.8,1.87,0.0,0.0,0.0,22.6,0.0,spring,False,False,False,False,False,0.0,0.0
2024-10-20 07:32:55,41.0,18.6,5.78,1.88,0.0,0.0,0.0,22.6,0.0,spring,False,False,False,False,False,0.0,0.0
2024-10-20 08:02:55,39.5,23.6,5.83,1.91,0.0,0.0,0.0,22.6,0.0,spring,False,False,False,False,False,0.0,0.0
2024-10-20 08:32:55,37.7,17.2,5.81,1.97,0.0,0.0,0.0,22.6,0.0,spring,False,False,False,False,False,0.0,0.0
2024-10-20 09:02:55,37.7,18.9,5.78,2.0,0.0,0.0,0.0,22.6,0.0,spring,False,False,False,False,False,0.0,0.0
2024-10-20 09:32:55,37.4,32.1,5.83,2.0,0.0,0.0,0.0,21.1,52.3,spring,True,True,False,False,False,0.0,23.8
2024-10-20 10:02:55,47.3,16.7,5.78,2.01,0.0,0.0,0.0,21.1,0.0,spring,False,False,False,False,False,0.0,0.0
2024-10-20 10:32:55,46.2,22.6,5.82,2.01,0.0,0.0,0.0,21.1,0.0,spring,False,False,False,False,False,0.0,0.0
2024-10-20 11:02:55,45.7,19.1,5.79,2.06,0.0,0.0,0.0,21.1,0.0,spring,False,False,False,False,False,0.0,0.0
2024-10-20 11:32:55,45.3,22.1,5.79,2.1,0.0,0.0,0.0,21.1,0.0,spring,False,False,False,False,False,0.0,0.0
2024-10-20 12:02:55,43.4,29.2,5.76,2.09,0.0,0.0,0.0,21.1,0.0,spring,False,False,False,False,False,0.0,0.0
2024-10-20 12:32:55,43.2,17.4,5.86,2.07,0.0,0.0,0.0,21.1,0.0,spring,False,False,False,False,False,0.0,0.0
2024-10-20 13:02:55,42.4,27.6,5.9,2.15,0.0,0.0,0.0,21.1,0.0,spring,False,False,False,False,False,0.0,0.0
2024-10-20 13:32:55,40.5,25.6,5.93,2.13,0.0,0.0,0.0,21.1,0.0,spring,False,False,False,False,False,0.0,0.0
2024-10-20 14:02:55,39.1,23.5,5.92,2.21,0.0,0.0,0.0,21.1,0.0,spring,False,False,False,False,False,0.0,0.0
2024-10-20 14:32:55,37.2,14.7,5.94,2.18,0.0,0.0,0.0,21.1,0.0,spring,False,False,False,False,False,0.0,0.0
2024-10-20 15:02:55,35.5,23.7,5.95,2.14,0.0,0.0,0.0,21.1,0.0,spring,False,False,False,False,False,0.0,0.0
2024-10-20 15:32:55,34.5,12.3,5.98,2.14,0.0,0.0,0.0,19.9,49.8,spring,True,True,False,False,False,0.0,17.4
2024-10-20 16:02:55,39.5,23.7,5.91,2.25,0.0,0.0,0.0,28.3,0.0,spring,False,False,False,True,False,0.0,0.0
2024-10-20 16:32:55,39.0,19.9,5.86,2.17,0.0,0.0,0.0,28.3,0.0,spring,False,False,False,False,False,0.0,0.0
2024-10-20 17:02:55,38.5,26.3,5.8,2.19,0.0,0.0,0.0,28.3,0.0,spring,False,False,False,False,False,0.0,0.0
2024-10-20 17:32:55,36.8,21.5,5.8,2.17,0.0,0.0,0.0,28.3,0.0,spring,False,False,False,False,False,0.0,0.0
2024-10-20 18:02:55,35.5,17.0,5.79,2.19,0.0,0.0,0.0,28.3,0.0,spring,False,False,False,False,False,0.0,0.0
2024-10-20 18:32:55,35.3,15.5,5.72,2.25,0.0,0.0,0.0,28.3,0.0,spring,False,False,False,False,False,0.0,0.0
2024-10-20 19:02:55,35.2,16.8,5.75,2.24,0.0,0.0,0.0,28.3,0.0,spring,False,False,False,False,False,0.0,0.0
2024-10-20 19:32:55,33.4,27.0,5.69,2.24,0.0,0.0,0.0,25.8,56.3,spring,True,True,False,False,False,0.0,18.8
2024-10-20 20:02:55,37.6,30.0,5.71,2.33,0.0,0.0,0.0,23.2,47.2,spring,True,True,False,False,False,0.0,20.3
2024-10-20 20:32:55,44.1,26.3,5.76,2.33,0.0,0.0,0.0,23.2,0.0,spring,False,False,False,False,False,0.0,0.0
2024-10-20 21:02:55,43.0,23.0,5.73,2.43,0.0,0.0,0.0,23.2,0.0,spring,False,False,False,False,False,0.0,0.0
2024-10-20 21:32:55,42.6,20.8,5.69,2.45,0.0,0.0,0.0,23.2,0.0,spring,False,False,False,False,False,0.0,0.0
2024-10-20 22:02:55,40.7,23.0,5.64,2.47,0.0,0.0,0.0,23.2,0.0,spring,False,False,False,False,False,0.0,0.0
2024-10-20 22:32:55,40.6,19.8,5.57,2.37,0.0,0.0,0.0,23.2,0.0,spring,False,False,False,False,False,0.0,0.0
2024-10-20 23:02:55,40.0,21.7,5.66,2.4,0.0,0.0,0.0,23.2,0.0,spring,False,False,False,False,False,0.0,0.0
2024-10-20 23:32:55,39.3,23.0,5.66,2.51,0.0,0.0,0.0,23.2,0.0,spring,False,False,False,False,False,0.0,0.0
2024-10-21 00:02:55,37.9,19.8,5.6,2.53,0.0,0.0,0.0,23.2,0.0,spring,False,False,False,False,False,0.0,0.0
2024-10-21 00:32:55,37.1,28.3,5.65,2.47,0.0,0.0,0.0,23.2,0.0,spring,False,False,False,False,False,0.0,0.0
2024-10-21 01:02:55,35.3,21.3,5.66,2.44,0.0,0.0,0.0,23.2,0.0,spring,False,False,False,False,False,0.0,0.0
2024-10-21 01:32:55,35.0,19.3,5.73,2.42,0.0,0.0,0.0,20.8,58.6,spring,True,True,False,False,False,0.0,13.3
2024-10-21 02:02:55,43.8,26.7,5.63,2.48,0.0,0.0,0.0,20.8,0.0,spring,False,False,False,False,False,0.0,0.0
2024-10-21 02:32:55,43.1,25.1,5.63,2.55,0.0,0.0,0.0,20.8,0.0,spring,False,False,False,False,False,0.0,0.0
2024-10-21 03:02:55,42.0,18.5,5.61,2.55,0.0,0.0,0.0,20.8,0.0,spring,False,False,False,False,False,0.0,0.0
2024-10-21 03:32:55,41.3,19.5,5.6,2.56,0.0,0.0,0.0,20.8,0.0,spring,False,False,False,False,False,0.0,0.0
2024-10-21 04:02:55,40.1,24.7,5.59,2.57,0.0,0.0,0.0,20.8,0.0,spring,False,False,False,False,False,0.0,0.0
2024-10-21 04:32:55,39.9,20.2,5.57,2.57,0.0,0.0,0.0,20.8,0.0,spring,False,False,False,False,False,0.0,0.0
2024-10-21 05:02:55,39.0,21.9,5.7,2.63,0.0,0.0,0.0,20.8,0.0,spring,False,False,False,False,False,0.0,0.0
2024-10-21 05:32:55,37.0,20.3,5.76,2.64,0.0,0.0,0.0,20.8,0.0,spring,False,False,False,False,False,0.0,0.0
2024-10-21 06:02:55,35.2,25.7,5.75,2.64,0.0,0.0,0.0,20.8,0.0,spring,False,False,False,False,False,0.0,0.0
2024-10-21 06:32:55,33.2,14.9,5.77,2.54,0.0,0.0,0.0,18.2,25.6,spring,True,True,False,False,False,0.0,18.3
2024-10-21 07:02:55,42.2,26.1,5.74,2.53,0.0,0.0,0.0,27.3,0.0,spring,False,False,False,True,False,0.0,0.0
2024-10-21 07:32:55,42.2,25.5,5.77,2.51,0.0,0.0,0.0,27.3,0.0,spring,False,False,False,False,False,0.0,0.0
2024-10-21 08:02:55,41.6,18.5,5.73,2.53,0.0,0.0,0.0,27.3,0.0,spring,False,False,False,False,False,0.0,0.0
2024-10-21 08:32:55,41.3,24.8,5.72,2.52,0.0,0.0,0.0,27.3,0.0,spring,False,False,False,False,False,0.0,0.0
2024-10-21 09:02:55,40.5,24.6,5.69,2.49,0.0,0.0,0.0,27.3,0.0,spring,False,False,False,False,False,0.0,0.0
2024-10-21 09:32:55,39.8,26.8,5.72,2.44,0.0,0.0,0.0,27.3,0.0,spring,False,False,False,False,False,0.0,0.0
2024-10-21 10:02:55,38.6,20.3,5.73,2.3,0.0,0.0,0.0,27.3,0.0,spring,False,False,False,False,False,0.0,0.0
2024-10-21 10:32:55,37.2,22.0,5.79,2.23,0.0,0.0,0.0,27.3,0.0,spring,False,False,False,False,False,0.0,0.0
2024-10-21 11:02:55,36.7,24.4,5.9,2.32,0.0,0.0,0.0,27.3,0.0,spring,False,False,False,False,False,0.0,0.0
2024-10-21 11:32:55,35.3,21.3,5.9,2.25,0.0,0.0,0.0,27.3,0.0,spring,False,False,False,False,False,0.0,0.0
2024-10-21 12:02:55,35.2,24.2,5.9,2.26,0.0,0.0,0.0,27.3,0.0,spring,False,False,False,False,False,0.0,0.0
2024-10-21 12:32:55,34.4,22.7,5.87,2.35,0.0,0.0,0.0,25.1,33.5,spring,True,True,False,False,False,0.0,10.2
2024-10-21 13:02:55,40.8,23.6,5.88,2.28,0.0,0.0,0.0,25.1,0.0,spring,False,False,False,False,False,0.0,0.0
2024-10-21 13:32:55,40.4,17.1,5.85,2.27,0.0,0.0,0.0,25.1,0.0,spring,False,False,False,False,False,0.0,0.0
2024-10-21 14:02:55,40.2,20.7,5.87,2.27,0.0,0.0,0.0,25.1,0.0,spring,False,False,False,False,False,0.0,0.0
2024-10-21 14:32:55,38.6,26.1,5.92,2.19,0.0,0.0,0.0,25.1,0.0,spring,False,False,False,False,False,0.0,0.0
2024-10-21 15:02:55,37.1,19.9,5.99,2.23,0.0,0.0,0.0,25.1,0.0,spring,False,False,False,False,False,0.0,0.0
2024-10-21 15:32:55,36.0,23.5,6.0,2.29,0.0,0.0,0.0,25.1,0.0,spring,False,False,False,False,False,0.0,0.0
2024-10-21 16:02:55,35.3,21.5,5.99,2.22,0.0,0.0,0.0,25.1,0.0,spring,False,False,False,False,False,0.0,0.0
2024-10-21 16:32:55,34.2,27.8,5.95,2.28,0.0,0.0,0.0,23.2,23.3,spring,True,True,False,False,False,0.0,21.8
2024-10-21 17:02:55,42.0,14.2,5.98,2.33,0.0,0.0,0.0,23.2,0.0,spring,False,False,False,False,False,0.0,0.0
2024-10-21 17:32:55,42.0,25.0,5.95,2.35,0.0,0.0,0.0,23.2,0.0,spring,False,False,False,False,False,0.0,0.0
2024-10-21 18:02:55,40.5,27.1,5.93,2.38,0.0,0.0,0.0,23.2,0.0,spring,False,False,False,False,False,0.0,0.0
2024-10-21 18:32:55,40.3,20.8,5.93,2.37,0.0,0.0,0.0,23.2,0.0,spring,False,False,False,False,False,0.0,0.0
2024-10-21 19:02:55,38.9,22.2,6.01,2.27,0.0,0.0,0.0,23.2,0.0,spring,False,False,False,False,False,0.0,0.0
2024-10-21 19:32:55,37.4,23.7,5.96,2.29,0.0,0.0,0.0,23.2,0.0,spring,False,False,False,False,False,0.0,0.0
2024-10-21 20:02:55,36.5,19.3,5.95,2.28,0.0,0.0,0.0,23.2,0.0,spring,False,False,False,False,False,0.0,0.0
2024-10-21 20:32:55,34.9,25.0,6.01,2.32,0.0,0.0,0.0,21.1,33.8,spring,True,True,False,False,False,0.0,15.9
2024-10-21 21:02:55,39.1,18.9,5.94,2.37,0.0,0.0,0.0,21.1,0.0,spring,False,False,False,False,False,0.0,0.0
2024-10-21 21:32:55,38.5,22.6,5.96,2.43,0.0,0.0,0.0,21.1,0.0,spring,False,False,False,False,False,0.0,0.0
2024-10-21 22:02:55,36.6,21.7,6.01,2.43,0.0,0.0,0.0,21.1,0.0,spring,False,False,False,False,False,0.0,0.0
2024-10-21 22:32:55,34.9,27.8,6.05,2.45,0.0,0.0,0.0,19.9,38.7,spring,True,True,False,False,False,0.0,24.2
2024-10-21 23:02:55,42.6,21.4,6.01,2.48,0.0,0.0,0.0,33.7,0.0,spring,False,False,False,True,False,0.0,0.0
2024-10-21 23:32:55,41.5,14.7,5.98,2.49,0.0,0.0,0.0,33.7,0.0,spring,False,False,False,False,False,0.0,0.0
2024-10-22 00:02:55,40.1,21.0,5.93,2.49,0.0,0.0,0.0,33.7,0.0,spring,False,False,False,False,False,0.0,0.0
2024-10-22 00:32:55,39.9,22.0,5.9,2.52,0.0,0.0,0.0,33.7,0.0,spring,False,False,False,False,False,0.0,0.0
2024-10-22 01:02:55,38.5,28.6,5.89,2.55,0.0,0.0,0.0,33.7,0.0,spring,False,False,False,False,False,0.0,0.0
2024-10-22 01:32:55,37.9,18.3,5.88,2.6,0.0,0.0,0.0,33.7,0.0,spring,False,False,False,False,False,0.0,0.0
2024-10-22 02:02:55,36.6,29.2,5.85,2.58,0.0,0.0,0.0,33.7,0.0,spring,False,False,False,False,False,0.0,0.0
2024-10-22 02:32:55,34.7,26.5,5.86,2.57,0.0,0.0,0.0,31.2,29.4,spring,True,True,False,False,False,0.0,13.0
2024-10-22 03:02:55,39.3,20.8,5.9,2.65,0.0,0.0,0.0,31.2,0.0,spring,False,False,False,False,False,0.0,0.0
2024-10-22 03:32:55,39.2,25.5,5.82,2.62,0.0,0.0,0.0,31.2,0.0,spring,False,False,False,False,False,0.0,0.0
2024-10-22 04:02:55,38.2,26.9,5.84,2.63,0.0,0.0,0.0,31.2,0.0,spring,False,False,False,False,False,0.0,0.0
2024-10-22 04:32:55,36.5,24.7,5.87,2.57,0.0,0.0,0.0,31.2,0.0,spring,False,False,False,False,False,0.0,0.0
2024-10-22 05:02:55,35.3,25.6,5.83,2.61,0.0,0.0,0.0,31.2,0.0,spring,False,False,False,False,False,0.0,0.0
2024-10-22 05:32:55,34.6,24.7,5.79,2.65,0.0,0.0,0.0,29.4,59.8,spring,True,True,False,False,False,0.0,10.4
2024-10-22 06:02:55,43.1,17.8,5.7,2.67,0.0,0.0,0.0,29.4,0.0,spring,False,False,False,False,False,0.0,0.0
2024-10-22 06:32:55,41.9,23.8,5.67,2.6,0.0,0.0,0.0,29.4,0.0,spring,False,False,False,False,False,0.0,0.0
2024-10-22 07:02:55,41.1,27.2,5.59,2.5,0.0,0.0,0.0,29.4,0.0,spring,False,False,False,False,False,0.0,0.0
2024-10-22 07:32:55,39.2,25.0,5.5,2.47,0.0,0.0,0.0,29.4,0.0,spring,False,False,False,False,False,0.0,0.0
2024-10-22 08:02:55,37.6,18.6,5.47,2.55,0.0,0.0,0.0,29.4,0.0,spring,False,False,False,False,False,0.0,0.0
2024-10-22 08:32:55,35.7,24.6,5.53,2.55,0.0,0.0,0.0,29.4,0.0,spring,False,False,False,False,False,0.0,0.0
2024-10-22 09:02:55,35.0,20.0,5.45,2.56,0.0,0.0,0.0,29.4,0.0,spring,False,False,False,False,False,0.0,0.0
2024-10-22 09:32:55,34.4,25.1,5.36,2.52,0.0,0.0,0.0,27.3,48.3,spring,True,True,False,False,False,0.0,15.0
2024-10-22 10:02:55,41.4,22.5,5.46,2.49,0.0,0.0,0.0,27.3,0.0,spring,False,False,False,False,False,0.0,0.0
2024-10-22 10:32:55,41.2,21.2,5.52,2.54,0.0,0.0,0.0,27.3,0.0,spring,False,False,False,False,False,0.0,0.0
2024-10-22 11:02:55,40.3,21.5,5.56,2.62,0.0,0.0,0.0,27.3,0.0,spring,False,False,False,False,False,0.0,0.0
2024-10-22 11:32:55,40.1,22.6,5.6,2.57,0.0,0.0,0.0,27.3,0.0,spring,False,False,False,False,False,0.0,0.0
2024-10-22 12:02:55,39.4,27.7,5.64,2.54,0.0,0.0,0.0,27.3,0.0,spring,False,False,False,False,False,0.0,0.0
2024-10-22 12:32:55,39.1,22.2,5.62,2.44,0.0,0.0,0.0,27.3,0.0,spring,False,False,False,False,False,0.0,0.0
2024-10-22 13:02:55,37.3,16.0,5.62,2.42,0.0,0.0,0.0,27.3,0.0,spring,False,False,False,False,False,0.0,0.0
2024-10-22 13:32:55,35.7,23.9,5.6,2.38,0.0,0.0,0.0,27.3,0.0,spring,False,False,False,False,False,0.0,0.0
2024-10-22 14:02:55,35.6,19.2,5.67,2.36,0.0,0.0,0.0,27.3,0.0,spring,False,False,False,False,False,0.0,0.0
2024-10-22 14:32:55,35.3,21.3,5.73,2.34,0.0,0.0,0.0,27.3,0.0,spring,False,False,False,False,False,0.0,0.0
2024-10-22 15:02:55,33.8,22.6,5.68,2.33,0.0,0.0,0.0,25.7,28.0,spring,True,True,False,False,False,0.0,21.7
2024-10-22 15:32:55,38.6,23.4,5.63,2.34,0.0,0.0,0.0,25.7,0.0,spring,False,False,False,False,False,0.0,0.0
2024-10-22 16:02:55,37.4,24.8,5.74,2.33,0.0,0.0,0.0,25.7,0.0,spring,False,False,False,False,False,0.0,0.0
2024-10-22 16:32:55,36.4,18.4,5.81,2.32,0.0,0.0,0.0,25.7,0.0,spring,False,False,False,False,False,0.0,0.0
2024-10-22 17:02:55,35.2,19.1,5.7,2.32,0.0,0.0,0.0,25.7,0.0,spring,False,False,False,False,False,0.0,0.0
2024-10-22 17:32:55,33.3,21.5,5.73,2.37,0.0,0.0,0.0,23.0,28.9,spring,True,True,False,False,False,0.0,10.8
2024-10-22 18:02:55,40.1,19.3,5.76,2.33,0.0,0.0,0.0,23.0,0.0,spring,False,False,False,False,False,0.0,0.0
2024-10-22 18:32:55,40.1,20.8,5.76,2.33,0.0,0.0,0.0,23.0,0.0,spring,False,False,False,False,False,0.0,0.0
2024-10-22 19:02:55,39.3,20.9,5.62,2.32,0.0,0.0,0.0,23.0,0.0,spring,False,False,False,False,False,0.0,0.0
2024-10-22 19:32:55,38.0,20.9,5.64,2.28,0.0,0.0,0.0,23.0,0.0,spring,False,False,False,False,False,0.0,0.0
2024-10-22 20:02:55,38.0,27.0,5.66,2.25,0.0,0.0,0.0,23.0,0.0,spring,False,False,False,False,False,0.0,0.0
2024-10-22 20:32:55,37.3,19.2,5.62,2.31,0.0,0.0,0.0,23.0,0.0,spring,False,False,False,False,False,0.0,0.0
2024-10-22 21:02:55,37.3,18.5,5.66,2.28,0.0,0.0,0.0,23.0,0.0,spring,False,False,False,False,False,0.0,0.0
2024-10-22 21:32:55,36.4,21.8,5.69,2.32,0.0,0.0,0.0,23.0,0.0,spring,False,False,False,False,False,0.0,0.0
2024-10-22 22:02:55,34.5,19.0,5.7,2.33,0.0,0.0,0.0,21.6,55.4,spring,True,True,False,False,False,0.0,11.6
2024-10-22 22:32:55,41.3,23.7,5.69,2.3,0.0,0.0,0.0,21.6,0.0,spring,False,False,False,False,False,0.0,0.0
2024-10-22 23:02:55,40.5,23.2,5.74,2.3,0.0,0.0,0.0,21.6,0.0,spring,False,False,False,False,False,0.0,0.0
2024-10-22 23:32:55,39.0,17.4,5.7,2.33,0.0,0.0,0.0,21.6,0.0,spring,False,False,False,False,False,0.0,0.0
2024-10-23 00:02:55,37.6,26.7,5.64,2.35,0.0,0.0,0.0,21.6,0.0,spring,False,False,False,False,False,0.0,0.0
2024-10-23 00:32:55,37.3,28.8,5.66,2.31,0.0,0.0,0.0,21.6,0.0,spring,False,False,False,False,False,0.0,0.0
2024-10-23 01:02:55,35.4,23.8,5.72,2.34,0.0,0.0,0.0,21.6,0.0,spring,False,False,False,False,False,0.0,0.0
2024-10-23 01:32:55,33.9,23.7,5.7,2.33,0.0,0.0,0.0,20.1,39.3,spring,True,True,False,False,False,0.0,24.0
2024-10-23 02:02:55,39.6,21.8,5.77,2.3,0.0,0.0,0.0,20.1,0.0,spring,False,False,False,False,False,0.0,0.0
2024-10-23 02:32:55,38.1,16.4,5.74,2.36,0.0,0.0,0.0,20.1,0.0,spring,False,False,False,False,False,0.0,0.0
2024-10-23 03:02:55,36.5,23.3,5.73,2.38,0.0,0.0,0.0,20.1,0.0,spring,False,False,False,False,False,0.0,0.0
2024-10-23 03:32:55,36.3,24.4,5.7,2.37,0.0,0.0,0.0,20.1,0.0,spring,False,False,False,False,False,0.0,0.0
2024-10-23 04:02:55,35.0,26.1,5.8,2.3,0.0,0.0,0.0,17.7,39.4,spring,True,True,False,False,False,0.0,13.9
2024-10-23 04:32:55,43.0,21.2,5.83,2.36,0.0,0.0,0.0,30.8,0.0,spring,False,False,False,True,False,0.0,0.0
2024-10-23 05:02:55,41.3,19.8,5.79,2.38,0.0,0.0,0.0,30.8,0.0,spring,False,False,False,False,False,0.0,0.0
2024-10-23 05:32:55,40.1,19.6,5.89,2.33,0.0,0.0,0.0,30.8,0.0,spring,False,False,False,False,False,0.0,0.0
2024-10-23 06:02:55,39.0,16.6,5.91,2.26,0.0,0.0,0.0,30.8,0.0,spring,False,False,False,False,False,0.0,0.0
2024-10-23 06:32:55,38.5,18.1,5.98,2.21,0.0,0.0,0.0,30.8,0.0,spring,False,False,False,False,False,0.0,0.0
2024-10-23 07:02:55,38.1,23.8,6.07,2.19,0.0,0.0,0.0,30.8,0.0,spring,False,False,False,False,False,0.0,0.0
2024-10-23 07:32:55,37.4,21.7,6.06,2.15,0.0,0.0,0.0,30.8,0.0,spring,False,False,False,False,False,0.0,0.0
2024-10-23 08:02:55,35.5,28.6,6.06,2.19,0.0,0.0,0.0,30.8,0.0,spring,False,False,False,False,False,0.0,0.0
2024-10-23 08:32:55,34.3,18.7,6.07,2.12,0.0,0.0,0.0,28.3,28.3,spring,True,True,False,False,False,0.0,11.7
2024-10-23 09:02:55,40.3,15.4,6.06,2.12,0.0,0.0,0.0,28.3,0.0,spring,False,False,False,False,False,0.0,0.0
2024-10-23 09:32:55,39.2,24.8,6.03,2.11,0.0,0.0,0.0,28.3,0.0,spring,False,False,False,False,False,0.0,0.0
2024-10-23 10:02:55,38.7,24.1,6.02,2.1,0.0,0.0,0.0,28.3,0.0,spring,False,False,False,False,False,0.0,0.0
2024-10-23 10:32:55,36.9,20.4,6.03,2.07,0.0,0.0,0.0,28.3,0.0,spring,False,False,False,False,False,0.0,0.0
2024-10-23 11:02:55,35.4,24.1,5.99,2.02,0.0,0.0,0.0,28.3,0.0,spring,False,False,False,False,False,0.0,0.0
2024-10-23 11:32:55,33.5,21.4,6.0,2.03,0.0,0.0,0.0,26.8,33.1,spring,True,True,False,False,False,0.0,16.8
2024-10-23 12:02:55,41.7,18.3,5.96,1.98,0.0,0.0,0.0,26.8,0.0,spring,False,False,False,False,False,0.0,0.0
2024-10-23 12:32:55,41.5,23.6,5.93,1.96,0.0,0.0,0.0,26.8,0.0,spring,False,False,False,False,False,0.0,0.0
2024-10-23 13:02:55,39.7,29.8,5.87,2.04,0.0,0.0,0.0,26.8,0.0,spring,False,False,False,False,False,0.0,0.0
2024-10-23 13:32:55,39.4,19.4,5.93,2.0,0.0,0.0,0.0,26.8,0.0,spring,False,False,False,False,False,0.0,0.0
2024-10-23 14:02:55,37.9,28.2,5.98,2.02,0.0,0.0,0.0,26.8,0.0,spring,False,False,False,False,False,0.0,0.0
2024-10-23 14:32:55,36.0,26.0,5.93,1.94,0.0,0.0,0.0,26.8,0.0,spring,False,False,False,False,False,0.0,0.0
2024-10-23 15:02:55,35.4,21.3,5.99,1.99,0.0,0.0,0.0,26.8,0.0,spring,False,False,False,False,False,0.0,0.0
2024-10-23 15:32:55,35.1,32.3,6.02,1.99,0.0,0.0,0.0,25.2,59.7,spring,True,True,False,False,False,0.0,14.3
2024-10-23 16:02:55,44.1,30.9,5.92,1.93,0.0,0.0,0.0,23.1,40.2,spring,True,True,False,False,False,0.0,14.4
2024-10-23 16:32:55,53.4,18.5,5.92,1.96,0.0,0.0,0.0,23.1,0.0,spring,False,False,False,False,False,0.0,0.0
2024-10-23 17:02:55,52.1,15.4,5.89,1.95,0.0,0.0,0.0,23.1,0.0,spring,False,False,False,False,False,0.0,0.0
2024-10-23 17:32:55,51.4,20.6,5.94,1.95,0.0,0.0,0.0,23.1,0.0,spring,False,False,False,False,False,0.0,0.0
2024-10-23 18:02:55,50.6,19.9,6.02,1.89,0.0,0.0,0.0,23.1,0.0,spring,False,False,False,False,False,0.0,0.0
2024-10-23 18:32:55,49.5,22.2,6.06,1.77,0.0,0.0,0.0,23.1,0.0,spring,False,False,False,False,False,0.0,0.0
2024-10-23 19:02:55,48.9,22.6,5.91,1.79,0.0,0.0,0.0,23.1,0.0,spring,False,False,False,False,False,0.0,0.0
2024-10-23 19:32:55,47.2,25.7,5.88,1.83,0.0,0.0,0.0,23.1,0.0,spring,False,False,False,False,False,0.0,0.0
2024-10-23 20:02:55,46.3,19.4,5.89,1.82,0.0,0.0,0.0,23.1,0.0,spring,False,False,False,False,False,0.0,0.0
2024-10-23 20:32:55,45.3,23.7,5.96,1.84,0.0,0.0,0.0,23.1,0.0,spring,False,False,False,False,False,0.0,0.0
2024-10-23 21:02:55,43.6,19.9,5.96,1.74,0.0,0.0,0.0,23.1,0.0,spring,False,False,False,False,False,0.0,0.0
2024-10-23 21:32:55,43.3,20.9,5.91,1.79,0.0,0.0,0.0,23.1,0.0,spring,False,False,False,False,False,0.0,0.0
2024-10-23 22:02:55,42.0,19.3,5.88,1.71,0.0,0.0,0.0,23.1,0.0,spring,False,False,False,False,False,0.0,0.0
2024-10-23 22:32:55,41.1,21.2,5.82,1.74,0.0,0.0,0.0,23.1,0.0,spring,False,False,False,False,False,0.0,0.0
2024-10-23 23:02:55,39.5,20.7,5.81,1.77,0.0,0.0,0.0,23.1,0.0,spring,False,False,False,False,False,0.0,0.0
2024-10-23 23:32:55,37.8,32.3,5.86,1.73,0.0,0.0,0.0,20.6,35.2,spring,True,True,False,False,False,0.0,10.9
2024-10-24 00:02:55,47.7,21.7,5.87,1.7,0.0,0.0,0.0,20.6,0.0,spring,False,False,False,False,False,0.0,0.0
2024-10-24 00:32:55,47.1,27.8,5.81,1.68,0.0,0.0,0.0,20.6,0.0,spring,False,False,False,False,False,0.0,0.0
2024-10-24 01:02:55,45.6,30.5,5.81,1.63,0.0,0.0,0.0,18.5,22.6,spring,True,True,False,False,False,0.0,18.1
2024-10-24 01:32:55,51.9,26.2,5.8,1.62,0.0,0.0,0.0,27.4,0.0,spring,False,False,False,True,False,0.0,0.0
2024-10-24 02:02:55,51.3,27.7,5.78,1.65,0.0,0.0,0.0,27.4,0.0,spring,False,False,False,False,False,0.0,0.0
2024-10-24 02:32:55,50.0,21.1,5.82,1.65,0.0,0.0,0.0,27.4,0.0,spring,False,False,False,False,False,0.0,0.0
2024-10-24 03:02:55,48.1,23.1,5.87,1.62,0.0,0.0,0.0,27.4,0.0,spring,False,False,False,False,False,0.0,0.0
2024-10-24 03:32:55,47.5,25.4,5.86,1.66,0.0,0.0,0.0,27.4,0.0,spring,False,False,False,False,False,0.0,0.0
2024-10-24 04:02:55,46.9,27.6,5.84,1.74,0.0,0.0,0.0,27.4,0.0,spring,False,False,False,False,False,0.0,0.0
2024-10-24 04:32:55,46.4,22.2,5.76,1.68,0.0,0.0,0.0,27.4,0.0,spring,False,False,False,False,False,0.0,0.0
2024-10-24 05:02:55,45.5,22.0,5.69,1.65,0.0,0.0,0.0,27.4,0.0,spring,False,False,False,False,False,0.0,0.0
2024-10-24 05:32:55,44.3,20.4,5.75,1.61,0.0,0.0,0.0,27.4,0.0,spring,False,False,False,False,False,0.0,0.0
2024-10-24 06:02:55,42.7,19.6,5.69,1.48,0.0,0.0,0.0,27.4,0.0,spring,False,False,False,False,False,0.0,0.0
2024-10-24 06:32:55,42.4,23.7,5.71,1.48,0.0,0.0,0.0,27.4,0.0,spring,False,False,False,False,False,0.0,0.0
2024-10-24 07:02:55,40.7,25.6,5.59,1.49,0.0,0.0,0.0,27.4,0.0,spring,False,False,False,False,False,0.0,0.0
2024-10-24 07:32:55,39.9,16.2,5.57,1.51,0.0,0.0,0.0,27.4,0.0,spring,False,False,False,False,False,0.0,0.0
2024-10-24 08:02:55,39.8,19.6,5.56,1.52,0.0,0.0,0.0,27.4,0.0,spring,False,False,False,False,False,0.0,0.0
2024-10-24 08:32:55,39.5,22.4,5.59,1.5,0.0,0.0,0.0,27.4,0.0,spring,False,False,False,False,False,0.0,0.0
2024-10-24 09:02:55,38.8,21.7,5.57,1.51,0.0,0.0,0.0,27.4,0.0,spring,False,False,False,False,False,0.0,0.0
2024-10-24 09:32:55,38.4,31.8,5.59,1.55,0.0,0.0,0.0,24.4,57.7,spring,True,True,False,False,False,0.0,20.9
2024-10-24 10:02:55,47.8,20.8,5.6,1.58,0.0,0.0,0.0,24.4,0.0,spring,False,False,False,False,False,0.0,0.0
2024-10-24 10:32:55,47.6,21.1,5.57,1.6,0.0,0.0,0.0,24.4,0.0,spring,False,False,False,False,False,0.0,0.0
2024-10-24 11:02:55,46.9,14.2,5.54,1.58,0.0,0.0,0.0,24.4,0.0,spring,False,False,False,False,False,0.0,0.0
2024-10-24 11:32:55,45.1,18.0,5.55,1.58,0.0,0.0,0.0,24.4,0.0,spring,False,False,False,False,False,0.0,0.0
2024-10-24 12:02:55,44.9,18.3,5.52,1.54,0.0,0.0,0.0,24.4,0.0,spring,False,False,False,False,False,0.0,0.0
2024-10-24 12:32:55,43.1,26.9,5.5,1.42,0.0,0.0,0.0,24.4,0.0,spring,False,False,False,False,False,0.0,0.0
2024-10-24 13:02:55,42.7,18.6,5.55,1.35,0.0,0.0,0.0,24.4,0.0,spring,False,False,False,False,False,0.0,0.0
2024-10-24 13:32:55,42.1,21.0,5.55,1.35,0.0,0.0,0.0,24.4,0.0,spring,False,False,False,False,False,0.0,0.0
2024-10-24 14:02:55,40.4,28.7,5.49,1.38,0.0,0.0,0.0,24.4,0.0,spring,False,False,False,False,False,0.0,0.0
2024-10-24 14:32:55,39.1,15.8,5.43,1.46,0.0,0.0,0.0,24.4,0.0,spring,False,False,False,False,False,0.0,0.0
2024-10-24 15:02:55,37.8,22.4,5.41,1.42,0.0,0.0,0.0,24.4,0.0,spring,False,False,False,False,False,0.0,0.0
2024-10-24 15:32:55,36.8,21.7,5.46,1.46,0.0,0.0,0.0,24.4,0.0,spring,False,False,False,False,False,0.0,0.0
2024-10-24 16:02:55,35.8,21.5,5.39,1.47,0.0,0.0,0.0,24.4,0.0,spring,False,False,False,False,False,0.0,0.0
2024-10-24 16:32:55,35.0,16.4,5.4,1.46,0.0,0.0,0.0,24.4,0.0,spring,False,False,False,False,False,0.0,0.0
2024-10-24 17:02:55,33.5,23.0,5.34,1.39,0.0,0.0,0.0,22.2,30.4,spring,True,True,False,False,False,0.0,15.2
2024-10-24 17:32:55,41.9,21.9,5.3,1.39,0.0,0.0,0.0,22.2,0.0,spring,False,False,False,False,False,0.0,0.0
2024-10-24 18:02:55,40.1,19.9,5.35,1.39,0.0,0.0,0.0,22.2,0.0,spring,False,False,False,False,False,0.0,0.0
2024-10-24 18:32:55,38.2,21.6,5.38,1.33,0.0,0.0,0.0,22.2,0.0,spring,False,False,False,False,False,0.0,0.0
2024-10-24 19:02:55,37.9,20.1,5.41,1.38,0.0,0.0,0.0,22.2,0.0,spring,False,False,False,False,False,0.0,0.0
2024-10-24 19:32:55,37.3,21.4,5.34,1.31,0.0,0.0,0.0,22.2,0.0,spring,False,False,False,False,False,0.0,0.0
2024-10-24 20:02:55,36.1,24.5,5.38,1.2,0.0,0.0,0.0,22.2,0.0,spring,False,False,False,False,False,0.0,0.0
2024-10-24 20:32:55,35.3,18.6,5.39,1.21,0.0,0.0,0.0,22.2,0.0,spring,False,False,False,False,False,0.0,0.0
2024-10-24 21:02:55,35.2,20.2,5.37,1.22,0.0,0.0,0.0,22.2,0.0,spring,False,False,False,False,False,0.0,0.0
2024-10-24 21:32:55,33.2,19.7,5.34,1.18,0.0,0.0,0.0,20.6,54.9,spring,True,True,False,False,False,0.0,10.7
2024-10-24 22:02:55,42.8,18.3,5.31,1.26,0.0,0.0,0.0,20.6,0.0,spring,False,False,False,False,False,0.0,0.0
2024-10-24 22:32:55,42.6,20.3,5.34,1.27,0.0,0.0,0.0,20.6,0.0,spring,False,False,False,False,False,0.0,0.0
2024-10-24 23:02:55,41.1,20.6,5.31,1.16,0.0,0.0,0.0,20.6,0.0,spring,False,False,False,False,False,0.0,0.0
2024-10-24 23:32:55,40.1,23.9,5.28,1.18,0.0,0.0,0.0,20.6,0.0,spring,False,False,False,False,False,0.0,0.0
2024-10-25 00:02:55,38.8,30.8,5.31,1.25,0.0,0.0,0.0,18.6,59.5,spring,True,True,False,False,False,0.0,19.8
2024-10-25 00:32:55,45.9,17.7,5.31,1.3,0.0,0.0,0.0,30.2,0.0,spring,False,False,False,True,False,0.0,0.0
2024-10-25 01:02:55,44.7,21.3,5.22,1.35,0.0,0.0,0.0,30.2,0.0,spring,False,False,False,False,False,0.0,0.0
2024-10-25 01:32:55,43.3,21.8,5.26,1.28,0.0,0.0,0.0,30.2,0.0,spring,False,False,False,False,False,0.0,0.0
2024-10-25 02:02:55,43.2,20.3,5.28,1.32,0.0,0.0,0.0,30.2,0.0,spring,False,False,False,False,False,0.0,0.0
2024-10-25 02:32:55,42.5,22.7,5.22,1.35,0.0,0.0,0.0,30.2,0.0,spring,False,False,False,False,False,0.0,0.0
2024-10-25 03:02:55,40.7,26.1,5.12,1.36,0.0,0.0,0.0,30.2,0.0,spring,False,False,False,False,False,0.0,0.0
2024-10-25 03:32:55,38.7,20.8,5.16,1.36,0.0,0.0,0.0,30.2,0.0,spring,False,False,False,False,False,0.0,0.0
2024-10-25 04:02:55,37.4,15.3,5.18,1.36,0.0,0.0,0.0,30.2,0.0,spring,False,False,False,False,False,0.0,0.0
2024-10-25 04:32:55,36.7,22.5,5.18,1.3,0.0,0.0,0.0,30.2,0.0,spring,False,False,False,False,False,0.0,0.0
2024-10-25 05:02:55,34.8,18.9,5.15,1.27,0.0,0.0,0.0,27.9,34.0,spring,True,True,False,False,False,0.0,16.0
2024-10-25 05:32:55,40.3,24.3,5.15,1.34,0.0,0.0,0.0,27.9,0.0,spring,False,False,False,False,False,0.0,0.0
2024-10-25 06:02:55,38.4,22.4,5.12,1.37,0.0,0.0,0.0,27.9,0.0,spring,False,False,False,False,False,0.0,0.0
2024-10-25 06:32:55,37.9,23.6,5.05,1.39,0.0,0.0,0.0,27.9,0.0,spring,False,False,False,False,False,0.0,0.0
2024-10-25 07:02:55,36.4,25.5,5.08,1.43,0.0,0.0,0.0,27.9,0.0,spring,False,False,False,False,False,0.0,0.0
2024-10-25 07:32:55,35.5,21.6,5.11,1.31,0.0,0.0,0.0,27.9,0.0,spring,False,False,False,False,False,0.0,0.0
2024-10-25 08:02:55,34.2,23.2,5.09,1.3,0.0,0.0,0.0,26.3,36.0,spring,True,True,False,False,False,0.0,15.3
2024-10-25 08:32:55,39.9,24.5,5.06,1.34,0.0,0.0,0.0,26.3,0.0,spring,False,False,False,False,False,0.0,0.0
2024-10-25 09:02:55,39.9,18.8,4.98,1.37,0.0,0.0,0.0,26.3,0.0,spring,False,False,False,False,False,0.0,0.0
2024-10-25 09:32:55,39.2,21.6,4.91,1.29,0.0,0.0,0.0,26.3,0.0,spring,False,False,False,False,False,0.0,0.0
2024-10-25 10:02:55,38.2,31.8,4.94,1.31,0.0,0.0,0.0,24.0,58.9,spring,True,True,False,False,False,0.0,18.3
2024-10-25 10:32:55,46.9,21.0,4.88,1.27,0.0,0.0,0.0,24.0,0.0,spring,False,False,False,False,False,0.0,0.0
2024-10-25 11:02:55,46.9,24.1,4.86,1.19,0.0,0.0,0.0,24.0,0.0,spring,False,False,False,False,False,0.0,0.0
2024-10-25 11:32:55,46.6,22.2,4.82,1.2,0.0,0.0,0.0,24.0,0.0,spring,False,False,False,False,False,0.0,0.0
2024-10-25 12:02:55,45.3,24.6,4.79,1.3,0.0,0.0,0.0,24.0,0.0,spring,False,False,False,False,False,0.0,0.0
2024-10-25 12:32:55,44.2,23.8,4.72,1.29,0.0,0.0,0.0,24.0,0.0,spring,False,False,False,False,False,0.0,0.0
2024-10-25 13:02:55,42.6,22.2,4.8,1.21,0.0,0.0,0.0,24.0,0.0,spring,False,False,False,False,False,0.0,0.0
2024-10-25 13:32:55,41.8,24.0,4.8,1.18,0.0,0.0,0.0,24.0,0.0,spring,False,False,False,False,False,0.0,0.0
2024-10-25 14:02:55,40.5,18.2,4.78,1.15,0.0,0.0,0.0,24.0,0.0,spring,False,False,False,False,False,0.0,0.0
2024-10-25 14:32:55,39.1,27.7,4.8,1.04,0.0,0.0,0.0,24.0,0.0,spring,False,False,False,False,False,0.0,0.0
2024-10-25 15:02:55,38.3,19.9,4.88,1.0,0.0,0.0,0.0,24.0,0.0,spring,False,False,False,False,False,0.0,0.0
2024-10-25 15:32:55,37.2,29.0,4.99,0.97,0.0,0.0,0.0,24.0,0.0,spring,False,False,False,False,False,0.0,0.0
2024-10-25 16:02:55,36.0,25.1,4.95,0.98,0.0,0.0,0.0,24.0,0.0,spring,False,False,False,False,False,0.0,0.0
2024-10-25 16:32:55,34.6,18.1,4.92,1.01,0.0,0.0,0.0,21.4,59.7,spring,True,True,False,False,False,0.0,16.2
2024-10-25 17:02:55,39.6,23.0,4.9,0.99,0.0,0.0,0.0,21.4,0.0,spring,False,False,False,False,False,0.0,0.0
2024-10-25 17:32:55,37.8,26.9,4.95,0.94,0.0,0.0,0.0,21.4,0.0,spring,False,False,False,False,False,0.0,0.0
2024-10-25 18:02:55,35.8,24.0,5.0,0.98,0.0,0.0,0.0,21.4,0.0,spring,False,False,False,False,False,0.0,0.0
2024-10-25 18:32:55,33.9,26.8,5.03,0.98,0.0,0.0,0.0,19.5,34.3,spring,True,True,False,False,False,0.0,19.1
2024-10-25 19:02:55,43.2,17.4,5.02,0.99,0.0,0.0,0.0,34.3,0.0,spring,False,False,False,True,False,0.0,0.0
2024-10-25 19:32:55,42.5,25.2,4.96,1.05,0.0,0.0,0.0,34.3,0.0,spring,False,False,False,False,False,0.0,0.0
2024-10-25 20:02:55,41.4,19.2,4.91,1.02,0.0,0.0,0.0,34.3,0.0,spring,False,False,False,False,False,0.0,0.0
2024-10-25 20:32:55,39.9,23.5,4.96,0.94,0.0,0.0,0.0,34.3,0.0,spring,False,False,False,False,False,0.0,0.0
2024-10-25 21:02:55,39.3,26.3,4.92,0.97,0.0,0.0,0.0,34.3,0.0,spring,False,False,False,False,False,0.0,0.0
2024-10-25 21:32:55,38.4,17.2,4.85,0.97,0.0,0.0,0.0,34.3,0.0,spring,False,False,False,False,False,0.0,0.0
2024-10-25 22:02:55,37.7,26.0,4.8,1.05,0.0,0.0,0.0,34.3,0.0,spring,False,False,False,False,False,0.0,0.0
2024-10-25 22:32:55,36.8,21.5,4.88,1.11,0.0,0.0,0.0,34.3,0.0,spring,False,False,False,False,False,0.0,0.0
2024-10-25 23:02:55,36.5,13.8,4.86,1.19,0.0,0.0,0.0,34.3,0.0,spring,False,False,False,False,False,0.0,0.0
2024-10-25 23:32:55,35.8,25.3,4.79,1.19,0.0,0.0,0.0,34.3,0.0,spring,False,False,False,False,False,0.0,0.0
2024-10-26 00:02:55,35.5,26.3,4.78,1.14,0.0,0.0,0.0,34.3,0.0,spring,False,False,False,False,False,0.0,0.0
2024-10-26 00:32:55,33.9,24.5,4.81,1.03,0.0,0.0,0.0,33.0,27.7,spring,True,True,False,False,False,0.0,16.2
2024-10-26 01:02:55,43.3,23.9,4.84,0.94,0.0,0.0,0.0,33.0,0.0,spring,False,False,False,False,False,0.0,0.0
2024-10-26 01:32:55,41.4,19.8,4.8,0.99,0.0,0.0,0.0,33.0,0.0,spring,False,False,False,False,False,0.0,0.0
2024-10-26 02:02:55,39.4,23.7,4.79,0.93,0.0,0.0,0.0,33.0,0.0,spring,False,False,False,False,False,0.0,0.0
2024-10-26 02:32:55,38.9,18.6,4.8,0.91,0.0,0.0,0.0,33.0,0.0,spring,False,False,False,False,False,0.0,0.0
2024-10-26 03:02:55,37.0,17.7,4.77,1.09,9.54,5.42,7.51,33.0,0.0,spring,False,False,True,False,False,4.8,0.0
2024-10-26 03:32:55,36.1,23.2,4.91,1.18,8.97,5.16,7.42,33.0,0.0,spring,False,False,False,False,False,0.0,0.0
2024-10-26 04:02:55,34.4,23.0,4.91,1.15,8.79,5.16,7.04,30.3,28.4,spring,True,True,False,False,False,0.0,12.5
2024-10-26 04:32:55,39.6,21.6,4.94,1.17,7.92,5.01,6.64,30.3,0.0,spring,False,False,False,False,False,0.0,0.0
2024-10-26 05:02:55,38.3,20.7,4.92,1.2,6.95,4.72,6.2,30.3,0.0,spring,False,False,False,False,False,0.0,0.0
2024-10-26 05:32:55,37.9,21.6,4.92,1.3,6.55,4.27,5.78,30.3,0.0,spring,False,False,False,False,False,0.0,0.0
2024-10-26 06:02:55,36.1,26.1,5.02,1.27,6.23,3.8,5.71,30.3,0.0,spring,False,False,False,False,False,0.0,0.0
2024-10-26 06:32:55,35.7,22.0,5.09,1.33,5.89,3.37,5.25,30.3,0.0,spring,False,False,False,False,False,0.0,0.0
2024-10-26 07:02:55,34.5,26.8,5.03,1.37,5.0,3.23,5.13,29.0,29.8,spring,True,True,False,False,False,0.0,10.7
2024-10-26 07:32:55,44.1,25.0,5.03,1.38,4.87,3.01,5.03,29.0,0.0,spring,False,False,False,False,False,0.0,0.0
2024-10-26 08:02:55,42.3,18.3,5.09,1.35,4.58,2.89,4.66,29.0,0.0,spring,False,False,False,False,False,0.0,0.0
2024-10-26 08:32:55,42.2,25.3,5.15,1.34,3.67,2.56,4.41,29.0,0.0,spring,False,False,False,False,False,0.0,0.0
2024-10-26 09:02:55,40.9,23.8,5.22,1.28,3.12,2.18,4.35,29.0,0.0,spring,False,False,False,False,False,0.0,0.0
2024-10-26 09:32:55,40.2,17.9,5.18,1.26,2.94,2.14,4.14,29.0,0.0,spring,False,False,False,False,False,0.0,0.0
2024-10-26 10:02:55,38.5,20.3,5.08,1.29,2.55,1.84,3.67,29.0,0.0,spring,False,False,False,False,False,0.0,0.0
2024-10-26 10:32:55,37.6,27.2,5.02,1.22,2.1,1.7,3.39,29.0,0.0,spring,False,False,False,False,False,0.0,0.0
2024-10-26 11:02:55,36.0,23.5,5.0,1.27,1.99,1.59,2.93,29.0,0.0,spring,False,False,False,False,False,0.0,0.0
2024-10-26 11:32:55,35.0,17.8,4.97,1.36,1.8,1.42,2.92,27.4,34.5,spring,True,True,False,False,False,0.0,16.8
2024-10-26 12:02:55,43.6,26.8,4.99,1.35,0.86,1.04,2.86,27.4,0.0,spring,False,False,False,False,False,0.0,0.0
2024-10-26 12:32:55,42.3,20.8,5.04,1.36,0.6,0.66,2.46,27.4,0.0,spring,False,False,False,False,False,0.0,0.0
2024-10-26 13:02:55,41.4,21.9,5.08,1.34,0.48,0.36,2.0,27.4,0.0,spring,False,False,False,False,False,0.0,0.0
2024-10-26 13:32:55,41.2,14.4,5.12,1.38,0.0,0.04,1.58,27.4,0.0,spring,False,False,False,False,False,0.0,0.0
2024-10-26 14:02:55,41.2,20.6,5.14,1.41,0.0,0.0,1.36,27.4,0.0,spring,False,False,False,False,False,0.0,0.0
2024-10-26 14:32:55,39.4,30.0,5.18,1.42,0.0,0.0,1.33,27.4,0.0,spring,False,False,False,False,False,0.0,0.0
2024-10-26 15:02:55,38.1,19.4,5.1,1.5,0.0,0.0,1.03,27.4,0.0,spring,False,False,False,False,False,0.0,0.0
2024-10-26 15:32:55,37.6,13.4,5.05,1.51,0.0,0.0,0.75,27.4,0.0,spring,False,False,False,False,False,0.0,0.0
2024-10-26 16:02:55,37.5,22.8,5.11,1.5,0.0,0.0,0.46,27.4,0.0,spring,False,False,False,False,False,0.0,0.0
2024-10-26 16:32:55,37.1,15.8,5.14,1.5,0.0,0.0,0.18,27.4,0.0,spring,False,False,False,False,False,0.0,0.0
2024-10-26 17:02:55,35.4,23.2,5.22,1.38,0.0,0.0,0.0,27.4,0.0,spring,False,False,False,False,False,0.0,0.0
2024-10-26 17:32:55,34.1,26.2,5.23,1.44,0.0,0.0,0.0,25.4,56.5,spring,True,True,False,False,False,0.0,16.3
2024-10-26 18:02:55,39.4,19.2,5.27,1.47,0.0,0.0,0.0,25.4,0.0,spring,False,False,False,False,False,0.0,0.0
2024-10-26 18:32:55,38.9,22.0,5.33,1.46,0.0,0.0,0.0,25.4,0.0,spring,False,False,False,False,False,0.0,0.0
2024-10-26 19:02:55,38.6,26.3,5.34,1.52,0.0,0.0,0.0,25.4,0.0,spring,False,False,False,False,False,0.0,0.0
2024-10-26 19:32:55,38.6,21.5,5.38,1.51,0.0,0.0,0.0,25.4,0.0,spring,False,False,False,False,False,0.0,0.0
2024-10-26 20:02:55,37.7,16.7,5.47,1.58,0.0,0.0,0.0,25.4,0.0,spring,False,False,False,False,False,0.0,0.0
2024-10-26 20:32:55,36.0,25.4,5.4,1.58,0.0,0.0,0.0,25.4,0.0,spring,False,False,False,False,False,0.0,0.0
2024-10-26 21:02:55,34.7,22.8,5.35,1.59,0.0,0.0,0.0,23.6,45.9,spring,True,True,False,False,False,0.0,15.1
2024-10-26 21:32:55,42.3,14.5,5.3,1.67,0.0,0.0,0.0,23.6,0.0,spring,False,False,False,False,False,0.0,0.0
2024-10-26 22:02:55,41.6,22.0,5.3,1.66,0.0,0.0,0.0,23.6,0.0,spring,False,False,False,False,False,0.0,0.0
2024-10-26 22:32:55,41.2,18.8,5.24,1.66,0.0,0.0,0.0,23.6,0.0,spring,False,False,False,False,False,0.0,0.0
2024-10-26 23:02:55,40.9,22.7,5.24,1.64,0.0,0.0,0.0,23.6,0.0,spring,False,False,False,False,False,0.0,0.0
2024-10-26 23:32:55,40.5,23.5,5.25,1.56,0.0,0.0,0.0,23.6,0.0,spring,False,False,False,False,False,0.0,0.0
2024-10-27 00:02:55,39.5,22.5,5.25,1.61,0.0,0.0,0.0,23.6,0.0,spring,False,False,False,False,False,0.0,0.0
2024-10-27 00:32:55,39.3,25.5,5.22,1.56,0.0,0.0,0.0,23.6,0.0,spring,False,False,False,False,False,0.0,0.0
2024-10-27 01:02:55,37.8,20.0,5.15,1.57,0.0,0.0,0.0,23.6,0.0,spring,False,False,False,False,False,0.0,0.0
2024-10-27 01:32:55,36.5,19.8,5.08,1.56,0.0,0.0,0.0,23.6,0.0,spring,False,False,False,False,False,0.0,0.0
2024-10-27 02:02:55,34.8,20.4,5.13,1.54,0.0,0.0,0.0,22.6,34.2,spring,True,True,False,False,False,0.0,20.5
2024-10-27 02:32:55,42.2,17.9,5.12,1.62,0.0,0.0,0.0,22.6,0.0,spring,False,False,False,False,False,0.0,0.0
2024-10-27 03:02:55,41.3,18.7,5.07,1.7,0.0,0.0,0.0,22.6,0.0,spring,False,False,False,False,False,0.0,0.0
2024-10-27 03:32:55,40.4,24.2,5.03,1.77,0.0,0.0,0.0,22.6,0.0,spring,False,False,False,False,False,0.0,0.0
2024-10-27 04:02:55,38.5,14.5,5.12,1.68,0.0,0.0,0.0,22.6,0.0,spring,False,False,False,False,False,0.0,0.0
2024-10-27 04:32:55,37.6,26.2,5.15,1.63,0.0,0.0,0.0,22.6,0.0,spring,False,False,False,False,False,0.0,0.0
2024-10-27 05:02:55,36.2,23.5,5.11,1.71,0.0,0.0,0.0,22.6,0.0,spring,False,False,False,False,False,0.0,0.0
2024-10-27 05:32:55,35.8,24.5,5.15,1.73,0.0,0.0,0.0,22.6,0.0,spring,False,False,False,False,False,0.0,0.0
2024-10-27 06:02:55,35.3,29.6,5.08,1.77,0.0,0.0,0.0,22.6,0.0,spring,False,False,False,False,False,0.0,0.0
2024-10-27 06:32:55,34.4,31.0,5.13,1.86,0.0,0.0,0.0,21.5,36.9,spring,True,True,False,False,False,0.0,24.5
2024-10-27 07:02:55,40.8,19.7,5.2,1.84,0.0,0.0,0.0,21.5,0.0,spring,False,False,False,False,False,0.0,0.0
2024-10-27 07:32:55,39.1,25.1,5.12,1.76,0.0,0.0,0.0,21.5,0.0,spring,False,False,False,False,False,0.0,0.0
2024-10-27 08:02:55,37.2,22.8,5.09,1.81,0.0,0.0,0.0,21.5,0.0,spring,False,False,False,False,False,0.0,0.0
2024-10-27 08:32:55,35.2,23.0,5.04,1.78,0.0,0.0,0.0,21.5,0.0,spring,False,False,False,False,False,0.0,0.0
2024-10-27 09:02:55,34.3,23.4,5.04,1.65,0.0,0.0,0.0,20.4,32.9,spring,True,True,False,False,False,0.0,14.9
2024-10-27 09:32:55,43.8,19.5,5.06,1.65,0.0,0.0,0.0,20.4,0.0,spring,False,False,False,False,False,0.0,0.0
2024-10-27 10:02:55,42.9,25.1,5.11,1.7,0.0,0.0,0.0,20.4,0.0,spring,False,False,False,False,False,0.0,0.0
2024-10-27 10:32:55,41.8,30.9,5.1,1.66,0.0,0.0,0.0,17.8,24.4,spring,True,True,False,False,False,0.0,22.7
2024-10-27 11:02:55,50.1,30.9,5.1,1.61,0.0,0.0,0.0,30.2,36.4,spring,True,True,False,True,False,0.0,15.8
2024-10-27 11:32:55,58.0,12.0,5.0,1.62,0.0,0.0,0.0,30.2,0.0,spring,False,False,False,False,False,0.0,0.0
2024-10-27 12:02:55,56.1,24.5,4.95,1.6,0.0,0.0,0.0,30.2,0.0,spring,False,False,False,False,False,0.0,0.0
2024-10-27 12:32:55,55.9,26.6,4.95,1.57,0.0,0.0,0.0,30.2,0.0,spring,False,False,False,False,False,0.0,0.0
2024-10-27 13:02:55,55.6,22.9,4.99,1.6,0.0,0.0,0.0,30.2,0.0,spring,False,False,False,False,False,0.0,0.0
2024-10-27 13:32:55,54.3,23.5,4.96,1.61,0.0,0.0,0.0,30.2,0.0,spring,False,False,False,False,False,0.0,0.0
2024-10-27 14:02:55,52.7,18.0,4.95,1.64,0.0,0.0,0.0,30.2,0.0,spring,False,False,False,False,False,0.0,0.0
2024-10-27 14:32:55,51.3,26.0,4.91,1.66,0.0,0.0,0.0,30.2,0.0,spring,False,False,False,False,False,0.0,0.0
2024-10-27 15:02:55,50.6,12.1,5.03,1.63,0.0,0.0,0.0,30.2,0.0,spring,False,False,False,False,False,0.0,0.0
2024-10-27 15:32:55,48.8,20.1,5.1,1.56,0.0,0.0,0.0,30.2,0.0,spring,False,False,False,False,False,0.0,0.0
2024-10-27 16:02:55,47.7,22.9,5.15,1.59,0.0,0.0,0.0,30.2,0.0,spring,False,False,False,False,False,0.0,0.0
2024-10-27 16:32:55,47.0,24.4,5.19,1.53,0.0,0.0,0.0,30.2,0.0,spring,False,False,False,False,False,0.0,0.0
2024-10-27 17:02:55,45.3,19.2,5.16,1.56,0.0,0.0,0.0,30.2,0.0,spring,False,False,False,False,False,0.0,0.0
2024-10-27 17:32:55,43.5,25.4,5.18,1.53,0.0,0.0,0.0,30.2,0.0,spring,False,False,False,False,False,0.0,0.0
2024-10-27 18:02:55,42.9,24.0,5.18,1.59,0.0,0.0,0.0,30.2,0.0,spring,False,False,False,False,False,0.0,0.0
2024-10-27 18:32:55,42.8,22.0,5.13,1.59,0.0,0.0,0.0,30.2,0.0,spring,False,False,False,False,False,0.0,0.0
2024-10-27 19:02:55,41.1,19.7,5.12,1.53,0.0,0.0,0.0,30.2,0.0,spring,False,False,False,False,False,0.0,0.0
2024-10-27 19:32:55,40.0,27.0,5.11,1.64,0.0,0.0,0.0,30.2,0.0,spring,False,False,False,False,False,0.0,0.0
2024-10-27 20:02:55,39.2,18.5,5.19,1.59,0.0,0.0,0.0,30.2,0.0,spring,False,False,False,False,False,0.0,0.0
2024-10-27 20:32:55,37.9,29.3,5.11,1.57,0.0,0.0,0.0,30.2,0.0,spring,False,False,False,False,False,0.0,0.0
2024-10-27 21:02:55,37.6,21.6,5.1,1.6,0.0,0.0,0.0,30.2,0.0,spring,False,False,False,False,False,0.0,0.0
2024-10-27 21:32:55,35.8,16.1,5.1,1.64,0.0,0.0,0.0,30.2,0.0,spring,False,False,False,False,False,0.0,0.0
2024-10-27 22:02:55,35.2,27.5,5.14,1.64,0.0,0.0,0.0,30.2,0.0,spring,False,False,False,False,False,0.0,0.0
2024-10-27 22:32:55,34.9,17.4,5.23,1.56,0.0,0.0,0.0,28.7,42.3,spring,True,True,False,False,False,0.0,11.3
2024-10-27 23:02:55,41.0,17.9,5.16,1.59,0.0,0.0,0.0,28.7,0.0,spring,False,False,False,False,False,0.0,0.0
2024-10-27 23:32:55,40.2,14.0,5.15,1.51,0.0,0.0,0.0,28.7,0.0,spring,False,False,False,False,False,0.0,0.0
2024-10-28 00:02:55,38.9,18.0,5.16,1.37,0.0,0.0,0.0,28.7,0.0,spring,False,False,False,False,False,0.0,0.0
2024-10-28 00:32:55,38.4,14.7,5.27,1.26,0.0,0.0,0.0,28.7,0.0,spring,False,False,False,False,False,0.0,0.0
2024-10-28 01:02:55,36.6,27.8,5.34,1.19,0.0,0.0,0.0,28.7,0.0,spring,False,False,False,False,False,0.0,0.0
2024-10-28 01:32:55,34.8,27.2,5.32,1.18,0.0,0.0,0.0,26.3,42.9,spring,True,True,False,False,False,0.0,24.0
2024-10-28 02:02:55,43.8,24.7,5.27,1.18,0.0,0.0,0.0,26.3,0.0,spring,False,False,False,False,False,0.0,0.0
2024-10-28 02:32:55,43.3,24.2,5.25,1.12,0.0,0.0,0.0,26.3,0.0,spring,False,False,False,False,False,0.0,0.0
2024-10-28 03:02:55,41.9,17.1,5.2,1.25,0.0,0.0,0.0,26.3,0.0,spring,False,False,False,False,False,0.0,0.0
2024-10-28 03:32:55,40.6,22.1,5.2,1.26,0.0,0.0,0.0,26.3,0.0,spring,False,False,False,False,False,0.0,0.0
2024-10-28 04:02:55,40.4,27.2,5.19,1.32,0.0,0.0,0.0,26.3,0.0,spring,False,False,False,False,False,0.0,0.0
2024-10-28 04:32:55,39.7,19.7,5.16,1.35,0.0,0.0,0.0,26.3,0.0,spring,False,False,False,False,False,0.0,0.0
2024-10-28 05:02:55,39.3,27.7,5.17,1.32,0.0,0.0,0.0,26.3,0.0,spring,False,False,False,False,False,0.0,0.0
2024-10-28 05:32:55,38.6,22.5,5.11,1.38,0.0,0.0,0.0,26.3,0.0,spring,False,False,False,False,False,0.0,0.0
2024-10-28 06:02:55,37.9,17.9,5.07,1.43,0.0,0.0,0.0,26.3,0.0,spring,False,False,False,False,False,0.0,0.0
2024-10-28 06:32:55,37.0,19.6,5.0,1.42,0.0,0.0,0.0,26.3,0.0,spring,False,False,False,False,False,0.0,0.0
2024-10-28 07:02:55,36.4,19.3,4.96,1.39,0.0,0.0,0.0,26.3,0.0,spring,False,False,False,False,False,0.0,0.0
2024-10-28 07:32:55,36.3,16.9,4.92,1.43,0.0,0.0,0.0,26.3,0.0,spring,False,False,False,False,False,0.0,0.0
2024-10-28 08:02:55,35.1,22.3,4.92,1.54,0.0,0.0,0.0,26.3,0.0,spring,False,False,False,False,False,0.0,0.0
2024-10-28 08:32:55,34.0,20.5,4.87,1.55,0.0,0.0,0.0,25.1,39.9,spring,True,True,False,False,False,0.0,18.0
2024-10-28 09:02:55,39.8,29.9,4.92,1.64,0.0,0.0,0.0,25.1,0.0,spring,False,False,False,False,False,0.0,0.0
2024-10-28 09:32:55,39.5,25.2,4.9,1.72,0.0,0.0,0.0,25.1,0.0,spring,False,False,False,False,False,0.0,0.0
2024-10-28 10:02:55,38.5,16.0,4.86,1.72,0.0,0.0,0.0,25.1,0.0,spring,False,False,False,False,False,0.0,0.0
2024-10-28 10:32:55,37.0,25.0,4.84,1.74,0.0,0.0,0.0,25.1,0.0,spring,False,False,False,False,False,0.0,0.0
2024-10-28 11:02:55,36.1,21.5,4.86,1.78,0.0,0.0,0.0,25.1,0.0,spring,False,False,False,False,False,0.0,0.0
2024-10-28 11:32:55,35.1,29.4,4.88,1.73,0.0,0.0,0.0,25.1,0.0,spring,False,False,False,False,False,0.0,0.0
2024-10-28 12:02:55,34.0,20.4,4.94,1.71,0.0,0.0,0.0,23.2,56.7,spring,True,True,False,False,False,0.0,20.1
2024-10-28 12:32:55,41.1,25.1,4.94,1.72,0.0,0.0,0.0,23.2,0.0,spring,False,False,False,False,False,0.0,0.0
2024-10-28 13:02:55,40.1,20.3,5.01,1.76,0.0,0.0,0.0,23.2,0.0,spring,False,False,False,False,False,0.0,0.0
2024-10-28 13:32:55,38.2,22.6,5.02,1.79,0.0,0.0,0.0,23.2,0.0,spring,False,False,False,False,False,0.0,0.0
2024-10-28 14:02:55,37.2,20.0,5.03,1.73,0.0,0.0,0.0,23.2,0.0,spring,False,False,False,False,False,0.0,0.0
2024-10-28 14:32:55,37.1,34.7,4.91,1.7,0.0,0.0,0.0,21.5,56.5,spring,True,True,False,False,False,0.0,18.4
2024-10-28 15:02:55,43.1,20.0,4.92,1.75,0.0,0.0,0.0,21.5,0.0,spring,False,False,False,False,False,0.0,0.0
2024-10-28 15:32:55,41.5,25.9,4.95,1.85,0.0,0.0,0.0,21.5,0.0,spring,False,False,False,False,False,0.0,0.0
2024-10-28 16:02:55,40.0,22.4,4.94,1.91,0.0,0.0,0.0,21.5,0.0,spring,False,False,False,False,False,0.0,0.0
2024-10-28 16:32:55,39.1,18.4,4.96,1.81,0.0,0.0,0.0,21.5,0.0,spring,False,False,False,False,False,0.0,0.0
2024-10-28 17:02:55,38.8,31.0,4.9,1.79,0.0,0.0,0.0,20.4,48.5,spring,True,True,False,False,False,0.0,15.2
2024-10-28 17:32:55,48.3,23.8,4.85,1.85,0.0,0.0,0.0,20.4,0.0,spring,False,False,False,False,False,0.0,0.0
2024-10-28 18:02:55,48.2,19.2,4.82,1.84,0.0,0.0,0.0,20.4,0.0,spring,False,False,False,False,False,0.0,0.0
2024-10-28 18:32:55,47.4,20.0,4.79,1.89,0.0,0.0,0.0,20.4,0.0,spring,False,False,False,False,False,0.0,0.0
2024-10-28 19:02:55,46.4,26.3,4.83,1.94,0.0,0.0,0.0,20.4,0.0,spring,False,False,False,False,False,0.0,0.0
2024-10-28 19:32:55,44.5,23.6,4.83,1.96,0.0,0.0,0.0,20.4,0.0,spring,False,False,False,False,False,0.0,0.0
2024-10-28 20:02:55,43.8,17.6,4.8,1.98,0.0,0.0,0.0,20.4,0.0,spring,False,False,False,False,False,0.0,0.0
2024-10-28 20:32:55,42.2,22.8,4.82,2.04,0.0,0.0,0.0,20.4,0.0,spring,False,False,False,False,False,0.0,0.0
2024-10-28 21:02:55,41.8,24.7,4.81,2.05,0.0,0.0,0.0,20.4,0.0,spring,False,False,False,False,False,0.0,0.0
2024-10-28 21:32:55,40.1,24.2,4.89,2.07,0.0,0.0,0.0,20.4,0.0,spring,False,False,False,False,False,0.0,0.0
2024-10-28 22:02:55,40.0,21.9,4.88,2.06,0.0,0.0,0.0,20.4,0.0,spring,False,False,False,False,False,0.0,0.0
2024-10-28 22:32:55,38.8,18.1,4.9,2.07,0.0,0.0,0.0,20.4,0.0,spring,False,False,False,False,False,0.0,0.0
2024-10-28 23:02:55,37.6,23.5,4.97,2.03,0.0,0.0,0.0,20.4,0.0,spring,False,False,False,False,False,0.0,0.0
2024-10-28 23:32:55,37.6,21.9,5.05,2.12,0.0,0.0,0.0,20.4,0.0,spring,False,False,False,False,False,0.0,0.0
2024-10-29 00:02:55,36.2,16.2,5.08,2.16,0.0,0.0,0.0,20.4,0.0,spring,False,False,False,False,False,0.0,0.0
2024-10-29 00:32:55,34.8,20.9,5.1,2.1,0.0,0.0,0.0,17.7,38.6,spring,True,True,False,False,False,0.0,22.8
2024-10-29 01:02:55,40.8,26.2,5.13,2.12,0.0,0.0,0.0,26.3,0.0,spring,False,False,False,True,False,0.0,0.0
2024-10-29 01:32:55,39.2,25.0,5.05,2.09,0.0,0.0,0.0,26.3,0.0,spring,False,False,False,False,False,0.0,0.0
2024-10-29 02:02:55,38.6,26.3,4.98,2.14,0.0,0.0,0.0,26.3,0.0,spring,False,False,False,False,False,0.0,0.0
2024-10-29 02:32:55,37.1,16.2,4.97,2.18,0.0,0.0,0.0,26.3,0.0,spring,False,False,False,False,False,0.0,0.0
2024-10-29 03:02:55,35.6,23.3,4.99,2.19,0.0,0.0,0.0,26.3,0.0,spring,False,False,False,False,False,0.0,0.0
2024-10-29 03:32:55,34.6,25.5,4.97,2.11,0.0,0.0,0.0,24.0,42.5,spring,True,True,False,False,False,0.0,20.2
2024-10-29 04:02:55,40.4,17.2,5.01,2.21,0.0,0.0,0.0,24.0,0.0,spring,False,False,False,False,False,0.0,0.0
2024-10-29 04:32:55,40.4,24.2,5.11,2.17,0.0,0.0,0.0,24.0,0.0,spring,False,False,False,False,False,0.0,0.0
2024-10-29 05:02:55,39.7,17.9,5.06,2.14,0.0,0.0,0.0,24.0,0.0,spring,False,False,False,False,False,0.0,0.0
2024-10-29 05:32:55,39.2,18.7,5.07,2.07,0.0,0.0,0.0,24.0,0.0,spring,False,False,False,False,False,0.0,0.0
2024-10-29 06:02:55,37.9,20.7,5.13,2.08,0.0,0.0,0.0,24.0,0.0,spring,False,False,False,False,False,0.0,0.0
2024-10-29 06:32:55,37.3,22.6,5.2,2.08,0.0,0.0,0.0,24.0,0.0,spring,False,False,False,False,False,0.0,0.0
2024-10-29 07:02:55,35.4,25.3,5.2,2.07,0.0,0.0,0.0,24.0,0.0,spring,False,False,False,False,False,0.0,0.0
2024-10-29 07:32:55,34.9,16.9,5.18,2.07,0.0,0.0,0.0,22.9,25.2,spring,True,True,False,False,False,0.0,12.6
2024-10-29 08:02:55,39.2,24.4,5.14,1.99,0.0,0.0,0.0,22.9,0.0,spring,False,False,False,False,False,0.0,0.0
2024-10-29 08:32:55,37.6,24.1,5.11,2.08,0.0,0.0,0.0,22.9,0.0,spring,False,False,False,False,False,0.0,0.0
2024-10-29 09:02:55,36.5,19.2,5.05,2.04,0.0,0.0,0.0,22.9,0.0,spring,False,False,False,False,False,0.0,0.0
2024-10-29 09:32:55,35.3,22.1,5.09,2.03,0.0,0.0,0.0,22.9,0.0,spring,False,False,False,False,False,0.0,0.0
2024-10-29 10:02:55,33.6,22.9,5.06,2.08,0.0,0.0,0.0,20.0,22.0,spring,True,True,False,False,False,0.0,17.8
2024-10-29 10:32:55,38.4,27.0,5.07,2.14,0.0,0.0,0.0,20.0,0.0,spring,False,False,False,False,False,0.0,0.0
2024-10-29 11:02:55,37.4,21.6,5.06,2.17,0.0,0.0,0.0,20.0,0.0,spring,False,False,False,False,False,0.0,0.0
2024-10-29 11:32:55,36.3,21.3,5.07,2.27,0.0,0.0,0.0,20.0,0.0,spring,False,False,False,False,False,0.0,0.0
2024-10-29 12:02:55,35.3,20.4,5.06,2.3,0.0,0.0,0.0,20.0,0.0,spring,False,False,False,False,False,0.0,0.0
2024-10-29 12:32:55,34.9,27.4,4.97,2.37,0.0,0.0,0.0,17.7,40.1,spring,True,True,False,False,False,0.0,10.7
2024-10-29 13:02:55,44.1,25.2,5.01,2.44,0.0,0.0,0.0,26.0,0.0,spring,False,False,False,True,False,0.0,0.0
2024-10-29 13:32:55,43.5,24.6,4.94,2.39,0.0,0.0,0.0,26.0,0.0,spring,False,False,False,False,False,0.0,0.0
2024-10-29 14:02:55,41.9,21.6,4.94,2.4,0.0,0.0,0.0,26.0,0.0,spring,False,False,False,False,False,0.0,0.0
2024-10-29 14:32:55,41.1,20.7,4.95,2.41,0.0,0.0,0.0,26.0,0.0,spring,False,False,False,False,False,0.0,0.0
2024-10-29 15:02:55,39.6,22.1,4.94,2.38,0.0,0.0,0.0,26.0,0.0,spring,False,False,False,False,False,0.0,0.0
2024-10-29 15:32:55,39.3,22.4,5.02,2.39,0.0,0.0,0.0,26.0,0.0,spring,False,False,False,False,False,0.0,0.0
2024-10-29 16:02:55,38.5,26.7,4.98,2.35,0.0,0.0,0.0,26.0,0.0,spring,False,False,False,False,False,0.0,0.0
2024-10-29 16:32:55,36.7,21.3,5.05,2.35,0.0,0.0,0.0,26.0,0.0,spring,False,False,False,False,False,0.0,0.0
2024-10-29 17:02:55,35.0,21.9,5.13,2.32,0.0,0.0,0.0,26.0,0.0,spring,False,False,False,False,False,0.0,0.0
2024-10-29 17:32:55,34.8,15.8,5.15,2.24,0.0,0.0,0.0,23.5,58.9,spring,True,True,False,False,False,0.0,17.7
2024-10-29 18:02:55,41.0,25.7,5.21,2.18,0.0,0.0,0.0,23.5,0.0,spring,False,False,False,False,False,0.0,0.0
2024-10-29 18:32:55,40.2,21.5,5.25,2.22,0.0,0.0,0.0,23.5,0.0,spring,False,False,False,False,False,0.0,0.0
2024-10-29 19:02:55,39.4,14.8,5.23,2.19,0.0,0.0,0.0,23.5,0.0,spring,False,False,False,False,False,0.0,0.0
2024-10-29 19:32:55,37.7,20.1,5.14,2.17,0.0,0.0,0.0,23.5,0.0,spring,False,False,False,False,False,0.0,0.0
2024-10-29 20:02:55,36.6,24.8,5.14,2.13,0.0,0.0,0.0,23.5,0.0,spring,False,False,False,False,False,0.0,0.0
2024-10-29 20:32:55,36.5,17.8,5.04,2.1,0.0,0.0,0.0,23.5,0.0,spring,False,False,False,False,False,0.0,0.0
2024-10-29 21:02:55,35.6,20.2,5.02,2.11,0.0,0.0,0.0,23.5,0.0,spring,False,False,False,False,False,0.0,0.0
2024-10-29 21:32:55,35.2,22.4,5.01,2.06,0.0,0.0,0.0,23.5,0.0,spring,False,False,False,False,False,0.0,0.0
2024-10-29 22:02:55,33.3,20.7,4.99,2.07,0.0,0.0,0.0,21.1,50.3,spring,True,True,False,False,False,0.0,15.2
2024-10-29 22:32:55,40.5,16.2,5.01,2.11,0.0,0.0,0.0,21.1,0.0,spring,False,False,False,False,False,0.0,0.0
2024-10-29 23:02:55,39.2,29.3,5.05,2.16,0.0,0.0,0.0,21.1,0.0,spring,False,False,False,False,False,0.0,0.0
2024-10-29 23:32:55,39.0,27.2,5.05,2.28,0.0,0.0,0.0,21.1,0.0,spring,False,False,False,False,False,0.0,0.0
2024-10-30 00:02:55,38.9,22.7,5.06,2.23,0.0,0.0,0.0,21.1,0.0,spring,False,False,False,False,False,0.0,0.0
2024-10-30 00:32:55,37.3,22.6,5.05,2.31,0.0,0.0,0.0,21.1,0.0,spring,False,False,False,False,False,0.0,0.0
2024-10-30 01:02:55,36.5,26.0,5.11,2.36,0.0,0.0,0.0,21.1,0.0,spring,False,False,False,False,False,0.0,0.0
2024-10-30 01:32:55,36.1,19.0,5.06,2.34,0.0,0.0,0.0,21.1,0.0,spring,False,False,False,False,False,0.0,0.0
2024-10-30 02:02:55,35.4,23.8,5.05,2.25,0.0,0.0,0.0,21.1,0.0,spring,False,False,False,False,False,0.0,0.0
2024-10-30 02:32:55,35.2,19.7,5.08,2.27,0.0,0.0,0.0,21.1,0.0,spring,False,False,False,False,False,0.0,0.0
2024-10-30 03:02:55,34.9,22.1,5.06,2.35,0.0,0.0,0.0,18.1,32.8,spring,True,True,False,False,False,0.0,20.8
2024-10-30 03:32:55,43.7,28.0,5.05,2.42,0.0,0.0,0.0,32.6,0.0,spring,False,False,False,True,False,0.0,0.0
2024-10-30 04:02:55,43.5,25.6,5.03,2.37,0.0,0.0,0.0,32.6,0.0,spring,False,False,False,False,False,0.0,0.0
2024-10-30 04:32:55,42.9,21.8,5.03,2.3,0.0,0.0,0.0,32.6,0.0,spring,False,False,False,False,False,0.0,0.0
2024-10-30 05:02:55,41.7,18.3,5.09,2.31,0.0,0.0,0.0,32.6,0.0,spring,False,False,False,False,False,0.0,0.0
2024-10-30 05:32:55,40.7,31.0,5.1,2.32,0.0,0.0,0.0,29.7,40.4,spring,True,True,False,False,False,0.0,10.3
2024-10-30 06:02:55,46.5,28.0,5.15,2.36,0.0,0.0,0.0,29.7,0.0,spring,False,False,False,False,False,0.0,0.0
2024-10-30 06:32:55,45.4,31.4,5.12,2.35,0.0,0.0,0.0,27.3,36.3,spring,True,True,False,False,False,0.0,21.5
2024-10-30 07:02:55,49.6,22.0,5.15,2.32,0.0,0.0,0.0,27.3,0.0,spring,False,False,False,False,False,0.0,0.0
2024-10-30 07:32:55,49.1,20.0,5.14,2.38,0.0,0.0,0.0,27.3,0.0,spring,False,False,False,False,False,0.0,0.0
2024-10-30 08:02:55,48.0,22.8,5.21,2.39,0.0,0.0,0.0,27.3,0.0,spring,False,False,False,False,False,0.0,0.0
2024-10-30 08:32:55,47.8,12.7,5.18,2.41,0.0,0.0,0.0,27.3,0.0,spring,False,False,False,False,False,0.0,0.0
2024-10-30 09:02:55,47.4,18.3,5.21,2.37,0.0,0.0,0.0,27.3,0.0,spring,False,False,False,False,False,0.0,0.0
2024-10-30 09:32:55,45.7,23.9,5.19,2.28,0.0,0.0,0.0,27.3,0.0,spring,False,False,False,False,False,0.0,0.0
2024-10-30 10:02:55,45.0,25.4,5.12,2.26,0.0,0.0,0.0,27.3,0.0,spring,False,False,False,False,False,0.0,0.0
2024-10-30 10:32:55,44.8,22.0,5.22,2.29,0.0,0.0,0.0,27.3,0.0,spring,False,False,False,False,False,0.0,0.0
2024-10-30 11:02:55,43.4,17.7,5.16,2.29,0.0,0.0,0.0,27.3,0.0,spring,False,False,False,False,False,0.0,0.0
2024-10-30 11:32:55,42.8,26.2,5.14,2.31,0.0,0.0,0.0,27.3,0.0,spring,False,False,False,False,False,0.0,0.0
2024-10-30 12:02:55,42.1,22.3,5.14,2.3,0.0,0.0,0.0,27.3,0.0,spring,False,False,False,False,False,0.0,0.0
2024-10-30 12:32:55,42.0,16.9,5.15,2.27,0.0,0.0,0.0,27.3,0.0,spring,False,False,False,False,False,0.0,0.0
2024-10-30 13:02:55,41.9,20.0,5.22,2.26,0.0,0.0,0.0,27.3,0.0,spring,False,False,False,False,False,0.0,0.0
2024-10-30 13:32:55,40.7,26.1,5.15,2.3,0.0,0.0,0.0,27.3,0.0,spring,False,False,False,False,False,0.0,0.0
2024-10-30 14:02:55,40.2,21.9,5.06,2.32,0.0,0.0,0.0,27.3,0.0,spring,False,False,False,False,False,0.0,0.0
2024-10-30 14:32:55,39.5,22.0,5.06,2.33,0.0,0.0,0.0,27.3,0.0,spring,False,False,False,False,False,0.0,0.0
2024-10-30 15:02:55,39.4,25.9,5.09,2.34,0.0,0.0,0.0,27.3,0.0,spring,False,False,False,False,False,0.0,0.0
2024-10-30 15:32:55,38.9,24.4,5.05,2.34,0.0,0.0,0.0,27.3,0.0,spring,False,False,False,False,False,0.0,0.0
2024-10-30 16:02:55,37.9,29.2,5.05,2.31,0.0,0.0,0.0,27.3,0.0,spring,False,False,False,False,False,0.0,0.0
2024-10-30 16:32:55,36.6,27.5,5.02,2.28,0.0,0.0,0.0,27.3,0.0,spring,False,False,False,False,False,0.0,0.0
2024-10-30 17:02:55,35.8,22.2,5.04,2.31,0.0,0.0,0.0,27.3,0.0,spring,False,False,False,False,False,0.0,0.0
2024-10-30 17:32:55,34.8,13.9,4.97,2.32,0.0,0.0,0.0,25.2,47.4,spring,True,True,False,False,False,0.0,22.8
2024-10-30 18:02:55,44.2,15.3,4.97,2.34,0.0,0.0,0.0,25.2,0.0,spring,False,False,False,False,False,0.0,0.0
2024-10-30 18:32:55,42.9,25.0,4.93,2.39,0.0,0.0,0.0,25.2,0.0,spring,False,False,False,False,False,0.0,0.0
2024-10-30 19:02:55,41.0,22.9,4.91,2.46,0.0,0.0,0.0,25.2,0.0,spring,False,False,False,False,False,0.0,0.0
2024-10-30 19:32:55,40.5,18.6,4.99,2.42,0.0,0.0,0.0,25.2,0.0,spring,False,False,False,False,False,0.0,0.0
2024-10-30 20:02:55,40.3,23.7,4.93,2.39,0.0,0.0,0.0,25.2,0.0,spring,False,False,False,False,False,0.0,0.0
2024-10-30 20:32:55,39.9,21.7,4.98,2.38,0.0,0.0,0.0,25.2,0.0,spring,False,False,False,False,False,0.0,0.0
2024-10-30 21:02:55,38.1,29.3,5.02,2.41,0.0,0.0,0.0,25.2,0.0,spring,False,False,False,False,False,0.0,0.0
2024-10-30 21:32:55,37.0,21.1,4.94,2.39,0.0,0.0,0.0,25.2,0.0,spring,False,False,False,False,False,0.0,0.0
2024-10-30 22:02:55,35.2,30.4,5.03,2.36,0.0,0.0,0.0,24.0,54.9,spring,True,True,False,False,False,0.0,24.3
2024-10-30 22:32:55,43.7,20.5,5.1,2.37,0.0,0.0,0.0,24.0,0.0,spring,False,False,False,False,False,0.0,0.0
2024-10-30 23:02:55,42.9,27.1,5.08,2.34,0.0,0.0,0.0,24.0,0.0,spring,False,False,False,False,False,0.0,0.0
2024-10-30 23:32:55,41.8,18.7,5.15,2.28,0.0,0.0,0.0,24.0,0.0,spring,False,False,False,False,False,0.0,0.0
2024-10-31 00:02:55,39.9,19.2,4.94,2.24,0.0,0.0,0.0,24.0,0.0,spring,False,False,False,False,False,0.0,0.0
2024-10-31 00:32:55,39.1,18.7,4.93,2.19,0.0,0.0,0.0,24.0,0.0,spring,False,False,False,False,False,0.0,0.0
2024-10-31 01:02:55,37.6,27.0,4.9,2.13,0.0,0.0,0.0,24.0,0.0,spring,False,False,False,False,False,0.0,0.0
2024-10-31 01:32:55,36.5,29.5,4.85,2.08,0.0,0.0,0.0,24.0,0.0,spring,False,False,False,False,False,0.0,0.0
2024-10-31 02:02:55,36.2,19.9,4.83,2.18,0.0,0.0,0.0,24.0,0.0,spring,False,False,False,False,False,0.0,0.0
2024-10-31 02:32:55,35.1,22.4,4.77,2.18,0.0,0.0,0.0,24.0,0.0,spring,False,False,False,False,False,0.0,0.0
2024-10-31 03:02:55,33.1,27.0,4.75,2.18,0.0,0.0,0.0,21.5,50.6,spring,True,True,False,False,False,0.0,16.3
2024-10-31 03:32:55,37.2,21.5,4.75,2.15,0.0,0.0,0.0,21.5,0.0,spring,False,False,False,False,False,0.0,0.0
2024-10-31 04:02:55,36.5,28.3,4.65,2.1,0.0,0.0,0.0,21.5,0.0,spring,False,False,False,False,False,0.0,0.0
2024-10-31 04:32:55,34.9,26.4,4.68,2.16,0.0,0.0,0.0,20.2,52.4,spring,True,True,False,False,False,0.0,20.4
2024-10-31 05:02:55,39.2,25.3,4.66,2.24,0.0,0.0,0.0,20.2,0.0,spring,False,False,False,False,False,0.0,0.0
2024-10-31 05:32:55,38.1,24.2,4.66,2.32,0.0,0.0,0.0,20.2,0.0,spring,False,False,False,False,False,0.0,0.0
2024-10-31 06:02:55,37.8,18.3,4.67,2.31,0.0,0.0,0.0,20.2,0.0,spring,False,False,False,False,False,0.0,0.0
2024-10-31 06:32:55,35.9,20.6,4.69,2.29,0.0,0.0,0.0,20.2,0.0,spring,False,False,False,False,False,0.0,0.0
2024-10-31 07:02:55,35.0,17.1,4.65,2.16,0.0,0.0,0.0,20.2,0.0,spring,False,False,False,False,False,0.0,0.0
2024-10-31 07:32:55,34.5,22.8,4.74,2.18,0.0,0.0,0.0,17.9,31.0,spring,True,True,False,False,False,0.0,14.1
2024-10-31 08:02:55,43.9,26.8,4.74,2.21,0.0,0.0,0.0,31.2,0.0,spring,False,False,False,True,False,0.0,0.0
2024-10-31 08:32:55,42.2,21.7,4.72,2.25,0.0,0.0,0.0,31.2,0.0,spring,False,False,False,False,False,0.0,0.0
2024-10-31 09:02:55,40.9,23.8,4.65,2.27,0.0,0.0,0.0,31.2,0.0,spring,False,False,False,False,False,0.0,0.0
2024-10-31 09:32:55,39.6,21.4,4.67,2.31,0.0,0.0,0.0,31.2,0.0,spring,False,False,False,False,False,0.0,0.0
2024-10-31 10:02:55,38.0,19.0,4.71,2.36,0.0,0.0,0.0,31.2,0.0,spring,False,False,False,False,False,0.0,0.0
2024-10-31 10:32:55,36.5,23.4,4.63,2.37,0.0,0.0,0.0,31.2,0.0,spring,False,False,False,False,False,0.0,0.0
2024-10-31 11:02:55,35.6,16.8,4.62,2.36,0.0,0.0,0.0,31.2,0.0,spring,False,False,False,False,False,0.0,0.0
2024-10-31 11:32:55,33.7,25.8,4.53,2.36,0.0,0.0,0.0,30.2,23.4,spring,True,True,False,False,False,0.0,18.9
2024-10-31 12:02:55,43.4,25.6,4.57,2.4,0.0,0.0,0.0,30.2,0.0,spring,False,False,False,False,False,0.0,0.0
2024-10-31 12:32:55,43.2,24.4,4.59,2.43,0.0,0.0,0.0,30.2,0.0,spring,False,False,False,False,False,0.0,0.0
2024-10-31 13:02:55,41.9,27.9,4.71,2.51,0.0,0.0,0.0,30.2,0.0,spring,False,False,False,False,False,0.0,0.0
2024-10-31 13:32:55,41.5,13.4,4.62,2.5,0.0,0.0,0.0,30.2,0.0,spring,False,False,False,False,False,0.0,0.0
2024-10-31 14:02:55,41.1,15.2,4.57,2.49,0.0,0.0,0.0,30.2,0.0,spring,False,False,False,False,False,0.0,0.0
2024-10-31 14:32:55,40.5,18.0,4.52,2.44,0.0,0.0,0.0,30.2,0.0,spring,False,False,False,False,False,0.0,0.0
2024-10-31 15:02:55,40.4,15.3,4.6,2.42,0.0,0.0,0.0,30.2,0.0,spring,False,False,False,False,False,0.0,0.0
2024-10-31 15:32:55,39.8,23.9,4.55,2.44,0.0,0.0,0.0,30.2,0.0,spring,False,False,False,False,False,0.0,0.0
2024-10-31 16:02:55,39.5,23.0,4.64,2.34,0.0,0.0,0.0,30.2,0.0,spring,False,False,False,False,False,0.0,0.0
2024-10-31 16:32:55,38.6,24.0,4.63,2.41,0.0,0.0,0.0,30.2,0.0,spring,False,False,False,False,False,0.0,0.0
2024-10-31 17:02:55,37.4,21.9,4.61,2.41,0.0,0.0,0.0,30.2,0.0,spring,False,False,False,False,False,0.0,0.0
2024-10-31 17:32:55,36.3,27.0,4.71,2.45,0.0,0.0,0.0,30.2,0.0,spring,False,False,False,False,False,0.0,0.0
2024-10-31 18:02:55,35.4,21.4,4.72,2.53,0.0,0.0,0.0,30.2,0.0,spring,False,False,False,False,False,0.0,0.0
2024-10-31 18:32:55,35.3,23.2,4.77,2.53,0.0,0.0,0.0,30.2,0.0,spring,False,False,False,False,False,0.0,0.0
2024-10-31 19:02:55,34.6,29.7,4.74,2.51,0.0,0.0,0.0,27.3,24.3,spring,True,True,False,False,False,0.0,12.8
2024-10-31 19:32:55,38.9,25.8,4.71,2.54,0.0,0.0,0.0,27.3,0.0,spring,False,False,False,False,False,0.0,0.0
2024-10-31 20:02:55,37.2,25.4,4.66,2.58,0.0,0.0,0.0,27.3,0.0,spring,False,False,False,False,False,0.0,0.0
2024-10-31 20:32:55,36.6,27.1,4.64,2.65,0.0,0.0,0.0,27.3,0.0,spring,False,False,False,False,False,0.0,0.0
2024-10-31 21:02:55,34.7,27.2,4.66,2.76,0.0,0.0,0.0,26.2,37.6,spring,True,True,False,False,False,0.0,23.2
2024-10-31 21:32:55,40.2,15.6,4.64,2.69,0.0,0.0,0.0,26.2,0.0,spring,False,False,False,False,False,0.0,0.0
2024-10-31 22:02:55,38.6,14.8,4.65,2.71,0.0,0.0,0.0,26.2,0.0,spring,False,False,False,False,False,0.0,0.0
2024-10-31 22:32:55,36.9,33.5,4.64,2.68,0.0,0.0,0.0,24.7,24.1,spring,True,True,False,False,False,0.0,10.1
2024-10-31 23:02:55,44.4,14.2,4.67,2.62,0.0,0.0,0.0,24.7,0.0,spring,False,False,False,False,False,0.0,0.0
2024-10-31 23:32:55,44.3,24.9,4.69,2.7,0.0,0.0,0.0,24.7,0.0,spring,False,False,False,False,False,0.0,0.0
2024-11-01 00:02:55,42.4,24.5,4.74,2.78,0.0,0.0,0.0,24.7,0.0,spring,False,False,False,False,False,0.0,0.0
2024-11-01 00:32:55,40.6,22.5,4.76,2.84,0.0,0.0,0.0,24.7,0.0,spring,False,False,False,False,False,0.0,0.0
2024-11-01 01:02:55,38.7,14.2,4.8,2.8,0.0,0.0,0.0,24.7,0.0,spring,False,False,False,False,False,0.0,0.0
2024-11-01 01:32:55,37.7,21.4,4.89,2.74,0.0,0.0,0.0,24.7,0.0,spring,False,False,False,False,False,0.0,0.0
2024-11-01 02:02:55,36.7,23.7,4.93,2.79,0.0,0.0,0.0,24.7,0.0,spring,False,False,False,False,False,0.0,0.0
2024-11-01 02:32:55,34.7,23.3,4.94,2.69,0.0,0.0,0.0,22.2,40.8,spring,True,True,False,False,False,0.0,17.9
2024-11-01 03:02:55,42.9,23.3,4.96,2.7,0.0,0.0,0.0,22.2,0.0,spring,False,False,False,False,False,0.0,0.0
2024-11-01 03:32:55,41.2,19.8,4.91,2.67,0.0,0.0,0.0,22.2,0.0,spring,False,False,False,False,False,0.0,0.0
2024-11-01 04:02:55,40.0,31.9,4.97,2.72,0.0,0.0,0.0,20.1,39.6,spring,True,True,False,False,False,0.0,10.8
2024-11-01 04:32:55,48.6,24.4,4.99,2.7,0.0,0.0,0.0,20.1,0.0,spring,False,False,False,False,False,0.0,0.0
2024-11-01 05:02:55,47.8,20.4,5.0,2.68,0.0,0.0,0.0,20.1,0.0,spring,False,False,False,False,False,0.0,0.0
2024-11-01 05:32:55,46.1,17.8,5.01,2.65,0.0,0.0,0.0,20.1,0.0,spring,False,False,False,False,False,0.0,0.0
2024-11-01 06:02:55,44.2,21.5,5.04,2.64,0.0,0.0,0.0,20.1,0.0,spring,False,False,False,False,False,0.0,0.0
2024-11-01 06:32:55,42.3,23.2,5.04,2.66,0.0,0.0,0.0,20.1,0.0,spring,False,False,False,False,False,0.0,0.0
2024-11-01 07:02:55,40.7,16.5,5.18,2.72,0.0,0.0,0.0,20.1,0.0,spring,False,False,False,False,False,0.0,0.0
2024-11-01 07:32:55,40.6,14.9,5.17,2.79,0.0,0.0,0.0,20.1,0.0,spring,False,False,False,False,False,0.0,0.0
2024-11-01 08:02:55,40.1,20.8,5.21,2.76,0.0,0.0,0.0,20.1,0.0,spring,False,False,False,False,False,0.0,0.0
2024-11-01 08:32:55,39.0,24.0,5.21,2.79,0.0,0.0,0.0,20.1,0.0,spring,False,False,False,False,False,0.0,0.0
2024-11-01 09:02:55,37.5,18.9,5.28,2.76,0.0,0.0,0.0,20.1,0.0,spring,False,False,False,False,False,0.0,0.0
2024-11-01 09:32:55,36.1,23.1,5.29,2.78,0.0,0.0,0.0,20.1,0.0,spring,False,False,False,False,False,0.0,0.0
2024-11-01 10:02:55,36.0,22.9,5.33,2.77,0.0,0.0,0.0,20.1,0.0,spring,False,False,False,False,False,0.0,0.0
2024-11-01 10:32:55,34.0,18.9,5.39,2.72,0.0,0.0,0.0,18.8,34.2,spring,True,True,False,False,False,0.0,16.8
2024-11-01 11:02:55,42.4,16.5,5.41,2.71,0.0,0.0,0.0,28.1,0.0,spring,False,False,False,True,False,0.0,0.0
2024-11-01 11:32:55,41.0,17.9,5.38,2.72,0.0,0.0,0.0,28.1,0.0,spring,False,False,False,False,False,0.0,0.0
2024-11-01 12:02:55,40.1,26.9,5.43,2.79,0.0,0.0,0.0,28.1,0.0,spring,False,False,False,False,False,0.0,0.0
2024-11-01 12:32:55,39.2,16.2,5.39,2.83,0.0,0.0,0.0,28.1,0.0,spring,False,False,False,False,False,0.0,0.0
2024-11-01 13:02:55,38.4,22.2,5.37,2.82,0.0,0.0,0.0,28.1,0.0,spring,False,False,False,False,False,0.0,0.0
2024-11-01 13:32:55,37.1,24.9,5.32,2.76,0.0,0.0,0.0,28.1,0.0,spring,False,False,False,False,False,0.0,0.0
2024-11-01 14:02:55,36.5,16.1,5.37,2.73,0.0,0.0,0.0,28.1,0.0,spring,False,False,False,False,False,0.0,0.0
2024-11-01 14:32:55,34.9,21.8,5.42,2.78,0.0,0.0,0.0,25.7,33.6,spring,True,True,False,False,False,0.0,18.3
2024-11-01 15:02:55,42.0,17.8,5.37,2.75,0.0,0.0,0.0,25.7,0.0,spring,False,False,False,False,False,0.0,0.0
2024-11-01 15:32:55,41.4,25.3,5.34,2.73,0.0,0.0,0.0,25.7,0.0,spring,False,False,False,False,False,0.0,0.0
2024-11-01 16:02:55,41.3,22.0,5.4,2.74,0.0,0.0,0.0,25.7,0.0,spring,False,False,False,False,False,0.0,0.0
2024-11-01 16:32:55,40.5,25.8,5.34,2.7,0.0,0.0,0.0,25.7,0.0,spring,False,False,False,False,False,0.0,0.0
2024-11-01 17:02:55,38.8,18.3,5.3,2.68,0.0,0.0,0.0,25.7,0.0,spring,False,False,False,False,False,0.0,0.0
2024-11-01 17:32:55,37.6,26.6,5.34,2.75,0.0,0.0,0.0,25.7,0.0,spring,False,False,False,False,False,0.0,0.0
2024-11-01 18:02:55,36.2,21.9,5.31,2.79,0.0,0.0,0.0,25.7,0.0,spring,False,False,False,False,False,0.0,0.0
2024-11-01 18:32:55,35.7,21.7,5.35,2.76,0.0,0.0,0.0,25.7,0.0,spring,False,False,False,False,False,0.0,0.0
2024-11-01 19:02:55,35.1,21.7,5.4,2.69,0.0,0.0,0.0,25.7,0.0,spring,False,False,False,False,False,0.0,0.0
2024-11-01 19:32:55,34.5,25.9,5.47,2.67,0.0,0.0,0.0,24.2,45.0,spring,True,True,False,False,False,0.0,22.5
2024-11-01 20:02:55,38.8,18.9,5.52,2.62,0.0,0.0,0.0,24.2,0.0,spring,False,False,False,False,False,0.0,0.0
2024-11-01 20:32:55,38.6,22.0,5.56,2.66,0.0,0.0,0.0,24.2,0.0,spring,False,False,False,False,False,0.0,0.0
2024-11-01 21:02:55,37.9,21.5,5.64,2.7,0.0,0.0,0.0,24.2,0.0,spring,False,False,False,False,False,0.0,0.0
2024-11-01 21:32:55,36.8,21.4,5.66,2.72,0.0,0.0,0.0,24.2,0.0,spring,False,False,False,False,False,0.0,0.0
2024-11-01 22:02:55,35.9,18.8,5.62,2.69,0.0,0.0,0.0,24.2,0.0,spring,False,False,False,False,False,0.0,0.0
2024-11-01 22:32:55,35.6,24.1,5.67,2.66,0.0,0.0,0.0,24.2,0.0,spring,False,False,False,False,False,0.0,0.0
2024-11-01 23:02:55,34.5,23.5,5.8,2.73,0.0,0.0,0.0,22.9,42.1,spring,True,True,False,False,False,0.0,14.6
2024-11-01 23:32:55,41.9,28.1,5.74,2.74,0.0,0.0,0.0,22.9,0.0,spring,False,False,False,False,False,0.0,0.0
2024-11-02 00:02:55,41.8,23.6,5.73,2.67,0.0,0.0,0.0,22.9,0.0,spring,False,False,False,False,False,0.0,0.0
2024-11-02 00:32:55,41.6,26.5,5.7,2.6,0.0,0.0,0.0,22.9,0.0,spring,False,False,False,False,False,0.0,0.0
2024-11-02 01:02:55,39.9,27.3,5.67,2.61,0.0,0.0,0.0,22.9,0.0,spring,False,False,False,False,False,0.0,0.0
2024-11-02 01:32:55,39.8,14.9,5.68,2.62,0.0,0.0,0.0,22.9,0.0,spring,False,False,False,False,False,0.0,0.0
2024-11-02 02:02:55,38.6,20.7,5.67,2.74,0.0,0.0,0.0,22.9,0.0,spring,False,False,False,False,False,0.0,0.0
2024-11-02 02:32:55,38.2,26.8,5.61,2.78,0.0,0.0,0.0,22.9,0.0,spring,False,False,False,False,False,0.0,0.0
2024-11-02 03:02:55,37.7,23.0,5.66,2.85,0.0,0.0,0.0,22.9,0.0,spring,False,False,False,False,False,0.0,0.0
2024-11-02 03:32:55,36.2,18.5,5.69,2.85,0.0,0.0,0.0,22.9,0.0,spring,False,False,False,False,False,0.0,0.0
2024-11-02 04:02:55,36.1,23.0,5.73,2.88,0.0,0.0,0.0,22.9,0.0,spring,False,False,False,False,False,0.0,0.0
2024-11-02 04:32:55,35.5,28.6,5.73,2.9,0.0,0.0,0.0,22.9,0.0,spring,False,False,False,False,False,0.0,0.0
2024-11-02 05:02:55,35.0,31.5,5.76,2.95,0.0,0.0,0.0,21.9,57.1,spring,True,True,False,False,False,0.0,22.4
2024-11-02 05:32:55,42.0,22.9,5.75,2.95,0.0,0.0,0.0,21.9,0.0,spring,False,False,False,False,False,0.0,0.0
2024-11-02 06:02:55,41.7,27.0,5.72,2.92,0.0,0.0,0.0,21.9,0.0,spring,False,False,False,False,False,0.0,0.0
2024-11-02 06:32:55,41.3,20.8,5.67,2.86,0.0,0.0,0.0,21.9,0.0,spring,False,False,False,False,False,0.0,0.0
2024-11-02 07:02:55,40.6,15.3,5.76,2.86,0.0,0.0,0.0,21.9,0.0,spring,False,False,False,False,False,0.0,0.0
2024-11-02 07:32:55,40.4,14.9,5.73,2.81,0.0,0.0,0.0,21.9,0.0,spring,False,False,False,False,False,0.0,0.0
2024-11-02 08:02:55,39.8,22.3,5.72,2.8,0.0,0.0,0.0,21.9,0.0,spring,False,False,False,False,False,0.0,0.0
2024-11-02 08:32:55,38.4,23.9,5.72,2.8,0.0,0.0,0.0,21.9,0.0,spring,False,False,False,False,False,0.0,0.0
2024-11-02 09:02:55,37.2,22.8,5.67,2.85,0.0,0.0,0.0,21.9,0.0,spring,False,False,False,False,False,0.0,0.0
2024-11-02 09:32:55,36.1,20.0,5.64,2.88,0.0,0.0,0.0,21.9,0.0,spring,False,False,False,False,False,0.0,0.0
2024-11-02 10:02:55,35.6,22.8,5.59,2.87,0.0,0.0,0.0,21.9,0.0,spring,False,False,False,False,False,0.0,0.0
2024-11-02 10:32:55,34.0,20.7,5.58,2.86,0.0,0.0,0.0,19.4,50.4,spring,True,True,False,False,False,0.0,15.5
2024-11-02 11:02:55,39.2,15.9,5.59,2.83,0.0,0.0,0.0,25.8,0.0,spring,False,False,False,True,False,0.0,0.0
2024-11-02 11:32:55,37.5,26.6,5.52,2.84,0.0,0.0,0.0,25.8,0.0,spring,False,False,False,False,False,0.0,0.0
2024-11-02 12:02:55,37.5,14.5,5.58,2.76,0.0,0.0,0.0,25.8,0.0,spring,False,False,False,False,False,0.0,0.0
2024-11-02 12:32:55,37.1,26.8,5.61,2.75,0.0,0.0,0.0,25.8,0.0,spring,False,False,False,False,False,0.0,0.0
2024-11-02 13:02:55,36.0,20.0,5.59,2.79,0.0,0.0,0.0,25.8,0.0,spring,False,False,False,False,False,0.0,0.0
2024-11-02 13:32:55,35.4,24.7,5.64,2.75,0.0,0.0,0.0,25.8,0.0,spring,False,False,False,False,False,0.0,0.0
2024-11-02 14:02:55,33.6,21.0,5.62,2.76,0.0,0.0,0.0,23.0,36.2,spring,True,True,False,False,False,0.0,23.8
2024-11-02 14:32:55,40.4,19.3,5.7,2.76,0.0,0.0,0.0,23.0,0.0,spring,False,False,False,False,False,0.0,0.0
2024-11-02 15:02:55,40.3,15.9,5.72,2.72,0.0,0.0,0.0,23.0,0.0,spring,False,False,False,False,False,0.0,0.0
2024-11-02 15:32:55,39.5,15.5,5.76,2.69,0.0,0.0,0.0,23.0,0.0,spring,False,False,False,False,False,0.0,0.0
2024-11-02 16:02:55,38.6,28.6,5.77,2.69,0.0,0.0,0.0,23.0,0.0,spring,False,False,False,False,False,0.0,0.0
2024-11-02 16:32:55,38.2,23.1,5.8,2.71,0.0,0.0,0.0,23.0,0.0,spring,False,False,False,False,False,0.0,0.0
2024-11-02 17:02:55,36.4,13.9,5.75,2.69,0.0,0.0,0.0,23.0,0.0,spring,False,False,False,False,False,0.0,0.0
2024-11-02 17:32:55,35.7,20.8,5.71,2.7,0.0,0.0,0.0,23.0,0.0,spring,False,False,False,False,False,0.0,0.0
2024-11-02 18:02:55,35.2,22.5,5.62,2.68,0.0,0.0,0.0,23.0,0.0,spring,False,False,False,False,False,0.0,0.0
2024-11-02 18:32:55,34.6,21.6,5.52,2.79,0.0,0.0,0.0,21.0,28.5,spring,True,True,False,False,False,0.0,18.4
2024-11-02 19:02:55,43.3,22.2,5.46,2.79,0.0,0.0,0.0,21.0,0.0,spring,False,False,False,False,False,0.0,0.0
2024-11-02 19:32:55,43.2,21.8,5.55,2.74,0.0,0.0,0.0,21.0,0.0,spring,False,False,False,False,False,0.0,0.0
2024-11-02 20:02:55,42.7,26.6,5.59,2.75,0.0,0.0,0.0,21.0,0.0,spring,False,False,False,False,False,0.0,0.0
2024-11-02 20:32:55,41.2,22.5,5.54,2.78,0.0,0.0,0.0,21.0,0.0,spring,False,False,False,False,False,0.0,0.0
2024-11-02 21:02:55,40.3,20.4,5.48,2.73,0.0,0.0,0.0,21.0,0.0,spring,False,False,False,False,False,0.0,0.0
2024-11-02 21:32:55,38.8,25.0,5.49,2.71,0.0,0.0,0.0,21.0,0.0,spring,False,False,False,False,False,0.0,0.0
2024-11-02 22:02:55,38.2,13.0,5.51,2.69,0.0,0.0,0.0,21.0,0.0,spring,False,False,False,False,False,0.0,0.0
2024-11-02 22:32:55,37.7,24.7,5.57,2.66,0.0,0.0,0.0,21.0,0.0,spring,False,False,False,False,False,0.0,0.0
2024-11-02 23:02:55,37.6,29.3,5.64,2.68,0.0,0.0,0.0,21.0,0.0,spring,False,False,False,False,False,0.0,0.0
2024-11-02 23:32:55,37.2,21.3,5.58,2.61,0.0,0.0,0.0,21.0,0.0,spring,False,False,False,False,False,0.0,0.0
2024-11-03 00:02:55,35.7,20.6,5.61,2.59,0.0,0.0,0.0,21.0,0.0,spring,False,False,False,False,False,0.0,0.0
2024-11-03 00:32:55,34.4,16.3,5.64,2.51,0.0,0.0,0.0,18.4,33.8,spring,True,True,False,False,False,0.0,21.0
2024-11-03 01:02:55,39.2,26.4,5.63,2.42,0.0,0.0,0.0,27.2,0.0,spring,False,False,False,True,False,0.0,0.0
2024-11-03 01:32:55,38.5,18.3,5.58,2.45,0.0,0.0,0.0,27.2,0.0,spring,False,False,False,False,False,0.0,0.0
2024-11-03 02:02:55,38.2,18.6,5.57,2.44,0.0,0.0,0.0,27.2,0.0,spring,False,False,False,False,False,0.0,0.0
2024-11-03 02:32:55,36.7,22.1,5.55,2.46,0.0,0.0,0.0,27.2,0.0,spring,False,False,False,False,False,0.0,0.0
2024-11-03 03:02:55,35.3,26.0,5.51,2.44,0.0,0.0,0.0,27.2,0.0,spring,False,False,False,False,False,0.0,0.0
2024-11-03 03:32:55,33.5,30.0,5.5,2.43,0.0,0.0,0.0,24.3,39.4,spring,True,True,False,False,False,0.0,21.2
2024-11-03 04:02:55,41.9,21.2,5.57,2.49,0.0,0.0,0.0,24.3,0.0,spring,False,False,False,False,False,0.0,0.0
2024-11-03 04:32:55,40.0,19.2,5.57,2.53,0.0,0.0,0.0,24.3,0.0,spring,False,False,False,False,False,0.0,0.0
2024-11-03 05:02:55,39.4,22.2,5.46,2.55,0.0,0.0,0.0,24.3,0.0,spring,False,False,False,False,False,0.0,0.0
2024-11-03 05:32:55,39.3,11.9,5.44,2.55,0.0,0.0,0.0,24.3,0.0,spring,False,False,False,False,False,0.0,0.0
2024-11-03 06:02:55,37.6,14.2,5.4,2.56,0.0,0.0,0.0,24.3,0.0,spring,False,False,False,False,False,0.0,0.0
2024-11-03 06:32:55,35.8,24.2,5.42,2.6,0.0,0.0,0.0,24.3,0.0,spring,False,False,False,False,False,0.0,0.0
2024-11-03 07:02:55,34.7,21.3,5.42,2.67,0.0,0.0,0.0,22.3,26.6,spring,True,True,False,False,False,0.0,23.7
2024-11-03 07:32:55,42.3,25.9,5.36,2.71,0.0,0.0,0.0,22.3,0.0,spring,False,False,False,False,False,0.0,0.0
2024-11-03 08:02:55,40.7,16.9,5.31,2.74,0.0,0.0,0.0,22.3,0.0,spring,False,False,False,False,False,0.0,0.0
2024-11-03 08:32:55,39.7,20.5,5.27,2.83,0.0,0.0,0.0,22.3,0.0,spring,False,False,False,False,False,0.0,0.0
2024-11-03 09:02:55,38.3,19.1,5.33,2.88,0.0,0.0,0.0,22.3,0.0,spring,False,False,False,False,False,0.0,0.0
2024-11-03 09:32:55,37.2,17.4,5.35,2.91,0.0,0.0,0.0,22.3,0.0,spring,False,False,False,False,False,0.0,0.0
2024-11-03 10:02:55,35.4,22.4,5.36,2.89,0.0,0.0,0.0,22.3,0.0,spring,False,False,False,False,False,0.0,0.0
2024-11-03 10:32:55,33.9,31.8,5.37,2.78,0.0,0.0,0.0,20.9,53.8,spring,True,True,False,False,False,0.0,23.0
2024-11-03 11:02:55,40.0,23.0,5.39,2.73,0.0,0.0,0.0,20.9,0.0,spring,False,False,False,False,False,0.0,0.0
2024-11-03 11:32:55,38.6,23.9,5.34,2.7,0.0,0.0,0.0,20.9,0.0,spring,False,False,False,False,False,0.0,0.0
2024-11-03 12:02:55,38.3,27.8,5.3,2.74,0.0,0.0,0.0,20.9,0.0,spring,False,False,False,False,False,0.0,0.0
2024-11-03 12:32:55,38.1,20.0,5.34,2.75,0.0,0.0,0.0,20.9,0.0,spring,False,False,False,False,False,0.0,0.0
2024-11-03 13:02:55,37.3,24.3,5.32,2.75,0.0,0.0,0.0,20.9,0.0,spring,False,False,False,False,False,0.0,0.0
2024-11-03 13:32:55,36.7,19.7,5.36,2.75,0.0,0.0,0.0,20.9,0.0,spring,False,False,False,False,False,0.0,0.0
2024-11-03 14:02:55,34.7,20.7,5.27,2.7,0.0,0.0,0.0,18.2,32.2,spring,True,True,False,False,False,0.0,15.2
2024-11-03 14:32:55,42.0,20.6,5.31,2.6,0.0,0.0,0.0,27.6,0.0,spring,False,False,False,True,False,0.0,0.0
2024-11-03 15:02:55,40.7,18.3,5.21,2.68,0.0,0.0,0.0,27.6,0.0,spring,False,False,False,False,False,0.0,0.0
2024-11-03 15:32:55,39.4,21.7,5.19,2.65,0.0,0.0,0.0,27.6,0.0,spring,False,False,False,False,False,0.0,0.0
2024-11-03 16:02:55,38.4,21.7,5.23,2.59,0.0,0.0,0.0,27.6,0.0,spring,False,False,False,False,False,0.0,0.0
2024-11-03 16:32:55,37.5,17.4,5.27,2.52,0.0,0.0,0.0,27.6,0.0,spring,False,False,False,False,False,0.0,0.0
2024-11-03 17:02:55,35.9,21.4,5.29,2.48,0.0,0.0,0.0,27.6,0.0,spring,False,False,False,False,False,0.0,0.0
2024-11-03 17:32:55,35.1,26.5,5.33,2.4,0.0,0.0,0.0,27.6,0.0,spring,False,False,False,False,False,0.0,0.0
2024-11-03 18:02:55,34.7,20.5,5.43,2.44,0.0,0.0,0.0,25.9,48.0,spring,True,True,False,False,False,0.0,15.8
2024-11-03 18:32:55,40.2,25.9,5.44,2.41,0.0,0.0,0.0,25.9,0.0,spring,False,False,False,False,False,0.0,0.0
2024-11-03 19:02:55,39.3,20.7,5.48,2.46,0.0,0.0,0.0,25.9,0.0,spring,False,False,False,False,False,0.0,0.0
2024-11-03 19:32:55,39.2,18.7,5.45,2.41,0.0,0.0,0.0,25.9,0.0,spring,False,False,False,False,False,0.0,0.0
2024-11-03 20:02:55,38.2,21.0,5.52,2.4,0.0,0.0,0.0,25.9,0.0,spring,False,False,False,False,False,0.0,0.0
2024-11-03 20:32:55,37.7,20.6,5.44,2.41,0.0,0.0,0.0,25.9,0.0,spring,False,False,False,False,False,0.0,0.0
2024-11-03 21:02:55,35.8,21.3,5.47,2.44,0.0,0.0,0.0,25.9,0.0,spring,False,False,False,False,False,0.0,0.0
2024-11-03 21:32:55,34.6,24.9,5.43,2.49,0.0,0.0,0.0,23.2,40.0,spring,True,True,False,False,False,0.0,19.5
2024-11-03 22:02:55,43.2,17.9,5.44,2.56,0.0,0.0,0.0,23.2,0.0,spring,False,False,False,False,False,0.0,0.0
2024-11-03 22:32:55,42.8,25.6,5.37,2.56,0.0,0.0,0.0,23.2,0.0,spring,False,False,False,False,False,0.0,0.0
2024-11-03 23:02:55,41.9,19.8,5.41,2.51,0.0,0.0,0.0,23.2,0.0,spring,False,False,False,False,False,0.0,0.0
2024-11-03 23:32:55,40.8,17.0,5.38,2.46,0.0,0.0,0.0,23.2,0.0,spring,False,False,False,False,False,0.0,0.0
2024-11-04 00:02:55,39.6,20.3,5.35,2.46,0.0,0.0,0.0,23.2,0.0,spring,False,False,False,False,False,0.0,0.0
2024-11-04 00:32:55,38.7,17.4,5.36,2.45,0.0,0.0,0.0,23.2,0.0,spring,False,False,False,False,False,0.0,0.0
2024-11-04 01:02:55,37.9,16.3,5.42,2.46,0.0,0.0,0.0,23.2,0.0,spring,False,False,False,False,False,0.0,0.0
2024-11-04 01:32:55,36.5,25.3,5.47,2.49,0.0,0.0,0.0,23.2,0.0,spring,False,False,False,False,False,0.0,0.0
2024-11-04 02:02:55,34.5,16.6,5.55,2.48,0.0,0.0,0.0,21.1,42.5,spring,True,True,False,False,False,0.0,24.4
2024-11-04 02:32:55,40.8,18.4,5.52,2.39,0.0,0.0,0.0,21.1,0.0,spring,False,False,False,False,False,0.0,0.0
2024-11-04 03:02:55,40.8,15.5,5.5,2.43,0.0,0.0,0.0,21.1,0.0,spring,False,False,False,False,False,0.0,0.0
2024-11-04 03:32:55,40.6,20.3,5.45,2.41,0.0,0.0,0.0,21.1,0.0,spring,False,False,False,False,False,0.0,0.0
2024-11-04 04:02:55,39.7,25.3,5.47,2.44,0.0,0.0,0.0,21.1,0.0,spring,False,False,False,False,False,0.0,0.0
2024-11-04 04:32:55,38.4,16.7,5.46,2.49,0.0,0.0,0.0,21.1,0.0,spring,False,False,False,False,False,0.0,0.0
2024-11-04 05:02:55,37.4,25.2,5.48,2.54,0.0,0.0,0.0,21.1,0.0,spring,False,False,False,False,False,0.0,0.0
2024-11-04 05:32:55,37.0,25.5,5.39,2.57,0.0,0.0,0.0,21.1,0.0,spring,False,False,False,False,False,0.0,0.0
2024-11-04 06:02:55,36.6,22.2,5.38,2.62,0.0,0.0,0.0,21.1,0.0,spring,False,False,False,False,False,0.0,0.0
2024-11-04 06:32:55,35.9,25.0,5.34,2.64,0.0,0.0,0.0,21.1,0.0,spring,False,False,False,False,False,0.0,0.0
2024-11-04 07:02:55,35.7,16.4,5.44,2.73,0.0,0.0,0.0,21.1,0.0,spring,False,False,False,False,False,0.0,0.0
2024-11-04 07:32:55,35.5,22.4,5.46,2.67,0.0,0.0,0.0,21.1,0.0,spring,False,False,False,False,False,0.0,0.0
2024-11-04 08:02:55,34.4,32.2,5.47,2.71,0.0,0.0,0.0,19.1,22.2,spring,True,True,False,False,False,0.0,11.4
2024-11-04 08:32:55,39.1,24.1,5.44,2.71,0.0,0.0,0.0,31.7,0.0,spring,False,False,False,True,False,0.0,0.0
2024-11-04 09:02:55,38.4,30.3,5.5,2.68,0.0,0.0,0.0,30.0,39.2,spring,True,True,False,False,False,0.0,22.4
2024-11-04 09:32:55,45.7,22.0,5.59,2.7,0.0,0.0,0.0,30.0,0.0,spring,False,False,False,False,False,0.0,0.0
2024-11-04 10:02:55,45.4,17.7,5.64,2.77,0.0,0.0,0.0,30.0,0.0,spring,False,False,False,False,False,0.0,0.0
2024-11-04 10:32:55,44.7,28.8,5.56,2.74,0.0,0.0,0.0,30.0,0.0,spring,False,False,False,False,False,0.0,0.0
2024-11-04 11:02:55,42.7,19.8,5.55,2.73,0.0,0.0,0.0,30.0,0.0,spring,False,False,False,False,False,0.0,0.0
2024-11-04 11:32:55,41.6,22.3,5.48,2.72,0.0,0.0,0.0,30.0,0.0,spring,False,False,False,False,False,0.0,0.0
2024-11-04 12:02:55,40.5,25.9,5.52,2.74,0.0,0.0,0.0,30.0,0.0,spring,False,False,False,False,False,0.0,0.0
2024-11-04 12:32:55,39.4,19.0,5.56,2.67,0.0,0.0,0.0,30.0,0.0,spring,False,False,False,False,False,0.0,0.0
2024-11-04 13:02:55,37.9,23.1,5.55,2.65,0.0,0.0,0.0,30.0,0.0,spring,False,False,False,False,False,0.0,0.0
2024-11-04 13:32:55,36.3,16.6,5.54,2.68,0.0,0.0,0.0,30.0,0.0,spring,False,False,False,False,False,0.0,0.0
2024-11-04 14:02:55,34.4,20.5,5.5,2.72,0.0,0.0,0.0,28.2,57.7,spring,True,True,False,False,False,0.0,23.0
2024-11-04 14:32:55,42.5,22.8,5.43,2.65,0.0,0.0,0.0,28.2,0.0,spring,False,False,False,False,False,0.0,0.0
2024-11-04 15:02:55,41.3,23.4,5.54,2.63,0.0,0.0,0.0,28.2,0.0,spring,False,False,False,False,False,0.0,0.0
2024-11-04 15:32:55,39.4,23.5,5.48,2.68,0.0,0.0,0.0,28.2,0.0,spring,False,False,False,False,False,0.0,0.0
2024-11-04 16:02:55,38.8,20.3,5.53,2.63,0.0,0.0,0.0,28.2,0.0,spring,False,False,False,False,False,0.0,0.0
2024-11-04 16:32:55,38.3,15.7,5.52,2.66,0.0,0.0,0.0,28.2,0.0,spring,False,False,False,False,False,0.0,0.0
2024-11-04 17:02:55,37.4,18.8,5.49,2.68,0.0,0.0,0.0,28.2,0.0,spring,False,False,False,False,False,0.0,0.0
2024-11-04 17:32:55,36.7,22.8,5.53,2.69,0.0,0.0,0.0,28.2,0.0,spring,False,False,False,False,False,0.0,0.0
2024-11-04 18:02:55,34.8,26.4,5.52,2.7,0.0,0.0,0.0,26.0,20.3,spring,True,True,False,False,False,0.0,21.2
2024-11-04 18:32:55,42.0,20.1,5.52,2.69,0.0,0.0,0.0,26.0,0.0,spring,False,False,False,False,False,0.0,0.0
2024-11-04 19:02:55,40.7,26.1,5.48,2.62,0.0,0.0,0.0,26.0,0.0,spring,False,False,False,False,False,0.0,0.0
2024-11-04 19:32:55,39.9,19.5,5.49,2.54,0.0,0.0,0.0,26.0,0.0,spring,False,False,False,False,False,0.0,0.0
2024-11-04 20:02:55,39.6,19.1,5.41,2.58,0.0,0.0,0.0,26.0,0.0,spring,False,False,False,False,False,0.0,0.0
2024-11-04 20:32:55,37.7,14.2,5.39,2.59,0.0,0.0,0.0,26.0,0.0,spring,False,False,False,False,False,0.0,0.0
2024-11-04 21:02:55,37.4,24.3,5.43,2.59,0.0,0.0,0.0,26.0,0.0,spring,False,False,False,False,False,0.0,0.0
2024-11-04 21:32:55,35.6,22.4,5.41,2.67,0.0,0.0,0.0,26.0,0.0,spring,False,False,False,False,False,0.0,0.0
2024-11-04 22:02:55,35.5,19.6,5.44,2.66,0.0,0.0,0.0,26.0,0.0,spring,False,False,False,False,False,0.0,0.0
2024-11-04 22:32:55,35.0,28.4,5.51,2.61,0.0,0.0,0.0,26.0,0.0,spring,False,False,False,False,False,0.0,0.0
2024-11-04 23:02:55,34.9,17.8,5.47,2.56,0.0,0.0,0.0,23.8,28.2,spring,True,True,False,False,False,0.0,19.5
2024-11-04 23:32:55,44.0,30.6,5.5,2.5,0.0,0.0,0.0,22.3,27.0,spring,True,True,False,False,False,0.0,14.0
2024-11-05 00:02:55,48.5,20.2,5.45,2.44,0.0,0.0,0.0,22.3,0.0,spring,False,False,False,False,False,0.0,0.0
2024-11-05 00:32:55,47.6,20.5,5.39,2.56,0.0,0.0,0.0,22.3,0.0,spring,False,False,False,False,False,0.0,0.0
2024-11-05 01:02:55,47.5,22.1,5.34,2.6,0.0,0.0,0.0,22.3,0.0,spring,False,False,False,False,False,0.0,0.0
2024-11-05 01:32:55,47.1,25.3,5.33,2.59,0.0,0.0,0.0,22.3,0.0,spring,False,False,False,False,False,0.0,0.0
2024-11-05 02:02:55,47.0,27.2,5.39,2.68,0.0,0.0,0.0,22.3,0.0,spring,False,False,False,False,False,0.0,0.0
2024-11-05 02:32:55,45.3,23.7,5.37,2.62,0.0,0.0,0.0,22.3,0.0,spring,False,False,False,False,False,0.0,0.0
2024-11-05 03:02:55,43.5,24.4,5.36,2.61,0.0,0.0,0.0,22.3,0.0,spring,False,False,False,False,False,0.0,0.0
2024-11-05 03:32:55,42.7,12.4,5.37,2.66,0.0,0.0,0.0,22.3,0.0,spring,False,False,False,False,False,0.0,0.0
2024-11-05 04:02:55,40.8,22.0,5.46,2.56,0.0,0.0,0.0,22.3,0.0,spring,False,False,False,False,False,0.0,0.0
2024-11-05 04:32:55,39.8,16.0,5.58,2.59,0.0,0.0,0.0,22.3,0.0,spring,False,False,False,False,False,0.0,0.0
2024-11-05 05:02:55,38.7,23.2,5.57,2.55,0.0,0.0,0.0,22.3,0.0,spring,False,False,False,False,False,0.0,0.0
2024-11-05 05:32:55,37.7,25.5,5.56,2.63,0.0,0.0,0.0,22.3,0.0,spring,False,False,False,False,False,0.0,0.0
2024-11-05 06:02:55,36.2,25.7,5.56,2.66,0.0,0.0,0.0,22.3,0.0,spring,False,False,False,False,False,0.0,0.0
2024-11-05 06:32:55,35.6,24.2,5.58,2.68,0.0,0.0,0.0,22.3,0.0,spring,False,False,False,False,False,0.0,0.0
2024-11-05 07:02:55,34.7,17.9,5.55,2.62,0.0,0.0,0.0,21.1,57.6,spring,True,True,False,False,False,0.0,24.4
2024-11-05 07:32:55,41.4,19.3,5.56,2.65,0.0,0.0,0.0,21.1,0.0,spring,False,False,False,False,False,0.0,0.0
2024-11-05 08:02:55,40.1,25.5,5.61,2.56,0.0,0.0,0.0,21.1,0.0,spring,False,False,False,False,False,0.0,0.0
2024-11-05 08:32:55,39.1,27.4,5.63,2.51,0.0,0.0,0.0,21.1,0.0,spring,False,False,False,False,False,0.0,0.0
2024-11-05 09:02:55,38.1,23.9,5.62,2.39,0.0,0.0,0.0,21.1,0.0,spring,False,False,False,False,False,0.0,0.0
2024-11-05 09:32:55,36.2,29.9,5.69,2.34,0.0,0.0,0.0,21.1,0.0,spring,False,False,False,False,False,0.0,0.0
2024-11-05 10:02:55,35.1,19.3,5.83,2.31,0.0,0.0,0.0,21.1,0.0,spring,False,False,False,False,False,0.0,0.0
2024-11-05 10:32:55,34.7,14.9,5.77,2.32,0.0,0.0,0.0,20.0,27.6,spring,True,True,False,False,False,0.0,24.6
2024-11-05 11:02:55,44.1,25.4,5.85,2.27,0.0,0.0,0.0,20.0,0.0,spring,False,False,False,False,False,0.0,0.0
2024-11-05 11:32:55,43.5,19.3,5.88,2.21,0.0,0.0,0.0,20.0,0.0,spring,False,False,False,False,False,0.0,0.0
2024-11-05 12:02:55,42.7,18.0,5.9,2.23,0.0,0.0,0.0,20.0,0.0,spring,False,False,False,False,False,0.0,0.0
2024-11-05 12:32:55,41.8,25.5,5.91,2.27,0.0,0.0,0.0,20.0,0.0,spring,False,False,False,False,False,0.0,0.0
2024-11-05 13:02:55,40.6,22.8,5.9,2.23,0.0,0.0,0.0,20.0,0.0,spring,False,False,False,False,False,0.0,0.0
2024-11-05 13:32:55,40.1,25.2,5.9,2.15,0.0,0.0,0.0,20.0,0.0,spring,False,False,False,False,False,0.0,0.0
2024-11-05 14:02:55,38.8,25.3,5.93,2.09,0.0,0.0,0.0,20.0,0.0,spring,False,False,False,False,False,0.0,0.0
2024-11-05 14:32:55,38.7,21.5,5.91,2.14,0.0,0.0,0.0,20.0,0.0,spring,False,False,False,False,False,0.0,0.0
2024-11-05 15:02:55,36.9,27.2,5.9,2.21,0.0,0.0,0.0,20.0,0.0,spring,False,False,False,False,False,0.0,0.0
2024-11-05 15:32:55,36.1,26.1,5.85,2.23,0.0,0.0,0.0,20.0,0.0,spring,False,False,False,False,False,0.0,0.0
2024-11-05 16:02:55,35.7,21.3,5.88,2.26,0.0,0.0,0.0,20.0,0.0,spring,False,False,False,False,False,0.0,0.0
2024-11-05 16:32:55,35.0,17.4,5.81,2.29,0.0,0.0,0.0,20.0,0.0,spring,False,False,False,False,False,0.0,0.0
2024-11-05 17:02:55,34.0,17.9,5.85,2.34,0.0,0.0,0.0,18.4,32.1,spring,True,True,False,False,False,0.0,11.3
2024-11-05 17:32:55,39.2,23.3,5.81,2.38,0.0,0.0,0.0,28.8,0.0,spring,False,False,False,True,False,0.0,0.0
2024-11-05 18:02:55,39.1,12.3,5.77,2.32,0.0,0.0,0.0,28.8,0.0,spring,False,False,False,False,False,0.0,0.0
2024-11-05 18:32:55,39.0,22.0,5.83,2.35,0.0,0.0,0.0,28.8,0.0,spring,False,False,False,False,False,0.0,0.0
2024-11-05 19:02:55,37.9,19.4,5.83,2.4,0.0,0.0,0.0,28.8,0.0,spring,False,False,False,False,False,0.0,0.0
2024-11-05 19:32:55,36.0,19.1,5.85,2.39,0.0,0.0,0.0,28.8,0.0,spring,False,False,False,False,False,0.0,0.0
2024-11-05 20:02:55,34.1,23.6,5.94,2.31,0.0,0.0,0.0,26.4,32.1,spring,True,True,False,False,False,0.0,23.6
2024-11-05 20:32:55,39.1,22.0,6.0,2.34,0.0,0.0,0.0,26.4,0.0,spring,False,False,False,False,False,0.0,0.0
2024-11-05 21:02:55,37.6,22.2,5.96,2.34,0.0,0.0,0.0,26.4,0.0,spring,False,False,False,False,False,0.0,0.0
2024-11-05 21:32:55,37.4,29.5,6.0,2.31,0.0,0.0,0.0,26.4,0.0,spring,False,False,False,False,False,0.0,0.0
2024-11-05 22:02:55,35.5,17.3,5.95,2.42,0.0,0.0,0.0,26.4,0.0,spring,False,False,False,False,False,0.0,0.0
2024-11-05 22:32:55,34.3,21.6,6.01,2.44,0.0,0.0,0.0,24.6,44.5,spring,True,True,False,False,False,0.0,20.5
2024-11-05 23:02:55,43.1,25.1,6.06,2.47,0.0,0.0,0.0,24.6,0.0,spring,False,False,False,False,False,0.0,0.0
2024-11-05 23:32:55,43.0,14.6,5.97,2.48,0.0,0.0,0.0,24.6,0.0,spring,False,False,False,False,False,0.0,0.0
2024-11-06 00:02:55,41.3,29.5,5.92,2.43,0.0,0.0,0.0,24.6,0.0,spring,False,False,False,False,False,0.0,0.0
2024-11-06 00:32:55,40.1,22.7,6.0,2.47,0.0,0.0,0.0,24.6,0.0,spring,False,False,False,False,False,0.0,0.0
2024-11-06 01:02:55,39.7,17.5,6.12,2.55,0.0,0.0,0.0,24.6,0.0,spring,False,False,False,False,False,0.0,0.0
2024-11-06 01:32:55,38.8,27.0,6.14,2.6,0.0,0.0,0.0,24.6,0.0,spring,False,False,False,False,False,0.0,0.0
2024-11-06 02:02:55,38.3,14.7,6.11,2.6,0.0,0.0,0.0,24.6,0.0,spring,False,False,False,False,False,0.0,0.0
2024-11-06 02:32:55,36.3,25.0,6.12,2.53,0.0,0.0,0.0,24.6,0.0,spring,False,False,False,False,False,0.0,0.0
2024-11-06 03:02:55,35.1,26.1,6.05,2.51,0.0,0.0,0.0,24.6,0.0,spring,False,False,False,False,False,0.0,0.0
2024-11-06 03:32:55,34.7,25.6,5.96,2.52,0.0,0.0,0.0,22.4,34.8,spring,True,True,False,False,False,0.0,16.6
2024-11-06 04:02:55,40.6,27.7,6.01,2.58,0.0,0.0,0.0,22.4,0.0,spring,False,False,False,False,False,0.0,0.0
2024-11-06 04:32:55,38.9,9.4,6.04,2.54,0.0,0.0,0.0,22.4,0.0,spring,False,False,False,False,False,0.0,0.0
2024-11-06 05:02:55,37.0,19.8,5.99,2.64,0.0,0.0,0.0,22.4,0.0,spring,False,False,False,False,False,0.0,0.0
2024-11-06 05:32:55,35.7,23.2,6.03,2.62,0.0,0.0,0.0,22.4,0.0,spring,False,False,False,False,False,0.0,0.0
2024-11-06 06:02:55,34.1,16.6,5.98,2.62,0.0,0.0,0.0,21.0,33.1,spring,True,True,False,False,False,0.0,13.9
2024-11-06 06:32:55,39.0,26.4,6.04,2.62,0.0,0.0,0.0,21.0,0.0,spring,False,False,False,False,False,0.0,0.0
2024-11-06 07:02:55,38.0,24.0,5.98,2.62,0.0,0.0,0.0,21.0,0.0,spring,False,False,False,False,False,0.0,0.0
2024-11-06 07:32:55,36.5,17.4,6.0,2.64,0.0,0.0,0.0,21.0,0.0,spring,False,False,False,False,False,0.0,0.0
2024-11-06 08:02:55,34.7,23.3,6.03,2.6,0.0,0.0,0.0,18.8,39.8,spring,True,True,False,False,False,0.0,21.7
2024-11-06 08:32:55,44.7,17.3,6.01,2.54,0.0,0.0,0.0,25.0,0.0,spring,False,False,False,True,False,0.0,0.0
2024-11-06 09:02:55,43.4,23.1,6.01,2.64,0.0,0.0,0.0,25.0,0.0,spring,False,False,False,False,False,0.0,0.0
2024-11-06 09:32:55,42.7,23.3,5.99,2.6,0.0,0.0,0.0,25.0,0.0,spring,False,False,False,False,False,0.0,0.0
2024-11-06 10:02:55,42.3,19.7,6.03,2.6,0.0,0.0,0.0,25.0,0.0,spring,False,False,False,False,False,0.0,0.0
2024-11-06 10:32:55,41.0,16.1,6.04,2.57,0.0,0.0,0.0,25.0,0.0,spring,False,False,False,False,False,0.0,0.0
2024-11-06 11:02:55,39.9,25.2,6.05,2.63,0.0,0.0,0.0,25.0,0.0,spring,False,False,False,False,False,0.0,0.0
2024-11-06 11:32:55,38.9,19.1,5.94,2.61,0.0,0.0,0.0,25.0,0.0,spring,False,False,False,False,False,0.0,0.0
2024-11-06 12:02:55,37.7,27.5,5.95,2.57,0.0,0.0,0.0,25.0,0.0,spring,False,False,False,False,False,0.0,0.0
2024-11-06 12:32:55,36.9,21.1,5.99,2.57,0.0,0.0,0.0,25.0,0.0,spring,False,False,False,False,False,0.0,0.0
2024-11-06 13:02:55,36.4,27.0,6.0,2.53,0.0,0.0,0.0,25.0,0.0,spring,False,False,False,False,False,0.0,0.0
2024-11-06 13:32:55,36.0,23.9,5.97,2.5,0.0,0.0,0.0,25.0,0.0,spring,False,False,False,False,False,0.0,0.0
2024-11-06 14:02:55,34.8,17.2,5.92,2.54,0.0,0.0,0.0,23.8,29.0,spring,True,True,False,False,False,0.0,18.1
2024-11-06 14:32:55,43.1,20.1,5.86,2.63,0.0,0.0,0.0,23.8,0.0,spring,False,False,False,False,False,0.0,0.0
2024-11-06 15:02:55,42.4,21.6,5.8,2.48,0.0,0.0,0.0,23.8,0.0,spring,False,False,False,False,False,0.0,0.0
2024-11-06 15:32:55,41.4,29.7,5.85,2.52,0.0,0.0,0.0,23.8,0.0,spring,False,False,False,False,False,0.0,0.0
2024-11-06 16:02:55,40.4,20.2,5.77,2.55,0.0,0.0,0.0,23.8,0.0,spring,False,False,False,False,False,0.0,0.0
2024-11-06 16:32:55,39.3,30.5,5.81,2.58,0.0,0.0,0.0,21.5,39.2,spring,True,True,False,False,False,0.0,17.3
2024-11-06 17:02:55,47.9,21.4,5.82,2.6,0.0,0.0,0.0,21.5,0.0,spring,False,False,False,False,False,0.0,0.0
2024-11-06 17:32:55,47.1,28.0,5.89,2.58,0.0,0.0,0.0,21.5,0.0,spring,False,False,False,False,False,0.0,0.0
2024-11-06 18:02:55,47.1,20.7,5.85,2.57,0.0,0.0,0.0,21.5,0.0,spring,False,False,False,False,False,0.0,0.0
2024-11-06 18:32:55,46.2,17.0,5.87,2.62,0.0,0.0,0.0,21.5,0.0,spring,False,False,False,False,False,0.0,0.0
2024-11-06 19:02:55,45.1,28.0,5.84,2.65,0.0,0.0,0.0,21.5,0.0,spring,False,False,False,False,False,0.0,0.0
2024-11-06 19:32:55,44.3,18.2,5.81,2.72,0.0,0.0,0.0,21.5,0.0,spring,False,False,False,False,False,0.0,0.0
2024-11-06 20:02:55,44.3,19.7,5.79,2.82,0.0,0.0,0.0,21.5,0.0,spring,False,False,False,False,False,0.0,0.0
2024-11-06 20:32:55,43.4,21.7,5.73,2.78,0.0,0.0,0.0,21.5,0.0,spring,False,False,False,False,False,0.0,0.0
2024-11-06 21:02:55,42.3,21.6,5.7,2.72,0.0,0.0,0.0,21.5,0.0,spring,False,False,False,False,False,0.0,0.0
2024-11-06 21:32:55,40.3,20.8,5.66,2.78,0.0,0.0,0.0,21.5,0.0,spring,False,False,False,False,False,0.0,0.0
2024-11-06 22:02:55,40.1,23.2,5.68,2.82,0.0,0.0,0.0,21.5,0.0,spring,False,False,False,False,False,0.0,0.0
2024-11-06 22:32:55,39.2,29.9,5.69,2.82,0.0,0.0,0.0,21.5,0.0,spring,False,False,False,False,False,0.0,0.0
2024-11-06 23:02:55,39.0,28.4,5.65,2.82,0.0,0.0,0.0,21.5,0.0,spring,False,False,False,False,False,0.0,0.0
2024-11-06 23:32:55,38.6,19.7,5.65,2.89,0.0,0.0,0.0,21.5,0.0,spring,False,False,False,False,False,0.0,0.0
2024-11-07 00:02:55,37.7,20.2,5.68,2.85,0.0,0.0,0.0,21.5,0.0,spring,False,False,False,False,False,0.0,0.0
2024-11-07 00:32:55,37.1,12.9,5.61,2.93,0.0,0.0,0.0,21.5,0.0,spring,False,False,False,False,False,0.0,0.0
2024-11-07 01:02:55,36.2,19.0,5.67,2.91,0.0,0.0,0.0,21.5,0.0,spring,False,False,False,False,False,0.0,0.0
2024-11-07 01:32:55,34.8,22.3,5.69,2.9,0.0,0.0,0.0,20.3,21.5,spring,True,True,False,False,False,0.0,24.5
2024-11-07 02:02:55,44.6,27.3,5.72,2.8,0.0,0.0,0.0,20.3,0.0,spring,False,False,False,False,False,0.0,0.0
2024-11-07 02:32:55,44.2,24.0,5.75,2.77,0.0,0.0,0.0,20.3,0.0,spring,False,False,False,False,False,0.0,0.0
2024-11-07 03:02:55,43.8,25.6,5.77,2.83,0.0,0.0,0.0,20.3,0.0,spring,False,False,False,False,False,0.0,0.0
2024-11-07 03:32:55,42.4,15.7,5.75,2.83,0.0,0.0,0.0,20.3,0.0,spring,False,False,False,False,False,0.0,0.0
2024-11-07 04:02:55,40.9,18.1,5.79,2.8,0.0,0.0,0.0,20.3,0.0,spring,False,False,False,False,False,0.0,0.0
2024-11-07 04:32:55,40.2,19.4,5.77,2.77,0.0,0.0,0.0,20.3,0.0,spring,False,False,False,False,False,0.0,0.0
2024-11-07 05:02:55,38.3,23.8,5.66,2.77,0.0,0.0,0.0,20.3,0.0,spring,False,False,False,False,False,0.0,0.0
2024-11-07 05:32:55,36.7,22.6,5.63,2.78,0.0,0.0,0.0,20.3,0.0,spring,False,False,False,False,False,0.0,0.0
2024-11-07 06:02:55,35.7,20.4,5.51,2.75,0.0,0.0,0.0,20.3,0.0,spring,False,False,False,False,False,0.0,0.0
2024-11-07 06:32:55,33.7,22.3,5.45,2.72,0.0,0.0,0.0,18.7,39.4,spring,True,True,False,False,False,0.0,12.0
2024-11-07 07:02:55,40.6,20.8,5.45,2.73,0.0,0.0,0.0,29.4,0.0,spring,False,False,False,True,False,0.0,0.0
2024-11-07 07:32:55,38.7,20.1,5.45,2.65,0.0,0.0,0.0,29.4,0.0,spring,False,False,False,False,False,0.0,0.0
2024-11-07 08:02:55,37.5,20.2,5.49,2.7,0.0,0.0,0.0,29.4,0.0,spring,False,False,False,False,False,0.0,0.0
2024-11-07 08:32:55,36.3,20.1,5.53,2.69,0.0,0.0,0.0,29.4,0.0,spring,False,False,False,False,False,0.0,0.0
2024-11-07 09:02:55,36.0,19.9,5.53,2.68,0.0,0.0,0.0,29.4,0.0,spring,False,False,False,False,False,0.0,0.0
2024-11-07 09:32:55,35.8,26.9,5.54,2.59,0.0,0.0,0.0,29.4,0.0,spring,False,False,False,False,False,0.0,0.0
2024-11-07 10:02:55,34.2,12.3,5.49,2.56,0.0,0.0,0.0,27.8,42.4,spring,True,True,False,False,False,0.0,15.2
2024-11-07 10:32:55,40.4,21.9,5.47,2.49,0.0,0.0,0.0,27.8,0.0,spring,False,False,False,False,False,0.0,0.0
2024-11-07 11:02:55,38.6,19.6,5.44,2.45,0.0,0.0,0.0,27.8,0.0,spring,False,False,False,False,False,0.0,0.0
2024-11-07 11:32:55,37.2,16.2,5.31,2.47,0.0,0.0,0.0,27.8,0.0,spring,False,False,False,False,False,0.0,0.0
2024-11-07 12:02:55,35.6,22.8,5.31,2.42,0.0,0.0,0.0,27.8,0.0,spring,False,False,False,False,False,0.0,0.0
2024-11-07 12:32:55,35.0,23.3,5.36,2.45,0.0,0.0,0.0,24.9,20.1,spring,True,True,False,False,False,0.0,23.2
2024-11-07 13:02:55,44.2,20.1,5.29,2.54,0.0,0.0,0.0,24.9,0.0,spring,False,False,False,False,False,0.0,0.0
2024-11-07 13:32:55,42.4,26.8,5.28,2.55,0.0,0.0,0.0,24.9,0.0,spring,False,False,False,False,False,0.0,0.0
2024-11-07 14:02:55,41.3,26.0,5.34,2.54,0.0,0.0,0.0,24.9,0.0,spring,False,False,False,False,False,0.0,0.0
2024-11-07 14:32:55,40.5,20.7,5.28,2.5,0.0,0.0,0.0,24.9,0.0,spring,False,False,False,False,False,0.0,0.0
2024-11-07 15:02:55,39.5,22.6,5.17,2.49,0.0,0.0,0.0,24.9,0.0,spring,False,False,False,False,False,0.0,0.0
2024-11-07 15:32:55,37.6,21.8,5.18,2.5,0.0,0.0,0.0,24.9,0.0,spring,False,False,False,False,False,0.0,0.0
2024-11-07 16:02:55,37.1,22.1,5.16,2.54,0.0,0.0,0.0,24.9,0.0,spring,False,False,False,False,False,0.0,0.0
2024-11-07 16:32:55,35.6,17.5,5.17,2.59,0.0,0.0,0.0,24.9,0.0,spring,False,False,False,False,False,0.0,0.0
2024-11-07 17:02:55,34.3,23.3,5.08,2.59,0.0,0.0,0.0,22.6,24.5,spring,True,True,False,False,False,0.0,24.2
2024-11-07 17:32:55,44.1,18.7,5.14,2.6,0.0,0.0,0.0,22.6,0.0,spring,False,False,False,False,False,0.0,0.0
2024-11-07 18:02:55,43.3,20.9,5.08,2.6,0.0,0.0,0.0,22.6,0.0,spring,False,False,False,False,False,0.0,0.0
2024-11-07 18:32:55,42.3,21.2,5.09,2.52,0.0,0.0,0.0,22.6,0.0,spring,False,False,False,False,False,0.0,0.0
2024-11-07 19:02:55,41.9,27.1,5.14,2.53,0.0,0.0,0.0,22.6,0.0,spring,False,False,False,False,False,0.0,0.0
2024-11-07 19:32:55,41.5,19.4,5.16,2.55,0.0,0.0,0.0,22.6,0.0,spring,False,False,False,False,False,0.0,0.0
2024-11-07 20:02:55,40.8,17.2,5.15,2.58,0.0,0.0,0.0,22.6,0.0,spring,False,False,False,False,False,0.0,0.0
2024-11-07 20:32:55,40.0,22.1,5.12,2.54,0.0,0.0,0.0,22.6,0.0,spring,False,False,False,False,False,0.0,0.0
2024-11-07 21:02:55,38.5,26.6,5.03,2.52,0.0,0.0,0.0,22.6,0.0,spring,False,False,False,False,False,0.0,0.0
2024-11-07 21:32:55,38.1,20.3,4.99,2.52,0.0,0.0,0.0,22.6,0.0,spring,False,False,False,False,False,0.0,0.0
2024-11-07 22:02:55,37.7,26.4,4.99,2.52,0.0,0.0,0.0,22.6,0.0,spring,False,False,False,False,False,0.0,0.0
2024-11-07 22:32:55,35.8,16.3,5.09,2.49,0.0,0.0,0.0,22.6,0.0,spring,False,False,False,False,False,0.0,0.0
2024-11-07 23:02:55,34.6,18.4,5.17,2.55,0.0,0.0,0.0,21.3,39.3,spring,True,True,False,False,False,0.0,22.9
2024-11-07 23:32:55,42.2,24.4,5.2,2.61,0.0,0.0,0.0,21.3,0.0,spring,False,False,False,False,False,0.0,0.0
2024-11-08 00:02:55,41.3,18.0,5.25,2.62,0.0,0.0,0.0,21.3,0.0,spring,False,False,False,False,False,0.0,0.0
2024-11-08 00:32:55,40.2,22.8,5.3,2.63,0.0,0.0,0.0,21.3,0.0,spring,False,False,False,False,False,0.0,0.0
2024-11-08 01:02:55,39.7,17.2,5.39,2.6,0.0,0.0,0.0,21.3,0.0,spring,False,False,False,False,False,0.0,0.0
2024-11-08 01:32:55,38.0,18.7,5.48,2.56,0.0,0.0,0.0,21.3,0.0,spring,False,False,False,False,False,0.0,0.0
2024-11-08 02:02:55,36.9,22.8,5.47,2.61,0.0,0.0,0.0,21.3,0.0,spring,False,False,False,False,False,0.0,0.0
2024-11-08 02:32:55,36.8,24.9,5.39,2.68,0.0,0.0,0.0,21.3,0.0,spring,False,False,False,False,False,0.0,0.0
2024-11-08 03:02:55,35.2,22.5,5.33,2.65,0.0,0.0,0.0,21.3,0.0,spring,False,False,False,False,False,0.0,0.0
2024-11-08 03:32:55,33.9,24.7,5.31,2.68,0.0,0.0,0.0,19.5,54.7,spring,True,True,False,False,False,0.0,24.7
2024-11-08 04:02:55,40.7,23.1,5.33,2.66,0.0,0.0,0.0,28.8,0.0,spring,False,False,False,True,False,0.0,0.0
2024-11-08 04:32:55,38.9,20.3,5.27,2.71,0.0,0.0,0.0,28.8,0.0,spring,False,False,False,False,False,0.0,0.0
2024-11-08 05:02:55,37.3,24.0,5.27,2.7,0.0,0.0,0.0,28.8,0.0,spring,False,False,False,False,False,0.0,0.0
2024-11-08 05:32:55,37.0,22.9,5.2,2.72,0.0,0.0,0.0,28.8,0.0,spring,False,False,False,False,False,0.0,0.0
2024-11-08 06:02:55,36.7,25.3,5.26,2.75,0.0,0.0,0.0,28.8,0.0,spring,False,False,False,False,False,0.0,0.0
2024-11-08 06:32:55,36.5,18.5,5.27,2.79,0.0,0.0,0.0,28.8,0.0,spring,False,False,False,False,False,0.0,0.0
2024-11-08 07:02:55,34.6,19.9,5.27,2.71,0.0,0.0,0.0,26.1,52.5,spring,True,True,False,False,False,0.0,19.9
2024-11-08 07:32:55,40.8,21.1,5.26,2.76,0.0,0.0,0.0,26.1,0.0,spring,False,False,False,False,False,0.0,0.0
2024-11-08 08:02:55,39.6,24.7,5.29,2.75,0.0,0.0,0.0,26.1,0.0,spring,False,False,False,False,False,0.0,0.0
2024-11-08 08:32:55,38.8,17.2,5.24,2.72,0.0,0.0,0.0,26.1,0.0,spring,False,False,False,False,False,0.0,0.0
2024-11-08 09:02:55,38.3,15.7,5.23,2.71,0.0,0.0,0.0,26.1,0.0,spring,False,False,False,False,False,0.0,0.0
2024-11-08 09:32:55,36.6,19.3,5.27,2.62,0.0,0.0,0.0,26.1,0.0,spring,False,False,False,False,False,0.0,0.0
2024-11-08 10:02:55,36.4,18.0,5.17,2.63,0.0,0.0,0.0,26.1,0.0,spring,False,False,False,False,False,0.0,0.0
2024-11-08 10:32:55,34.7,22.6,5.28,2.75,0.0,0.0,0.0,23.4,39.7,spring,True,True,False,False,False,0.0,19.6
2024-11-08 11:02:55,39.7,21.6,5.29,2.72,0.0,0.0,0.0,23.4,0.0,spring,False,False,False,False,False,0.0,0.0
2024-11-08 11:32:55,37.9,24.8,5.25,2.78,0.0,0.0,0.0,23.4,0.0,spring,False,False,False,False,False,0.0,0.0
2024-11-08 12:02:55,37.6,31.6,5.33,2.78,0.0,0.0,0.0,21.3,59.2,spring,True,True,False,False,False,0.0,24.9
2024-11-08 12:32:55,44.2,16.7,5.35,2.69,0.0,0.0,0.0,21.3,0.0,spring,False,False,False,False,False,0.0,0.0
2024-11-08 13:02:55,42.3,19.5,5.35,2.66,0.0,0.0,0.0,21.3,0.0,spring,False,False,False,False,False,0.0,0.0
2024-11-08 13:32:55,42.3,23.9,5.37,2.63,0.0,0.0,0.0,21.3,0.0,spring,False,False,False,False,False,0.0,0.0
2024-11-08 14:02:55,40.3,27.8,5.38,2.69,0.0,0.0,0.0,21.3,0.0,spring,False,False,False,False,False,0.0,0.0
2024-11-08 14:32:55,38.8,23.5,5.44,2.7,0.0,0.0,0.0,21.3,0.0,spring,False,False,False,False,False,0.0,0.0
2024-11-08 15:02:55,38.0,13.8,5.51,2.73,0.0,0.0,0.0,21.3,0.0,spring,False,False,False,False,False,0.0,0.0
2024-11-08 15:32:55,36.5,22.6,5.5,2.61,0.0,0.0,0.0,21.3,0.0,spring,False,False,False,False,False,0.0,0.0
2024-11-08 16:02:55,35.0,25.1,5.51,2.48,0.0,0.0,0.0,21.3,0.0,spring,False,False,False,False,False,0.0,0.0
2024-11-08 16:32:55,34.7,17.1,5.51,2.47,0.0,0.0,0.0,18.7,56.1,spring,True,True,False,False,False,0.0,16.7
2024-11-08 17:02:55,42.6,19.1,5.48,2.5,0.0,0.0,0.0,31.0,0.0,spring,False,False,False,True,False,0.0,0.0
2024-11-08 17:32:55,41.9,19.4,5.44,2.49,0.0,0.0,0.0,31.0,0.0,spring,False,False,False,False,False,0.0,0.0
2024-11-08 18:02:55,41.8,16.5,5.44,2.5,0.0,0.0,0.0,31.0,0.0,spring,False,False,False,False,False,0.0,0.0
2024-11-08 18:32:55,41.1,23.5,5.47,2.43,0.0,0.0,0.0,31.0,0.0,spring,False,False,False,False,False,0.0,0.0
2024-11-08 19:02:55,39.3,23.7,5.55,2.44,0.0,0.0,0.0,31.0,0.0,spring,False,False,False,False,False,0.0,0.0
2024-11-08 19:32:55,38.9,28.5,5.57,2.43,0.0,0.0,0.0,31.0,0.0,spring,False,False,False,False,False,0.0,0.0
2024-11-08 20:02:55,37.8,28.5,5.57,2.37,0.0,0.0,0.0,31.0,0.0,spring,False,False,False,False,False,0.0,0.0
2024-11-08 20:32:55,36.1,24.3,5.66,2.4,0.0,0.0,0.0,31.0,0.0,spring,False,False,False,False,False,0.0,0.0
2024-11-08 21:02:55,34.6,22.1,5.72,2.39,0.0,0.0,0.0,28.5,31.7,spring,True,True,False,False,False,0.0,11.7
2024-11-08 21:32:55,39.2,17.1,5.7,2.41,0.0,0.0,0.0,28.5,0.0,spring,False,False,False,False,False,0.0,0.0
2024-11-08 22:02:55,37.9,21.4,5.61,2.39,0.0,0.0,0.0,28.5,0.0,spring,False,False,False,False,False,0.0,0.0
2024-11-08 22:32:55,37.6,19.6,5.58,2.37,0.0,0.0,0.0,28.5,0.0,spring,False,False,False,False,False,0.0,0.0
2024-11-08 23:02:55,37.3,20.8,5.61,2.31,0.0,0.0,0.0,28.5,0.0,spring,False,False,False,False,False,0.0,0.0
2024-11-08 23:32:55,37.0,25.0,5.54,2.35,0.0,0.0,0.0,28.5,0.0,spring,False,False,False,False,False,0.0,0.0
2024-11-09 00:02:55,36.0,26.2,5.46,2.41,0.0,0.0,0.0,28.5,0.0,spring,False,False,False,False,False,0.0,0.0
2024-11-09 00:32:55,35.2,20.8,5.44,2.46,0.0,0.0,0.0,28.5,0.0,spring,False,False,False,False,False,0.0,0.0
2024-11-09 01:02:55,34.6,19.1,5.43,2.45,0.0,0.0,0.0,27.4,39.5,spring,True,True,False,False,False,0.0,23.4
2024-11-09 01:32:55,42.7,28.5,5.36,2.45,0.0,0.0,0.0,27.4,0.0,spring,False,False,False,False,False,0.0,0.0
2024-11-09 02:02:55,40.9,25.6,5.32,2.47,0.0,0.0,0.0,27.4,0.0,spring,False,False,False,False,False,0.0,0.0
2024-11-09 02:32:55,40.6,17.7,5.3,2.55,0.0,0.0,0.0,27.4,0.0,spring,False,False,False,False,False,0.0,0.0
2024-11-09 03:02:55,38.7,18.7,5.4,2.52,0.0,0.0,0.0,27.4,0.0,spring,False,False,False,False,False,0.0,0.0
2024-11-09 03:32:55,36.8,20.1,5.39,2.54,0.0,0.0,0.0,27.4,0.0,spring,False,False,False,False,False,0.0,0.0
2024-11-09 04:02:55,35.9,18.3,5.4,2.55,0.0,0.0,0.0,27.4,0.0,spring,False,False,False,False,False,0.0,0.0
2024-11-09 04:32:55,35.4,26.2,5.41,2.49,0.0,0.0,0.0,27.4,0.0,spring,False,False,False,False,False,0.0,0.0
2024-11-09 05:02:55,35.0,24.3,5.46,2.55,0.0,0.0,0.0,27.4,0.0,spring,False,False,False,False,False,0.0,0.0
2024-11-09 05:32:55,34.0,21.7,5.5,2.54,0.0,0.0,0.0,26.0,49.1,spring,True,True,False,False,False,0.0,21.2
2024-11-09 06:02:55,38.7,18.5,5.44,2.57,0.0,0.0,0.0,26.0,0.0,spring,False,False,False,False,False,0.0,0.0
2024-11-09 06:32:55,36.8,18.6,5.4,2.6,0.0,0.0,0.0,26.0,0.0,spring,False,False,False,False,False,0.0,0.0
2024-11-09 07:02:55,36.1,29.9,5.45,2.63,0.0,0.0,0.0,26.0,0.0,spring,False,False,False,False,False,0.0,0.0
2024-11-09 07:32:55,35.5,19.5,5.46,2.55,0.0,0.0,0.0,26.0,0.0,spring,False,False,False,False,False,0.0,0.0
2024-11-09 08:02:55,33.6,20.3,5.47,2.58,0.0,0.0,0.0,23.5,38.9,spring,True,True,False,False,False,0.0,17.4
2024-11-09 08:32:55,40.0,20.9,5.56,2.61,0.0,0.0,0.0,23.5,0.0,spring,False,False,False,False,False,0.0,0.0
2024-11-09 09:02:55,38.3,22.9,5.6,2.53,0.0,0.0,0.0,23.5,0.0,spring,False,False,False,False,False,0.0,0.0
2024-11-09 09:32:55,36.8,24.3,5.52,2.42,0.0,0.0,0.0,23.5,0.0,spring,False,False,False,False,False,0.0,0.0
2024-11-09 10:02:55,35.2,19.4,5.53,2.42,0.0,0.0,0.0,23.5,0.0,spring,False,False,False,False,False,0.0,0.0
2024-11-09 10:32:55,34.8,20.3,5.58,2.45,0.0,0.0,0.0,21.8,27.7,spring,True,True,False,False,False,0.0,14.5
2024-11-09 11:02:55,40.4,21.3,5.66,2.49,0.0,0.0,0.0,21.8,0.0,spring,False,False,False,False,False,0.0,0.0
2024-11-09 11:32:55,40.2,26.4,5.62,2.45,0.0,0.0,0.0,21.8,0.0,spring,False,False,False,False,False,0.0,0.0
2024-11-09 12:02:55,39.4,19.5,5.64,2.41,0.0,0.0,0.0,21.8,0.0,spring,False,False,False,False,False,0.0,0.0
2024-11-09 12:32:55,38.0,22.9,5.72,2.4,0.0,0.0,0.0,21.8,0.0,spring,False,False,False,False,False,0.0,0.0
2024-11-09 13:02:55,36.1,19.7,5.75,2.38,0.0,0.0,0.0,21.8,0.0,spring,False,False,False,False,False,0.0,0.0
2024-11-09 13:32:55,34.1,28.9,5.79,2.3,0.0,0.0,0.0,20.4,46.9,spring,True,True,False,False,False,0.0,18.0
2024-11-09 14:02:55,42.5,20.2,5.81,2.32,0.0,0.0,0.0,20.4,0.0,spring,False,False,False,False,False,0.0,0.0
2024-11-09 14:32:55,40.8,24.5,5.87,2.35,0.0,0.0,0.0,20.4,0.0,spring,False,False,False,False,False,0.0,0.0
2024-11-09 15:02:55,39.8,26.7,5.9,2.39,0.0,0.0,0.0,20.4,0.0,spring,False,False,False,False,False,0.0,0.0
2024-11-09 15:32:55,39.7,19.8,5.94,2.41,0.0,0.0,0.0,20.4,0.0,spring,False,False,False,False,False,0.0,0.0
2024-11-09 16:02:55,39.0,26.0,5.96,2.36,0.0,0.0,0.0,20.4,0.0,spring,False,False,False,False,False,0.0,0.0
2024-11-09 16:32:55,37.1,22.4,5.95,2.38,0.0,0.0,0.0,20.4,0.0,spring,False,False,False,False,False,0.0,0.0
2024-11-09 17:02:55,36.5,19.2,5.93,2.35,0.0,0.0,0.0,20.4,0.0,spring,False,False,False,False,False,0.0,0.0
2024-11-09 17:32:55,35.9,17.0,5.94,2.29,0.0,0.0,0.0,20.4,0.0,spring,False,False,False,False,False,0.0,0.0
2024-11-09 18:02:55,34.8,21.5,5.92,2.28,0.0,0.0,0.0,19.3,36.8,spring,True,True,False,False,False,0.0,17.0
2024-11-09 18:32:55,42.7,18.7,5.91,2.34,0.0,0.0,0.0,27.5,0.0,spring,False,False,False,True,False,0.0,0.0
2024-11-09 19:02:55,41.2,15.6,5.94,2.35,0.0,0.0,0.0,27.5,0.0,spring,False,False,False,False,False,0.0,0.0
2024-11-09 19:32:55,39.4,16.4,5.91,2.35,0.0,0.0,0.0,27.5,0.0,spring,False,False,False,False,False,0.0,0.0
2024-11-09 20:02:55,38.3,22.8,6.01,2.4,0.0,0.0,0.0,27.5,0.0,spring,False,False,False,False,False,0.0,0.0
2024-11-09 20:32:55,37.5,24.1,6.0,2.39,0.0,0.0,0.0,27.5,0.0,spring,False,False,False,False,False,0.0,0.0
2024-11-09 21:02:55,36.8,15.0,6.01,2.34,0.0,0.0,0.0,27.5,0.0,spring,False,False,False,False,False,0.0,0.0
2024-11-09 21:32:55,35.2,18.2,6.0,2.36,0.0,0.0,0.0,27.5,0.0,spring,False,False,False,False,False,0.0,0.0
2024-11-09 22:02:55,33.7,22.0,6.03,2.35,0.0,0.0,0.0,25.3,20.8,spring,True,True,False,False,False,0.0,13.5
2024-11-09 22:32:55,43.4,25.9,6.07,2.38,0.0,0.0,0.0,25.3,0.0,spring,False,False,False,False,False,0.0,0.0
2024-11-09 23:02:55,42.8,18.2,6.11,2.36,0.0,0.0,0.0,25.3,0.0,spring,False,False,False,False,False,0.0,0.0
2024-11-09 23:32:55,41.4,13.6,6.11,2.36,0.0,0.0,0.0,25.3,0.0,spring,False,False,False,False,False,0.0,0.0
2024-11-10 00:02:55,39.7,24.9,6.16,2.33,0.0,0.0,0.0,25.3,0.0,spring,False,False,False,False,False,0.0,0.0
2024-11-10 00:32:55,38.9,23.5,6.17,2.37,0.0,0.0,0.0,25.3,0.0,spring,False,False,False,False,False,0.0,0.0
2024-11-10 01:02:55,38.2,23.0,6.2,2.37,0.0,0.0,0.0,25.3,0.0,spring,False,False,False,False,False,0.0,0.0
2024-11-10 01:32:55,36.8,16.8,6.2,2.42,0.0,0.0,0.0,25.3,0.0,spring,False,False,False,False,False,0.0,0.0
2024-11-10 02:02:55,36.4,21.2,6.11,2.48,0.0,0.0,0.0,25.3,0.0,spring,False,False,False,False,False,0.0,0.0
2024-11-10 02:32:55,35.3,25.0,6.14,2.49,0.0,0.0,0.0,25.3,0.0,spring,False,False,False,False,False,0.0,0.0
2024-11-10 03:02:55,34.6,26.5,6.15,2.5,0.0,0.0,0.0,23.0,53.2,spring,True,True,False,False,False,0.0,12.3
2024-11-10 03:32:55,42.8,21.2,6.19,2.5,0.0,0.0,0.0,23.0,0.0,spring,False,False,False,False,False,0.0,0.0
2024-11-10 04:02:55,42.3,27.0,6.19,2.49,0.0,0.0,0.0,23.0,0.0,spring,False,False,False,False,False,0.0,0.0
2024-11-10 04:32:55,41.4,20.3,6.2,2.49,0.0,0.0,0.0,23.0,0.0,spring,False,False,False,False,False,0.0,0.0
2024-11-10 05:02:55,41.1,24.4,6.15,2.49,0.0,0.0,0.0,23.0,0.0,spring,False,False,False,False,False,0.0,0.0
2024-11-10 05:32:55,41.1,26.8,6.16,2.4,0.0,0.0,0.0,23.0,0.0,spring,False,False,False,False,False,0.0,0.0
2024-11-10 06:02:55,39.4,24.8,6.12,2.32,0.0,0.0,0.0,23.0,0.0,spring,False,False,False,False,False,0.0,0.0
2024-11-10 06:32:55,37.5,25.2,6.15,2.23,0.0,0.0,0.0,23.0,0.0,spring,False,False,False,False,False,0.0,0.0
2024-11-10 07:02:55,36.4,18.7,6.24,2.21,0.0,0.0,0.0,23.0,0.0,spring,False,False,False,False,False,0.0,0.0
2024-11-10 07:32:55,34.6,31.0,6.27,2.19,0.0,0.0,0.0,21.3,37.4,spring,True,True,False,False,False,0.0,17.5
2024-11-10 08:02:55,41.5,23.9,6.25,2.23,0.0,0.0,0.0,21.3,0.0,spring,False,False,False,False,False,0.0,0.0
2024-11-10 08:32:55,40.4,24.3,6.27,2.33,0.0,0.0,0.0,21.3,0.0,spring,False,False,False,False,False,0.0,0.0
2024-11-10 09:02:55,39.8,20.3,6.34,2.32,0.0,0.0,0.0,21.3,0.0,spring,False,False,False,False,False,0.0,0.0
2024-11-10 09:32:55,39.7,17.0,6.35,2.21,0.0,0.0,0.0,21.3,0.0,spring,False,False,False,False,False,0.0,0.0
2024-11-10 10:02:55,39.6,28.8,6.38,2.18,0.0,0.0,0.0,21.3,0.0,spring,False,False,False,False,False,0.0,0.0
2024-11-10 10:32:55,37.9,18.1,6.37,2.17,0.0,0.0,0.0,21.3,0.0,spring,False,False,False,False,False,0.0,0.0
2024-11-10 11:02:55,36.8,22.3,6.27,2.15,0.0,0.0,0.0,21.3,0.0,spring,False,False,False,False,False,0.0,0.0
2024-11-10 11:32:55,35.6,17.1,6.29,2.18,0.0,0.0,0.0,21.3,0.0,spring,False,False,False,False,False,0.0,0.0
2024-11-10 12:02:55,34.6,18.2,6.3,2.15,0.0,0.0,0.0,18.6,32.7,spring,True,True,False,False,False,0.0,10.3
2024-11-10 12:32:55,43.4,23.9,6.34,2.11,0.0,0.0,0.0,31.4,0.0,spring,False,False,False,True,False,0.0,0.0
2024-11-10 13:02:55,43.3,19.8,6.36,2.24,0.0,0.0,0.0,31.4,0.0,spring,False,False,False,False,False,0.0,0.0
2024-11-10 13:32:55,42.8,21.5,6.35,2.24,0.0,0.0,0.0,31.4,0.0,spring,False,False,False,False,False,0.0,0.0
2024-11-10 14:02:55,41.4,20.9,6.34,2.23,0.0,0.0,0.0,31.4,0.0,spring,False,False,False,False,False,0.0,0.0
2024-11-10 14:32:55,40.7,18.2,6.27,2.11,0.0,0.0,0.0,31.4,0.0,spring,False,False,False,False,False,0.0,0.0
2024-11-10 15:02:55,38.8,22.0,6.33,2.09,0.0,0.0,0.0,31.4,0.0,spring,False,False,False,False,False,0.0,0.0
2024-11-10 15:32:55,38.7,17.0,6.35,2.15,0.0,0.0,0.0,31.4,0.0,spring,False,False,False,False,False,0.0,0.0
2024-11-10 16:02:55,37.5,24.5,6.36,2.12,0.0,0.0,0.0,31.4,0.0,spring,False,False,False,False,False,0.0,0.0
2024-11-10 16:32:55,35.9,16.9,6.35,2.09,0.0,0.0,0.0,31.4,0.0,spring,False,False,False,False,False,0.0,0.0
2024-11-10 17:02:55,34.0,27.2,6.32,2.08,0.0,0.0,0.0,28.9,51.3,spring,True,True,False,False,False,0.0,24.1
2024-11-10 17:32:55,39.1,20.7,6.27,2.06,0.0,0.0,0.0,28.9,0.0,spring,False,False,False,False,False,0.0,0.0
2024-11-10 18:02:55,37.2,19.2,6.23,2.01,0.0,0.0,0.0,28.9,0.0,spring,False,False,False,False,False,0.0,0.0
2024-11-10 18:32:55,36.7,19.5,6.11,2.03,0.0,0.0,0.0,28.9,0.0,spring,False,False,False,False,False,0.0,0.0
2024-11-10 19:02:55,36.3,21.5,6.09,2.04,0.0,0.0,0.0,28.9,0.0,spring,False,False,False,False,False,0.0,0.0
2024-11-10 19:32:55,35.3,20.3,6.05,2.07,0.0,0.0,0.0,28.9,0.0,spring,False,False,False,False,False,0.0,0.0
2024-11-10 20:02:55,35.2,13.5,6.13,2.04,0.0,0.0,0.0,28.9,0.0,spring,False,False,False,False,False,0.0,0.0
2024-11-10 20:32:55,33.9,18.3,6.14,2.02,0.0,0.0,0.0,27.3,44.2,spring,True,True,False,False,False,0.0,24.3
2024-11-10 21:02:55,40.0,18.6,6.06,1.99,0.0,0.0,0.0,27.3,0.0,spring,False,False,False,False,False,0.0,0.0
2024-11-10 21:32:55,40.0,22.4,6.08,2.0,0.0,0.0,0.0,27.3,0.0,spring,False,False,False,False,False,0.0,0.0
2024-11-10 22:02:55,38.8,21.9,6.0,2.01,0.0,0.0,0.0,27.3,0.0,spring,False,False,False,False,False,0.0,0.0
2024-11-10 22:32:55,36.9,22.5,5.98,2.03,0.0,0.0,0.0,27.3,0.0,spring,False,False,False,False,False,0.0,0.0
2024-11-10 23:02:55,35.5,22.8,6.01,1.99,0.0,0.0,0.0,27.3,0.0,spring,False,False,False,False,False,0.0,0.0
2024-11-10 23:32:55,34.0,20.2,5.96,2.03,0.0,0.0,0.0,25.6,30.2,spring,True,True,False,False,False,0.0,14.8
2024-11-11 00:02:55,38.1,25.7,5.93,2.01,0.0,0.0,0.0,25.6,0.0,spring,False,False,False,False,False,0.0,0.0
2024-11-11 00:32:55,36.2,16.6,5.97,2.12,0.0,0.0,0.0,25.6,0.0,spring,False,False,False,False,False,0.0,0.0
2024-11-11 01:02:55,34.7,19.0,5.99,2.16,0.0,0.0,0.0,23.3,53.6,spring,True,True,False,False,False,0.0,22.8
2024-11-11 01:32:55,43.4,24.2,5.98,2.13,0.0,0.0,0.0,23.3,0.0,spring,False,False,False,False,False,0.0,0.0
2024-11-11 02:02:55,42.4,22.8,6.04,2.16,0.0,0.0,0.0,23.3,0.0,spring,False,False,False,False,False,0.0,0.0
2024-11-11 02:32:55,41.4,19.2,6.2,2.17,0.0,0.0,0.0,23.3,0.0,spring,False,False,False,False,False,0.0,0.0
2024-11-11 03:02:55,39.9,24.1,6.17,2.21,0.0,0.0,0.0,23.3,0.0,spring,False,False,False,False,False,0.0,0.0
2024-11-11 03:32:55,38.5,15.1,6.17,2.19,0.0,0.0,0.0,23.3,0.0,spring,False,False,False,False,False,0.0,0.0
2024-11-11 04:02:55,37.0,21.0,6.11,2.21,0.0,0.0,0.0,23.3,0.0,spring,False,False,False,False,False,0.0,0.0
2024-11-11 04:32:55,35.1,28.8,6.13,2.19,0.0,0.0,0.0,23.3,0.0,spring,False,False,False,False,False,0.0,0.0
2024-11-11 05:02:55,34.9,24.8,6.22,2.18,0.0,0.0,0.0,21.0,38.4,spring,True,True,False,False,False,0.0,24.5
2024-11-11 05:32:55,42.6,28.4,6.18,2.23,0.0,0.0,0.0,21.0,0.0,spring,False,False,False,False,False,0.0,0.0
2024-11-11 06:02:55,40.9,29.2,6.24,2.23,0.0,0.0,0.0,21.0,0.0,spring,False,False,False,False,False,0.0,0.0
2024-11-11 06:32:55,39.6,29.4,6.26,2.24,0.0,0.0,0.0,21.0,0.0,spring,False,False,False,False,False,0.0,0.0
2024-11-11 07:02:55,38.9,11.9,6.22,2.24,0.0,0.0,0.0,21.0,0.0,spring,False,False,False,False,False,0.0,0.0
2024-11-11 07:32:55,37.4,21.4,6.13,2.16,0.0,0.0,0.0,21.0,0.0,spring,False,False,False,False,False,0.0,0.0
2024-11-11 08:02:55,36.3,20.0,6.15,2.11,0.0,0.0,0.0,21.0,0.0,spring,False,False,False,False,False,0.0,0.0
2024-11-11 08:32:55,34.4,19.7,6.1,2.16,0.0,0.0,0.0,19.3,53.7,spring,True,True,False,False,False,0.0,15.7
2024-11-11 09:02:55,41.4,15.3,6.06,2.14,0.0,0.0,0.0,27.4,0.0,spring,False,False,False,True,False,0.0,0.0
2024-11-11 09:32:55,40.9,23.0,6.07,2.04,0.0,0.0,0.0,27.4,0.0,spring,False,False,False,False,False,0.0,0.0
2024-11-11 10:02:55,40.3,28.9,6.03,2.05,0.0,0.0,0.0,27.4,0.0,spring,False,False,False,False,False,0.0,0.0
2024-11-11 10:32:55,39.6,26.7,6.01,2.03,0.0,0.0,0.0,27.4,0.0,spring,False,False,False,False,False,0.0,0.0
2024-11-11 11:02:55,38.0,19.0,5.98,2.02,0.0,0.0,0.0,27.4,0.0,spring,False,False,False,False,False,0.0,0.0
2024-11-11 11:32:55,37.2,24.4,5.97,2.02,0.0,0.0,0.0,27.4,0.0,spring,False,False,False,False,False,0.0,0.0
2024-11-11 12:02:55,35.8,22.3,5.98,1.98,0.0,0.0,0.0,27.4,0.0,spring,False,False,False,False,False,0.0,0.0
2024-11-11 12:32:55,35.0,20.6,5.99,1.96,0.0,0.0,0.0,27.4,0.0,spring,False,False,False,False,False,0.0,0.0
2024-11-11 13:02:55,34.0,24.4,6.02,1.94,0.0,0.0,0.0,26.4,37.2,spring,True,True,False,False,False,0.0,20.7
2024-11-11 13:32:55,42.3,26.1,6.06,1.91,0.0,0.0,0.0,26.4,0.0,spring,False,False,False,False,False,0.0,0.0
2024-11-11 14:02:55,40.3,27.8,6.06,1.82,0.0,0.0,0.0,26.4,0.0,spring,False,False,False,False,False,0.0,0.0
2024-11-11 14:32:55,39.5,25.1,6.07,1.8,0.0,0.0,0.0,26.4,0.0,spring,False,False,False,False,False,0.0,0.0
2024-11-11 15:02:55,38.6,24.1,6.09,1.79,0.0,0.0,0.0,26.4,0.0,spring,False,False,False,False,False,0.0,0.0
2024-11-11 15:32:55,38.2,21.2,6.07,1.84,0.0,0.0,0.0,26.4,0.0,spring,False,False,False,False,False,0.0,0.0
2024-11-11 16:02:55,37.6,27.1,6.06,1.83,0.0,0.0,0.0,26.4,0.0,spring,False,False,False,False,False,0.0,0.0
2024-11-11 16:32:55,36.0,21.8,6.14,1.87,0.0,0.0,0.0,26.4,0.0,spring,False,False,False,False,False,0.0,0.0
2024-11-11 17:02:55,35.0,10.3,6.15,1.84,0.0,0.0,0.0,26.4,0.0,spring,False,False,False,False,False,0.0,0.0
2024-11-11 17:32:55,34.3,21.3,6.17,1.89,0.0,0.0,0.0,24.1,40.1,spring,True,True,False,False,False,0.0,12.4
2024-11-11 18:02:55,44.2,25.3,6.15,1.84,0.0,0.0,0.0,24.1,0.0,spring,False,False,False,False,False,0.0,0.0
2024-11-11 18:32:55,43.8,20.3,6.2,1.79,0.0,0.0,0.0,24.1,0.0,spring,False,False,False,False,False,0.0,0.0
2024-11-11 19:02:55,43.0,14.0,6.22,1.72,0.0,0.0,0.0,24.1,0.0,spring,False,False,False,False,False,0.0,0.0
2024-11-11 19:32:55,41.4,21.1,6.27,1.75,0.0,0.0,0.0,24.1,0.0,spring,False,False,False,False,False,0.0,0.0
2024-11-11 20:02:55,41.2,21.8,6.17,1.62,0.0,0.0,0.0,24.1,0.0,spring,False,False,False,False,False,0.0,0.0
2024-11-11 20:32:55,40.0,27.5,6.22,1.61,0.0,0.0,0.0,24.1,0.0,spring,False,False,False,False,False,0.0,0.0
2024-11-11 21:02:55,38.2,19.0,6.24,1.57,0.0,0.0,0.0,24.1,0.0,spring,False,False,False,False,False,0.0,0.0
2024-11-11 21:32:55,36.7,25.8,6.2,1.61,0.0,0.0,0.0,24.1,0.0,spring,False,False,False,False,False,0.0,0.0
2024-11-11 22:02:55,36.5,21.5,6.23,1.61,0.0,0.0,0.0,24.1,0.0,spring,False,False,False,False,False,0.0,0.0
2024-11-11 22:32:55,36.5,26.3,6.24,1.58,0.0,0.0,0.0,24.1,0.0,spring,False,False,False,False,False,0.0,0.0
2024-11-11 23:02:55,35.0,16.5,6.28,1.59,0.0,0.0,0.0,21.8,59.6,spring,True,True,False,False,False,0.0,23.1
2024-11-11 23:32:55,41.7,22.2,6.31,1.54,0.0,0.0,0.0,21.8,0.0,spring,False,False,False,False,False,0.0,0.0
2024-11-12 00:02:55,40.4,22.6,6.44,1.58,0.0,0.0,0.0,21.8,0.0,spring,False,False,False,False,False,0.0,0.0
2024-11-12 00:32:55,40.3,22.9,6.55,1.57,0.0,0.0,0.0,21.8,0.0,spring,False,False,False,False,False,0.0,0.0
2024-11-12 01:02:55,40.0,23.8,6.51,1.54,0.0,0.0,0.0,21.8,0.0,spring,False,False,False,False,False,0.0,0.0
2024-11-12 01:32:55,39.3,16.3,6.53,1.6,0.0,0.0,0.0,21.8,0.0,spring,False,False,False,False,False,0.0,0.0
2024-11-12 02:02:55,39.2,20.2,6.5,1.61,0.0,0.0,0.0,21.8,0.0,spring,False,False,False,False,False,0.0,0.0
2024-11-12 02:32:55,39.1,19.4,6.42,1.57,0.0,0.0,0.0,21.8,0.0,spring,False,False,False,False,False,0.0,0.0
2024-11-12 03:02:55,38.5,25.0,6.32,1.69,0.0,0.0,0.0,21.8,0.0,spring,False,False,False,False,False,0.0,0.0
2024-11-12 03:32:55,38.4,17.1,6.23,1.73,0.0,0.0,0.0,21.8,0.0,spring,False,False,False,False,False,0.0,0.0
2024-11-12 04:02:55,37.2,22.3,6.23,1.71,0.0,0.0,0.0,21.8,0.0,spring,False,False,False,False,False,0.0,0.0
2024-11-12 04:32:55,35.6,26.9,6.2,1.7,0.0,0.0,0.0,21.8,0.0,spring,False,False,False,False,False,0.0,0.0
2024-11-12 05:02:55,34.8,16.0,6.16,1.74,0.0,0.0,0.0,19.5,36.7,spring,True,True,False,False,False,0.0,13.3
2024-11-12 05:32:55,43.9,26.4,6.16,1.86,0.0,0.0,0.0,31.0,0.0,spring,False,False,False,True,False,0.0,0.0
2024-11-12 06:02:55,43.4,23.8,6.16,1.85,0.0,0.0,0.0,31.0,0.0,spring,False,False,False,False,False,0.0,0.0
2024-11-12 06:32:55,42.1,12.9,6.11,1.91,0.0,0.0,0.0,31.0,0.0,spring,False,False,False,False,False,0.0,0.0
2024-11-12 07:02:55,41.1,20.8,6.13,1.84,0.0,0.0,0.0,31.0,0.0,spring,False,False,False,False,False,0.0,0.0
2024-11-12 07:32:55,40.3,19.8,6.03,1.81,0.0,0.0,0.0,31.0,0.0,spring,False,False,False,False,False,0.0,0.0
2024-11-12 08:02:55,40.2,22.4,6.14,1.73,0.0,0.0,0.0,31.0,0.0,spring,False,False,False,False,False,0.0,0.0
2024-11-12 08:32:55,39.4,25.7,6.21,1.76,0.0,0.0,0.0,31.0,0.0,spring,False,False,False,False,False,0.0,0.0
2024-11-12 09:02:55,37.8,26.9,6.24,1.73,0.0,0.0,0.0,31.0,0.0,spring,False,False,False,False,False,0.0,0.0
2024-11-12 09:32:55,36.4,15.5,6.2,1.69,0.0,0.0,0.0,31.0,0.0,spring,False,False,False,False,False,0.0,0.0
2024-11-12 10:02:55,35.1,26.3,6.14,1.72,0.0,0.0,0.0,31.0,0.0,spring,False,False,False,False,False,0.0,0.0
2024-11-12 10:32:55,33.2,25.2,6.16,1.7,0.0,0.0,0.0,29.3,45.1,spring,True,True,False,False,False,0.0,13.2
2024-11-12 11:02:55,42.0,23.3,6.14,1.77,0.0,0.0,0.0,29.3,0.0,spring,False,False,False,False,False,0.0,0.0
2024-11-12 11:32:55,42.0,22.9,6.18,1.78,0.0,0.0,0.0,29.3,0.0,spring,False,False,False,False,False,0.0,0.0
2024-11-12 12:02:55,40.7,30.0,6.14,1.76,0.0,0.0,0.0,29.3,0.0,spring,False,False,False,False,False,0.0,0.0
2024-11-12 12:32:55,39.0,27.1,6.12,1.76,0.0,0.0,0.0,29.3,0.0,spring,False,False,False,False,False,0.0,0.0
2024-11-12 13:02:55,37.3,20.9,6.21,1.77,0.0,0.0,0.0,29.3,0.0,spring,False,False,False,False,False,0.0,0.0
2024-11-12 13:32:55,35.8,25.8,6.23,1.75,0.0,0.0,0.0,29.3,0.0,spring,False,False,False,False,False,0.0,0.0
2024-11-12 14:02:55,34.4,30.2,6.18,1.74,0.0,0.0,0.0,27.5,38.9,spring,True,True,False,False,False,0.0,12.8
2024-11-12 14:32:55,40.2,26.7,6.22,1.72,0.0,0.0,0.0,27.5,0.0,spring,False,False,False,False,False,0.0,0.0
2024-11-12 15:02:55,38.8,25.2,6.24,1.65,0.0,0.0,0.0,27.5,0.0,spring,False,False,False,False,False,0.0,0.0
2024-11-12 15:32:55,37.3,20.4,6.32,1.66,0.0,0.0,0.0,27.5,0.0,spring,False,False,False,False,False,0.0,0.0
2024-11-12 16:02:55,36.7,18.3,6.38,1.72,0.0,0.0,0.0,27.5,0.0,spring,False,False,False,False,False,0.0,0.0
2024-11-12 16:32:55,34.9,10.9,6.39,1.73,0.0,0.0,0.0,26.1,29.3,spring,True,True,False,False,False,0.0,13.1
2024-11-12 17:02:55,42.1,24.8,6.31,1.69,0.0,0.0,0.0,26.1,0.0,spring,False,False,False,False,False,0.0,0.0
2024-11-12 17:32:55,41.4,21.5,6.31,1.8,0.0,0.0,0.0,26.1,0.0,spring,False,False,False,False,False,0.0,0.0
2024-11-12 18:02:55,41.3,20.0,6.31,1.8,0.0,0.0,0.0,26.1,0.0,spring,False,False,False,False,False,0.0,0.0
2024-11-12 18:32:55,41.0,19.3,6.21,1.68,0.0,0.0,0.0,26.1,0.0,spring,False,False,False,False,False,0.0,0.0
2024-11-12 19:02:55,40.5,14.9,6.2,1.61,0.0,0.0,0.0,26.1,0.0,spring,False,False,False,False,False,0.0,0.0
2024-11-12 19:32:55,38.9,21.5,6.23,1.47,0.0,0.0,0.0,26.1,0.0,spring,False,False,False,False,False,0.0,0.0
2024-11-12 20:02:55,38.4,25.0,6.26,1.55,0.0,0.0,0.0,26.1,0.0,spring,False,False,False,False,False,0.0,0.0
2024-11-12 20:32:55,37.6,21.1,6.24,1.56,0.0,0.0,0.0,26.1,0.0,spring,False,False,False,False,False,0.0,0.0
2024-11-12 21:02:55,35.7,20.6,6.23,1.59,0.0,0.0,0.0,26.1,0.0,spring,False,False,False,False,False,0.0,0.0
2024-11-12 21:32:55,34.1,23.5,6.17,1.61,0.0,0.0,0.0,23.4,55.0,spring,True,True,False,False,False,0.0,12.5
2024-11-12 22:02:55,40.8,26.6,6.21,1.58,0.0,0.0,0.0,23.4,0.0,spring,False,False,False,False,False,0.0,0.0
2024-11-12 22:32:55,40.2,32.6,6.19,1.59,0.0,0.0,0.0,22.0,53.1,spring,True,True,False,False,False,0.0,25.0
2024-11-12 23:02:55,45.6,26.8,6.13,1.52,0.0,0.0,0.0,22.0,0.0,spring,False,False,False,False,False,0.0,0.0
2024-11-12 23:32:55,45.6,20.3,6.18,1.47,0.0,0.0,0.0,22.0,0.0,spring,False,False,False,False,False,0.0,0.0
2024-11-13 00:02:55,44.6,23.3,6.13,1.49,0.0,0.0,0.0,22.0,0.0,spring,False,False,False,False,False,0.0,0.0
2024-11-13 00:32:55,43.6,21.6,6.06,1.5,0.0,0.0,0.0,22.0,0.0,spring,False,False,False,False,False,0.0,0.0
2024-11-13 01:02:55,42.8,17.2,6.01,1.54,0.0,0.0,0.0,22.0,0.0,spring,False,False,False,False,False,0.0,0.0
2024-11-13 01:32:55,41.2,21.3,5.9,1.48,0.0,0.0,0.0,22.0,0.0,spring,False,False,False,False,False,0.0,0.0
2024-11-13 02:02:55,41.2,18.9,5.83,1.53,0.0,0.0,0.0,22.0,0.0,spring,False,False,False,False,False,0.0,0.0
2024-11-13 02:32:55,40.6,24.2,5.84,1.62,0.0,0.0,0.0,22.0,0.0,spring,False,False,False,False,False,0.0,0.0
2024-11-13 03:02:55,38.7,22.5,5.76,1.63,0.0,0.0,0.0,22.0,0.0,spring,False,False,False,False,False,0.0,0.0
2024-11-13 03:32:55,36.8,26.5,5.68,1.64,0.0,0.0,0.0,22.0,0.0,spring,False,False,False,False,False,0.0,0.0
2024-11-13 04:02:55,34.9,15.2,5.58,1.61,0.0,0.0,0.0,20.1,56.0,spring,True,True,False,False,False,0.0,12.5
2024-11-13 04:32:55,43.2,15.7,5.6,1.64,0.0,0.0,0.0,20.1,0.0,spring,False,False,False,False,False,0.0,0.0
2024-11-13 05:02:55,42.9,22.1,5.62,1.69,0.0,0.0,0.0,20.1,0.0,spring,False,False,False,False,False,0.0,0.0
2024-11-13 05:32:55,41.0,20.2,5.56,1.74,0.0,0.0,0.0,20.1,0.0,spring,False,False,False,False,False,0.0,0.0
2024-11-13 06:02:55,40.8,23.5,5.68,1.87,0.0,0.0,0.0,20.1,0.0,spring,False,False,False,False,False,0.0,0.0
2024-11-13 06:32:55,39.2,23.5,5.62,1.84,0.0,0.0,0.0,20.1,0.0,spring,False,False,False,False,False,0.0,0.0
2024-11-13 07:02:55,38.9,19.6,5.6,1.91,0.0,0.0,0.0,20.1,0.0,spring,False,False,False,False,False,0.0,0.0
2024-11-13 07:32:55,37.6,23.1,5.64,1.99,0.0,0.0,0.0,20.1,0.0,spring,False,False,False,False,False,0.0,0.0
2024-11-13 08:02:55,36.0,23.8,5.57,1.93,0.0,0.0,0.0,20.1,0.0,spring,False,False,False,False,False,0.0,0.0
2024-11-13 08:32:55,34.0,27.3,5.63,1.98,0.0,0.0,0.0,18.9,51.1,spring,True,True,False,False,False,0.0,10.7
2024-11-13 09:02:55,40.0,20.8,5.69,2.01,0.0,0.0,0.0,27.1,0.0,spring,False,False,False,True,False,0.0,0.0
2024-11-13 09:32:55,38.1,23.5,5.69,1.98,0.0,0.0,0.0,27.1,0.0,spring,False,False,False,False,False,0.0,0.0
2024-11-13 10:02:55,36.3,23.8,5.64,1.94,0.0,0.0,0.0,27.1,0.0,spring,False,False,False,False,False,0.0,0.0
2024-11-13 10:32:55,36.1,12.7,5.67,2.05,0.0,0.0,0.0,27.1,0.0,spring,False,False,False,False,False,0.0,0.0
2024-11-13 11:02:55,35.8,26.3,5.68,2.06,0.0,0.0,0.0,27.1,0.0,spring,False,False,False,False,False,0.0,0.0
2024-11-13 11:32:55,34.0,21.3,5.7,2.09,0.0,0.0,0.0,25.4,21.3,spring,True,True,False,False,False,0.0,23.2
2024-11-13 12:02:55,39.6,22.7,5.69,2.09,0.0,0.0,0.0,25.4,0.0,spring,False,False,False,False,False,0.0,0.0
2024-11-13 12:32:55,38.2,21.5,5.66,2.08,0.0,0.0,0.0,25.4,0.0,spring,False,False,False,False,False,0.0,0.0
2024-11-13 13:02:55,36.5,22.4,5.71,2.15,0.0,0.0,0.0,25.4,0.0,spring,False,False,False,False,False,0.0,0.0
2024-11-13 13:32:55,36.5,22.5,5.75,2.21,0.0,0.0,0.0,25.4,0.0,spring,False,False,False,False,False,0.0,0.0
2024-11-13 14:02:55,36.2,13.2,5.71,2.27,0.0,0.0,0.0,25.4,0.0,spring,False,False,False,False,False,0.0,0.0
2024-11-13 14:32:55,35.3,22.1,5.67,2.21,0.0,0.0,0.0,25.4,0.0,spring,False,False,False,False,False,0.0,0.0
2024-11-13 15:02:55,35.3,12.4,5.72,2.18,0.0,0.0,0.0,25.4,0.0,spring,False,False,False,False,False,0.0,0.0
2024-11-13 15:32:55,34.4,22.0,5.72,2.25,0.0,0.0,0.0,24.2,41.3,spring,True,True,False,False,False,0.0,21.0
2024-11-13 16:02:55,44.3,26.9,5.74,2.23,0.0,0.0,0.0,24.2,0.0,spring,False,False,False,False,False,0.0,0.0
2024-11-13 16:32:55,43.5,26.7,5.78,2.23,0.0,0.0,0.0,24.2,0.0,spring,False,False,False,False,False,0.0,0.0
2024-11-13 17:02:55,41.6,24.1,5.81,2.15,0.0,0.0,0.0,24.2,0.0,spring,False,False,False,False,False,0.0,0.0
2024-11-13 17:32:55,41.1,24.4,5.9,2.25,0.0,0.0,0.0,24.2,0.0,spring,False,False,False,False,False,0.0,0.0
2024-11-13 18:02:55,39.2,13.8,5.91,2.19,0.0,0.0,0.0,24.2,0.0,spring,False,False,False,False,False,0.0,0.0
2024-11-13 18:32:55,39.2,24.8,5.89,2.19,0.0,0.0,0.0,24.2,0.0,spring,False,False,False,False,False,0.0,0.0
2024-11-13 19:02:55,38.8,24.8,5.91,2.17,0.0,0.0,0.0,24.2,0.0,spring,False,False,False,False,False,0.0,0.0
2024-11-13 19:32:55,37.8,23.5,5.93,2.09,0.0,0.0,0.0,24.2,0.0,spring,False,False,False,False,False,0.0,0.0
2024-11-13 20:02:55,36.1,21.6,5.96,2.06,0.0,0.0,0.0,24.2,0.0,spring,False,False,False,False,False,0.0,0.0
2024-11-13 20:32:55,34.3,22.6,5.92,2.08,0.0,0.0,0.0,21.8,53.0,spring,True,True,False,False,False,0.0,14.4
2024-11-13 21:02:55,40.1,28.9,5.9,2.11,0.0,0.0,0.0,21.8,0.0,spring,False,False,False,False,False,0.0,0.0
2024-11-13 21:32:55,38.7,12.1,5.95,2.16,0.0,0.0,0.0,21.8,0.0,spring,False,False,False,False,False,0.0,0.0
2024-11-13 22:02:55,38.1,23.9,6.02,2.16,0.0,0.0,0.0,21.8,0.0,spring,False,False,False,False,False,0.0,0.0
2024-11-13 22:32:55,37.4,20.8,6.05,2.13,0.0,0.0,0.0,21.8,0.0,spring,False,False,False,False,False,0.0,0.0
2024-11-13 23:02:55,37.3,26.7,6.07,2.1,0.0,0.0,0.0,21.8,0.0,spring,False,False,False,False,False,0.0,0.0
2024-11-13 23:32:55,37.0,25.7,6.15,2.18,0.0,0.0,0.0,21.8,0.0,spring,False,False,False,False,False,0.0,0.0
2024-11-14 00:02:55,36.2,26.8,6.1,2.18,0.0,0.0,0.0,21.8,0.0,spring,False,False,False,False,False,0.0,0.0
2024-11-14 00:32:55,35.2,19.0,6.06,2.12,0.0,0.0,0.0,21.8,0.0,spring,False,False,False,False,False,0.0,0.0
2024-11-14 01:02:55,34.8,23.4,6.14,2.13,0.0,0.0,0.0,19.3,41.8,spring,True,True,False,False,False,0.0,15.0
2024-11-14 01:32:55,40.1,26.6,6.16,2.12,0.0,0.0,0.0,30.2,0.0,spring,False,False,False,True,False,0.0,0.0
2024-11-14 02:02:55,39.8,20.5,6.09,2.19,0.0,0.0,0.0,30.2,0.0,spring,False,False,False,False,False,0.0,0.0
2024-11-14 02:32:55,38.0,17.0,6.06,2.24,0.0,0.0,0.0,30.2,0.0,spring,False,False,False,False,False,0.0,0.0
2024-11-14 03:02:55,37.3,19.1,6.07,2.29,0.0,0.0,0.0,30.2,0.0,spring,False,False,False,False,False,0.0,0.0
2024-11-14 03:32:55,36.5,17.8,6.03,2.21,0.0,0.0,0.0,30.2,0.0,spring,False,False,False,False,False,0.0,0.0
2024-11-14 04:02:55,35.4,22.8,5.99,2.22,0.0,0.0,0.0,30.2,0.0,spring,False,False,False,False,False,0.0,0.0
2024-11-14 04:32:55,34.2,29.3,5.92,2.26,0.0,0.0,0.0,29.1,39.9,spring,True,True,False,False,False,0.0,19.0
2024-11-14 05:02:55,42.6,21.4,5.95,2.17,0.0,0.0,0.0,29.1,0.0,spring,False,False,False,False,False,0.0,0.0
2024-11-14 05:32:55,42.1,20.6,6.01,2.18,0.0,0.0,0.0,29.1,0.0,spring,False,False,False,False,False,0.0,0.0
2024-11-14 06:02:55,40.8,27.9,6.0,2.26,0.0,0.0,0.0,29.1,0.0,spring,False,False,False,False,False,0.0,0.0
2024-11-14 06:32:55,39.1,22.7,5.92,2.23,0.0,0.0,0.0,29.1,0.0,spring,False,False,False,False,False,0.0,0.0
2024-11-14 07:02:55,38.0,24.6,5.91,2.23,0.0,0.0,0.0,29.1,0.0,spring,False,False,False,False,False,0.0,0.0
2024-11-14 07:32:55,37.0,14.4,5.9,2.18,0.0,0.0,0.0,29.1,0.0,spring,False,False,False,False,False,0.0,0.0
2024-11-14 08:02:55,35.2,19.7,5.81,2.17,0.0,0.0,0.0,29.1,0.0,spring,False,False,False,False,False,0.0,0.0
2024-11-14 08:32:55,35.1,19.7,5.8,2.12,0.0,0.0,0.0,29.1,0.0,spring,False,False,False,False,False,0.0,0.0
2024-11-14 09:02:55,33.4,23.0,5.86,2.14,0.0,0.0,0.0,26.6,41.6,spring,True,True,False,False,False,0.0,11.1
2024-11-14 09:32:55,42.0,22.7,5.88,2.03,0.0,0.0,0.0,26.6,0.0,spring,False,False,False,False,False,0.0,0.0
2024-11-14 10:02:55,40.8,17.7,5.93,2.09,0.0,0.0,0.0,26.6,0.0,spring,False,False,False,False,False,0.0,0.0
2024-11-14 10:32:55,40.7,26.1,5.99,2.01,0.0,0.0,0.0,26.6,0.0,spring,False,False,False,False,False,0.0,0.0
2024-11-14 11:02:55,38.8,26.5,5.98,2.06,0.0,0.0,0.0,26.6,0.0,spring,False,False,False,False,False,0.0,0.0
2024-11-14 11:32:55,36.9,22.5,5.97,2.09,0.0,0.0,0.0,26.6,0.0,spring,False,False,False,False,False,0.0,0.0
2024-11-14 12:02:55,35.4,19.4,6.04,1.97,0.0,0.0,0.0,26.6,0.0,spring,False,False,False,False,False,0.0,0.0
2024-11-14 12:32:55,35.2,21.9,6.07,1.96,0.0,0.0,0.0,26.6,0.0,spring,False,False,False,False,False,0.0,0.0
2024-11-14 13:02:55,34.5,26.0,6.01,1.95,0.0,0.0,0.0,24.2,40.8,spring,True,True,False,False,False,0.0,20.0
2024-11-14 13:32:55,38.8,21.2,6.03,1.95,0.0,0.0,0.0,24.2,0.0,spring,False,False,False,False,False,0.0,0.0
2024-11-14 14:02:55,37.7,23.4,6.03,1.9,0.0,0.0,0.0,24.2,0.0,spring,False,False,False,False,False,0.0,0.0
2024-11-14 14:32:55,35.8,23.7,6.04,1.93,0.0,0.0,0.0,24.2,0.0,spring,False,False,False,False,False,0.0,0.0
2024-11-14 15:02:55,34.8,20.2,5.97,1.84,0.0,0.0,0.0,22.9,25.9,spring,True,True,False,False,False,0.0,15.3
2024-11-14 15:32:55,42.5,24.9,5.87,1.81,0.0,0.0,0.0,22.9,0.0,spring,False,False,False,False,False,0.0,0.0
2024-11-14 16:02:55,40.6,16.4,5.95,1.85,0.0,0.0,0.0,22.9,0.0,spring,False,False,False,False,False,0.0,0.0
2024-11-14 16:32:55,38.9,17.8,5.92,1.92,0.0,0.0,0.0,22.9,0.0,spring,False,False,False,False,False,0.0,0.0
2024-11-14 17:02:55,37.4,22.9,5.96,1.89,0.0,0.0,0.0,22.9,0.0,spring,False,False,False,False,False,0.0,0.0
2024-11-14 17:32:55,36.2,16.4,6.0,1.95,0.0,0.0,0.0,22.9,0.0,spring,False,False,False,False,False,0.0,0.0
2024-11-14 18:02:55,36.0,17.9,5.98,1.96,0.0,0.0,0.0,22.9,0.0,spring,False,False,False,False,False,0.0,0.0
2024-11-14 18:32:55,35.0,23.5,6.05,2.07,0.0,0.0,0.0,22.9,0.0,spring,False,False,False,False,False,0.0,0.0
2024-11-14 19:02:55,34.3,17.2,6.1,2.12,0.0,0.0,0.0,20.8,22.3,spring,True,True,False,False,False,0.0,16.6
2024-11-14 19:32:55,42.3,24.4,6.16,2.14,0.0,0.0,0.0,20.8,0.0,spring,False,False,False,False,False,0.0,0.0
2024-11-14 20:02:55,41.9,20.8,6.12,2.13,0.0,0.0,0.0,20.8,0.0,spring,False,False,False,False,False,0.0,0.0
2024-11-14 20:32:55,41.0,25.0,6.12,2.06,0.0,0.0,0.0,20.8,0.0,spring,False,False,False,False,False,0.0,0.0
2024-11-14 21:02:55,40.9,23.0,6.11,2.04,0.0,0.0,0.0,20.8,0.0,spring,False,False,False,False,False,0.0,0.0
2024-11-14 21:32:55,39.4,29.7,6.18,2.06,0.0,0.0,0.0,20.8,0.0,spring,False,False,False,False,False,0.0,0.0
2024-11-14 22:02:55,38.0,10.8,6.16,2.1,0.0,0.0,0.0,20.8,0.0,spring,False,False,False,False,False,0.0,0.0
2024-11-14 22:32:55,36.0,17.7,6.15,2.05,0.0,0.0,0.0,20.8,0.0,spring,False,False,False,False,False,0.0,0.0
2024-11-14 23:02:55,34.1,19.3,6.1,1.96,0.0,0.0,0.0,19.3,36.9,spring,True,True,False,False,False,0.0,23.3
2024-11-14 23:32:55,43.3,23.9,6.19,2.0,0.0,0.0,0.0,28.6,0.0,spring,False,False,False,True,False,0.0,0.0
2024-11-15 00:02:55,42.1,23.5,6.21,2.02,0.0,0.0,0.0,28.6,0.0,spring,False,False,False,False,False,0.0,0.0
2024-11-15 00:32:55,41.5,18.5,6.18,2.12,0.0,0.0,0.0,28.6,0.0,spring,False,False,False,False,False,0.0,0.0
2024-11-15 01:02:55,39.5,23.4,6.11,2.07,0.0,0.0,0.0,28.6,0.0,spring,False,False,False,False,False,0.0,0.0
2024-11-15 01:32:55,38.3,24.0,6.16,2.14,0.0,0.0,0.0,28.6,0.0,spring,False,False,False,False,False,0.0,0.0
2024-11-15 02:02:55,37.5,23.5,6.15,2.17,0.0,0.0,0.0,28.6,0.0,spring,False,False,False,False,False,0.0,0.0
2024-11-15 02:32:55,36.1,27.2,6.16,2.13,0.0,0.0,0.0,28.6,0.0,spring,False,False,False,False,False,0.0,0.0
2024-11-15 03:02:55,35.4,25.4,6.21,2.16,0.0,0.0,0.0,28.6,0.0,spring,False,False,False,False,False,0.0,0.0
2024-11-15 03:32:55,34.5,23.0,6.26,2.11,0.0,0.0,0.0,27.3,37.4,spring,True,True,False,False,False,0.0,11.2
2024-11-15 04:02:55,39.3,23.5,6.22,2.12,0.0,0.0,0.0,27.3,0.0,spring,False,False,False,False,False,0.0,0.0
2024-11-15 04:32:55,37.9,17.4,6.23,2.04,0.0,0.0,0.0,27.3,0.0,spring,False,False,False,False,False,0.0,0.0
2024-11-15 05:02:55,36.3,20.1,6.22,2.12,0.0,0.0,0.0,27.3,0.0,spring,False,False,False,False,False,0.0,0.0
2024-11-15 05:32:55,35.2,25.8,6.19,2.11,0.0,0.0,0.0,27.3,0.0,spring,False,False,False,False,False,0.0,0.0
2024-11-15 06:02:55,34.1,20.9,6.13,2.04,0.0,0.0,0.0,25.9,54.6,spring,True,True,False,False,False,0.0,13.3
2024-11-15 06:32:55,41.7,17.2,6.09,1.95,0.0,0.0,0.0,25.9,0.0,spring,False,False,False,False,False,0.0,0.0
2024-11-15 07:02:55,40.9,26.5,6.21,1.97,0.0,0.0,0.0,25.9,0.0,spring,False,False,False,False,False,0.0,0.0
2024-11-15 07:32:55,40.0,15.7,6.21,2.02,0.0,0.0,0.0,25.9,0.0,spring,False,False,False,False,False,0.0,0.0
2024-11-15 08:02:55,39.7,18.5,6.18,1.95,0.0,0.0,0.0,25.9,0.0,spring,False,False,False,False,False,0.0,0.0
2024-11-15 08:32:55,38.9,16.2,6.18,1.94,0.0,0.0,0.0,25.9,0.0,spring,False,False,False,False,False,0.0,0.0
2024-11-15 09:02:55,38.8,19.8,6.27,1.83,0.0,0.0,0.0,25.9,0.0,spring,False,False,False,False,False,0.0,0.0
2024-11-15 09:32:55,37.6,18.5,6.22,1.9,0.0,0.0,0.0,25.9,0.0,spring,False,False,False,False,False,0.0,0.0
2024-11-15 10:02:55,35.8,26.3,6.22,1.82,0.0,0.0,0.0,25.9,0.0,spring,False,False,False,False,False,0.0,0.0
2024-11-15 10:32:55,34.0,22.5,6.23,1.8,0.0,0.0,0.0,24.0,35.2,spring,True,True,False,False,False,0.0,13.7
2024-11-15 11:02:55,40.7,17.2,6.29,1.8,0.0,0.0,0.0,24.0,0.0,spring,False,False,False,False,False,0.0,0.0
2024-11-15 11:32:55,39.0,18.8,6.25,1.91,0.0,0.0,0.0,24.0,0.0,spring,False,False,False,False,False,0.0,0.0
2024-11-15 12:02:55,37.6,26.4,6.26,1.95,0.0,0.0,0.0,24.0,0.0,spring,False,False,False,False,False,0.0,0.0
2024-11-15 12:32:55,35.8,23.3,6.25,2.01,0.0,0.0,0.0,24.0,0.0,spring,False,False,False,False,False,0.0,0.0
2024-11-15 13:02:55,34.7,19.6,6.23,2.0,0.0,0.0,0.0,22.3,54.0,spring,True,True,False,False,False,0.0,24.9
2024-11-15 13:32:55,40.4,21.3,6.22,1.99,0.0,0.0,0.0,22.3,0.0,spring,False,False,False,False,False,0.0,0.0
2024-11-15 14:02:55,39.6,25.9,6.18,2.01,0.0,0.0,0.0,22.3,0.0,spring,False,False,False,False,False,0.0,0.0
2024-11-15 14:32:55,39.1,22.2,6.21,2.02,0.0,0.0,0.0,22.3,0.0,spring,False,False,False,False,False,0.0,0.0
2024-11-15 15:02:55,38.7,24.1,6.17,2.07,0.0,0.0,0.0,22.3,0.0,spring,False,False,False,False,False,0.0,0.0
2024-11-15 15:32:55,38.0,26.4,6.16,2.05,0.0,0.0,0.0,22.3,0.0,spring,False,False,False,False,False,0.0,0.0
2024-11-15 16:02:55,36.7,22.0,6.14,2.11,0.0,0.0,0.0,22.3,0.0,spring,False,False,False,False,False,0.0,0.0
2024-11-15 16:32:55,36.6,23.2,6.15,2.12,0.0,0.0,0.0,22.3,0.0,spring,False,False,False,False,False,0.0,0.0
2024-11-15 17:02:55,35.5,16.4,6.17,2.12,0.0,0.0,0.0,22.3,0.0,spring,False,False,False,False,False,0.0,0.0
2024-11-15 17:32:55,33.9,20.3,6.16,2.07,0.0,0.0,0.0,20.4,55.7,spring,True,True,False,False,False,0.0,24.4
2024-11-15 18:02:55,40.6,26.7,6.16,2.12,0.0,0.0,0.0,20.4,0.0,spring,False,False,False,False,False,0.0,0.0
2024-11-15 18:32:55,39.5,25.7,6.24,2.23,0.0,0.0,0.0,20.4,0.0,spring,False,False,False,False,False,0.0,0.0
2024-11-15 19:02:55,39.0,23.9,6.23,2.11,0.0,0.0,0.0,20.4,0.0,spring,False,False,False,False,False,0.0,0.0
2024-11-15 19:32:55,38.9,23.4,6.24,2.2,0.0,0.0,0.0,20.4,0.0,spring,False,False,False,False,False,0.0,0.0
2024-11-15 20:02:55,38.9,20.1,6.22,2.24,0.0,0.0,0.0,20.4,0.0,spring,False,False,False,False,False,0.0,0.0
2024-11-15 20:32:55,37.8,17.9,6.18,2.22,0.0,0.0,0.0,20.4,0.0,spring,False,False,False,False,False,0.0,0.0
2024-11-15 21:02:55,37.6,23.2,6.21,2.17,0.0,0.0,0.0,20.4,0.0,spring,False,False,False,False,False,0.0,0.0
2024-11-15 21:32:55,36.7,22.2,6.15,2.2,0.0,0.0,0.0,20.4,0.0,spring,False,False,False,False,False,0.0,0.0
2024-11-15 22:02:55,36.6,27.4,6.23,2.25,0.0,0.0,0.0,20.4,0.0,spring,False,False,False,False,False,0.0,0.0
2024-11-15 22:32:55,34.9,18.1,6.3,2.23,0.0,0.0,0.0,18.1,36.9,spring,True,True,False,False,False,0.0,17.0
2024-11-15 23:02:55,40.7,18.5,6.37,2.2,0.0,0.0,0.0,23.9,0.0,spring,False,False,False,True,False,0.0,0.0
2024-11-15 23:32:55,40.4,25.4,6.41,2.09,0.0,0.0,0.0,23.9,0.0,spring,False,False,False,False,False,0.0,0.0
2024-11-16 00:02:55,39.2,20.9,6.33,2.13,0.0,0.0,0.0,23.9,0.0,spring,False,False,False,False,False,0.0,0.0
2024-11-16 00:32:55,37.9,21.2,6.23,2.14,0.0,0.0,0.0,23.9,0.0,spring,False,False,False,False,False,0.0,0.0
2024-11-16 01:02:55,36.7,20.3,6.16,2.2,0.0,0.0,0.0,23.9,0.0,spring,False,False,False,False,False,0.0,0.0
2024-11-16 01:32:55,35.9,15.1,6.02,2.18,0.0,0.0,0.0,23.9,0.0,spring,False,False,False,False,False,0.0,0.0
2024-11-16 02:02:55,34.5,23.9,5.99,2.11,0.0,0.0,0.0,22.1,29.9,spring,True,True,False,False,False,0.0,13.4
2024-11-16 02:32:55,44.4,24.1,5.98,2.1,0.0,0.0,0.0,22.1,0.0,spring,False,False,False,False,False,0.0,0.0
2024-11-16 03:02:55,42.8,26.9,5.95,2.12,0.0,0.0,0.0,22.1,0.0,spring,False,False,False,False,False,0.0,0.0
2024-11-16 03:32:55,41.1,23.0,6.0,2.11,0.0,0.0,0.0,22.1,0.0,spring,False,False,False,False,False,0.0,0.0
2024-11-16 04:02:55,39.7,11.9,6.05,2.09,0.0,0.0,0.0,22.1,0.0,spring,False,False,False,False,False,0.0,0.0
2024-11-16 04:32:55,37.9,25.0,6.01,2.11,0.0,0.0,0.0,22.1,0.0,spring,False,False,False,False,False,0.0,0.0
2024-11-16 05:02:55,37.8,21.9,5.97,2.15,0.0,0.0,0.0,22.1,0.0,spring,False,False,False,False,False,0.0,0.0
2024-11-16 05:32:55,36.2,11.3,5.92,2.14,0.0,0.0,0.0,22.1,0.0,spring,False,False,False,False,False,0.0,0.0
2024-11-16 06:02:55,35.6,21.2,5.91,2.15,0.0,0.0,0.0,22.1,0.0,spring,False,False,False,False,False,0.0,0.0
2024-11-16 06:32:55,34.6,27.7,5.83,2.14,0.0,0.0,0.0,20.0,58.2,spring,True,True,False,False,False,0.0,23.5
2024-11-16 07:02:55,38.8,23.0,5.8,2.1,0.0,0.0,0.0,20.0,0.0,spring,False,False,False,False,False,0.0,0.0
2024-11-16 07:32:55,37.1,12.8,5.81,2.15,0.0,0.0,0.0,20.0,0.0,spring,False,False,False,False,False,0.0,0.0
2024-11-16 08:02:55,35.7,16.1,5.79,2.15,0.0,0.0,0.0,20.0,0.0,spring,False,False,False,False,False,0.0,0.0
2024-11-16 08:32:55,34.1,21.3,5.84,2.23,0.0,0.0,0.0,17.4,45.5,spring,True,True,False,False,False,0.0,13.8
2024-11-16 09:02:55,40.2,17.7,5.82,2.29,0.0,0.0,0.0,22.7,0.0,spring,False,False,False,True,False,0.0,0.0
2024-11-16 09:32:55,39.9,22.3,5.85,2.31,0.0,0.0,0.0,22.7,0.0,spring,False,False,False,False,False,0.0,0.0
2024-11-16 10:02:55,38.0,23.6,5.82,2.34,0.0,0.0,0.0,22.7,0.0,spring,False,False,False,False,False,0.0,0.0
2024-11-16 10:32:55,37.4,18.9,5.76,2.27,0.0,0.0,0.0,22.7,0.0,spring,False,False,False,False,False,0.0,0.0
2024-11-16 11:02:55,37.2,20.1,5.71,2.28,0.0,0.0,0.0,22.7,0.0,spring,False,False,False,False,False,0.0,0.0
2024-11-16 11:32:55,35.7,20.1,5.7,2.31,0.0,0.0,0.0,22.7,0.0,spring,False,False,False,False,False,0.0,0.0
2024-11-16 12:02:55,34.8,25.3,5.78,2.32,0.0,0.0,0.0,20.4,20.6,spring,True,True,False,False,False,0.0,12.2
2024-11-16 12:32:55,39.4,22.3,5.72,2.26,0.0,0.0,0.0,20.4,0.0,spring,False,False,False,False,False,0.0,0.0
2024-11-16 13:02:55,37.4,27.5,5.68,2.34,0.0,0.0,0.0,20.4,0.0,spring,False,False,False,False,False,0.0,0.0
2024-11-16 13:32:55,36.3,20.8,5.67,2.34,0.0,0.0,0.0,20.4,0.0,spring,False,False,False,False,False,0.0,0.0
2024-11-16 14:02:55,34.9,24.9,5.63,2.25,0.0,0.0,0.0,17.7,34.1,spring,True,True,False,False,False,0.0,19.3
2024-11-16 14:32:55,41.4,22.5,5.68,2.27,0.0,0.0,0.0,31.5,0.0,spring,False,False,False,True,False,0.0,0.0
2024-11-16 15:02:55,40.3,21.9,5.71,2.29,0.0,0.0,0.0,31.5,0.0,spring,False,False,False,False,False,0.0,0.0
2024-11-16 15:32:55,39.2,19.6,5.61,2.34,0.0,0.0,0.0,31.5,0.0,spring,False,False,False,False,False,0.0,0.0
2024-11-16 16:02:55,38.5,28.6,5.59,2.37,0.0,0.0,0.0,31.5,0.0,spring,False,False,False,False,False,0.0,0.0
2024-11-16 16:32:55,37.4,18.5,5.62,2.4,0.0,0.0,0.0,31.5,0.0,spring,False,False,False,False,False,0.0,0.0
2024-11-16 17:02:55,36.6,22.8,5.59,2.51,0.0,0.0,0.0,31.5,0.0,spring,False,False,False,False,False,0.0,0.0
2024-11-16 17:32:55,35.7,23.4,5.7,2.47,0.0,0.0,0.0,31.5,0.0,spring,False,False,False,False,False,0.0,0.0
2024-11-16 18:02:55,34.2,23.5,5.74,2.48,0.0,0.0,0.0,28.6,21.2,spring,True,True,False,False,False,0.0,21.2
2024-11-16 18:32:55,39.5,21.1,5.77,2.52,0.0,0.0,0.0,28.6,0.0,spring,False,False,False,False,False,0.0,0.0
2024-11-16 19:02:55,38.1,19.3,5.8,2.54,0.0,0.0,0.0,28.6,0.0,spring,False,False,False,False,False,0.0,0.0
2024-11-16 19:32:55,36.6,21.9,5.82,2.55,0.0,0.0,0.0,28.6,0.0,spring,False,False,False,False,False,0.0,0.0
2024-11-16 20:02:55,36.5,20.8,5.86,2.5,0.0,0.0,0.0,28.6,0.0,spring,False,False,False,False,False,0.0,0.0
2024-11-16 20:32:55,35.7,27.7,5.95,2.46,0.0,0.0,0.0,28.6,0.0,spring,False,False,False,False,False,0.0,0.0
2024-11-16 21:02:55,35.1,25.3,5.93,2.5,0.0,0.0,0.0,28.6,0.0,spring,False,False,False,False,False,0.0,0.0
2024-11-16 21:32:55,33.9,21.7,5.92,2.45,0.0,0.0,0.0,26.0,26.2,spring,True,True,False,False,False,0.0,11.4
2024-11-16 22:02:55,43.2,22.6,6.02,2.47,0.0,0.0,0.0,26.0,0.0,spring,False,False,False,False,False,0.0,0.0
2024-11-16 22:32:55,42.7,14.0,6.03,2.51,0.0,0.0,0.0,26.0,0.0,spring,False,False,False,False,False,0.0,0.0
2024-11-16 23:02:55,41.2,27.4,6.01,2.49,0.0,0.0,0.0,26.0,0.0,spring,False,False,False,False,False,0.0,0.0
2024-11-16 23:32:55,40.3,23.0,6.07,2.52,0.0,0.0,0.0,26.0,0.0,spring,False,False,False,False,False,0.0,0.0
2024-11-17 00:02:55,39.7,22.4,6.16,2.54,0.0,0.0,0.0,26.0,0.0,spring,False,False,False,False,False,0.0,0.0
2024-11-17 00:32:55,39.3,23.3,6.17,2.62,0.0,0.0,0.0,26.0,0.0,spring,False,False,False,False,False,0.0,0.0
2024-11-17 01:02:55,38.1,24.1,6.08,2.6,0.0,0.0,0.0,26.0,0.0,spring,False,False,False,False,False,0.0,0.0
2024-11-17 01:32:55,37.6,26.1,6.04,2.63,0.0,0.0,0.0,26.0,0.0,spring,False,False,False,False,False,0.0,0.0
2024-11-17 02:02:55,36.3,19.7,6.05,2.6,0.0,0.0,0.0,26.0,0.0,spring,False,False,False,False,False,0.0,0.0
2024-11-17 02:32:55,34.5,18.9,6.04,2.61,0.0,0.0,0.0,23.2,45.5,spring,True,True,False,False,False,0.0,12.1
2024-11-17 03:02:55,39.2,24.1,6.04,2.62,0.0,0.0,0.0,23.2,0.0,spring,False,False,False,False,False,0.0,0.0
2024-11-17 03:32:55,38.5,19.3,6.07,2.59,0.0,0.0,0.0,23.2,0.0,spring,False,False,False,False,False,0.0,0.0
2024-11-17 04:02:55,38.0,18.8,6.04,2.61,0.0,0.0,0.0,23.2,0.0,spring,False,False,False,False,False,0.0,0.0
2024-11-17 04:32:55,38.0,28.2,6.17,2.5,0.0,0.0,0.0,23.2,0.0,spring,False,False,False,False,False,0.0,0.0
2024-11-17 05:02:55,36.3,29.7,6.08,2.48,0.0,0.0,0.0,23.2,0.0,spring,False,False,False,False,False,0.0,0.0
2024-11-17 05:32:55,36.0,27.1,6.04,2.4,0.0,0.0,0.0,23.2,0.0,spring,False,False,False,False,False,0.0,0.0
2024-11-17 06:02:55,34.7,20.0,6.13,2.34,0.0,0.0,0.0,20.3,54.2,spring,True,True,False,False,False,0.0,21.9
2024-11-17 06:32:55,43.0,15.8,6.1,2.29,0.0,0.0,0.0,20.3,0.0,spring,False,False,False,False,False,0.0,0.0
2024-11-17 07:02:55,42.9,18.9,6.17,2.26,0.0,0.0,0.0,20.3,0.0,spring,False,False,False,False,False,0.0,0.0
2024-11-17 07:32:55,42.5,18.8,6.19,2.29,0.0,0.0,0.0,20.3,0.0,spring,False,False,False,False,False,0.0,0.0
2024-11-17 08:02:55,40.6,19.7,6.18,2.35,0.0,0.0,0.0,20.3,0.0,spring,False,False,False,False,False,0.0,0.0
2024-11-17 08:32:55,39.0,24.3,6.15,2.33,0.0,0.0,0.0,20.3,0.0,spring,False,False,False,False,False,0.0,0.0
2024-11-17 09:02:55,37.8,30.7,6.18,2.31,0.0,0.0,0.0,17.4,22.5,spring,True,True,False,False,False,0.0,14.4
2024-11-17 09:32:55,42.8,23.6,6.15,2.22,0.0,0.0,0.0,25.7,0.0,spring,False,False,False,True,False,0.0,0.0
2024-11-17 10:02:55,42.0,17.2,6.16,2.13,0.0,0.0,0.0,25.7,0.0,spring,False,False,False,False,False,0.0,0.0
2024-11-17 10:32:55,40.5,16.6,6.18,2.13,0.0,0.0,0.0,25.7,0.0,spring,False,False,False,False,False,0.0,0.0
2024-11-17 11:02:55,39.2,18.3,6.22,2.12,0.0,0.0,0.0,25.7,0.0,spring,False,False,False,False,False,0.0,0.0
2024-11-17 11:32:55,39.0,29.6,6.17,2.05,0.0,0.0,0.0,25.7,0.0,spring,False,False,False,False,False,0.0,0.0
2024-11-17 12:02:55,38.6,18.7,6.18,2.08,0.0,0.0,0.0,25.7,0.0,spring,False,False,False,False,False,0.0,0.0
2024-11-17 12:32:55,37.1,21.1,6.08,2.13,0.0,0.0,0.0,25.7,0.0,spring,False,False,False,False,False,0.0,0.0
2024-11-17 13:02:55,36.2,24.9,6.1,2.14,0.0,0.0,0.0,25.7,0.0,spring,False,False,False,False,False,0.0,0.0
2024-11-17 13:32:55,35.0,27.9,6.11,2.15,0.0,0.0,0.0,24.0,49.9,spring,True,True,False,False,False,0.0,18.9
2024-11-17 14:02:55,39.1,21.0,6.18,2.13,0.0,0.0,0.0,24.0,0.0,spring,False,False,False,False,False,0.0,0.0
2024-11-17 14:32:55,38.6,25.8,6.19,2.14,0.0,0.0,0.0,24.0,0.0,spring,False,False,False,False,False,0.0,0.0
2024-11-17 15:02:55,38.5,20.1,6.16,2.1,0.0,0.0,0.0,24.0,0.0,spring,False,False,False,False,False,0.0,0.0
2024-11-17 15:32:55,36.9,26.4,6.28,2.13,0.0,0.0,0.0,24.0,0.0,spring,False,False,False,False,False,0.0,0.0
2024-11-17 16:02:55,36.6,26.4,6.29,2.17,0.0,0.0,0.0,24.0,0.0,spring,False,False,False,False,False,0.0,0.0
2024-11-17 16:32:55,36.2,26.1,6.21,2.17,0.0,0.0,0.0,24.0,0.0,spring,False,False,False,False,False,0.0,0.0
2024-11-17 17:02:55,35.1,14.8,6.12,2.19,0.0,0.0,0.0,24.0,0.0,spring,False,False,False,False,False,0.0,0.0
2024-11-17 17:32:55,34.1,21.5,6.13,2.16,0.0,0.0,0.0,22.9,54.2,spring,True,True,False,False,False,0.0,12.7
2024-11-17 18:02:55,40.3,16.0,6.2,2.26,0.0,0.0,0.0,22.9,0.0,spring,False,False,False,False,False,0.0,0.0
2024-11-17 18:32:55,38.4,20.3,6.15,2.25,0.0,0.0,0.0,22.9,0.0,spring,False,False,False,False,False,0.0,0.0
2024-11-17 19:02:55,37.0,30.6,6.09,2.28,0.0,0.0,0.0,20.4,59.6,spring,True,True,False,False,False,0.0,18.3
2024-11-17 19:32:55,45.8,22.5,6.05,2.22,0.0,0.0,0.0,20.4,0.0,spring,False,False,False,False,False,0.0,0.0
2024-11-17 20:02:55,44.6,23.2,6.05,2.26,0.0,0.0,0.0,20.4,0.0,spring,False,False,False,False,False,0.0,0.0
2024-11-17 20:32:55,44.2,27.6,6.1,2.27,0.0,0.0,0.0,20.4,0.0,spring,False,False,False,False,False,0.0,0.0
2024-11-17 21:02:55,42.3,21.9,6.03,2.32,0.0,0.0,0.0,20.4,0.0,spring,False,False,False,False,False,0.0,0.0
2024-11-17 21:32:55,40.8,29.4,5.97,2.21,0.0,0.0,0.0,20.4,0.0,spring,False,False,False,False,False,0.0,0.0
2024-11-17 22:02:55,39.0,20.2,5.98,2.12,0.0,0.0,0.0,20.4,0.0,spring,False,False,False,False,False,0.0,0.0
2024-11-17 22:32:55,38.9,18.4,6.03,2.14,0.0,0.0,0.0,20.4,0.0,spring,False,False,False,False,False,0.0,0.0
2024-11-17 23:02:55,37.3,24.5,6.1,2.08,0.0,0.0,0.0,20.4,0.0,spring,False,False,False,False,False,0.0,0.0
2024-11-17 23:32:55,36.3,18.2,6.07,2.06,0.0,0.0,0.0,20.4,0.0,spring,False,False,False,False,False,0.0,0.0
2024-11-18 00:02:55,35.4,20.6,6.03,2.02,0.0,0.0,0.0,20.4,0.0,spring,False,False,False,False,False,0.0,0.0
2024-11-18 00:32:55,34.5,25.0,6.04,2.01,0.0,0.0,0.0,18.6,55.9,spring,True,True,False,False,False,0.0,15.3
2024-11-18 01:02:55,39.3,22.2,6.02,2.09,0.0,0.0,0.0,25.0,0.0,spring,False,False,False,True,False,0.0,0.0
2024-11-18 01:32:55,38.7,23.1,6.09,2.07,0.0,0.0,0.0,25.0,0.0,spring,False,False,False,False,False,0.0,0.0
2024-11-18 02:02:55,37.5,18.7,6.08,2.05,0.0,0.0,0.0,25.0,0.0,spring,False,False,False,False,False,0.0,0.0
2024-11-18 02:32:55,35.6,11.9,6.08,2.02,0.0,0.0,0.0,25.0,0.0,spring,False,False,False,False,False,0.0,0.0
2024-11-18 03:02:55,33.8,30.7,6.11,2.01,0.0,0.0,0.0,22.4,47.5,spring,True,True,False,False,False,0.0,22.9
2024-11-18 03:32:55,42.9,15.7,6.08,2.05,0.0,0.0,0.0,22.4,0.0,spring,False,False,False,False,False,0.0,0.0
2024-11-18 04:02:55,42.9,22.4,6.0,2.05,0.0,0.0,0.0,22.4,0.0,spring,False,False,False,False,False,0.0,0.0
2024-11-18 04:32:55,42.4,20.6,6.07,1.99,0.0,0.0,0.0,22.4,0.0,spring,False,False,False,False,False,0.0,0.0
2024-11-18 05:02:55,41.8,25.0,6.06,2.0,0.0,0.0,0.0,22.4,0.0,spring,False,False,False,False,False,0.0,0.0
2024-11-18 05:32:55,39.8,26.6,6.15,1.92,0.0,0.0,0.0,22.4,0.0,spring,False,False,False,False,False,0.0,0.0
2024-11-18 06:02:55,39.0,24.8,6.2,1.95,0.0,0.0,0.0,22.4,0.0,spring,False,False,False,False,False,0.0,0.0
2024-11-18 06:32:55,37.7,19.0,6.13,1.89,0.0,0.0,0.0,22.4,0.0,spring,False,False,False,False,False,0.0,0.0
2024-11-18 07:02:55,37.1,20.5,6.16,1.86,0.0,0.0,0.0,22.4,0.0,spring,False,False,False,False,False,0.0,0.0
2024-11-18 07:32:55,36.0,30.5,6.09,1.9,0.0,0.0,0.0,19.7,34.3,spring,True,True,False,False,False,0.0,14.4
2024-11-18 08:02:55,44.3,25.4,6.11,1.94,0.0,0.0,0.0,32.5,0.0,spring,False,False,False,True,False,0.0,0.0
2024-11-18 08:32:55,43.3,27.8,6.12,1.95,0.0,0.0,0.0,32.5,0.0,spring,False,False,False,False,False,0.0,0.0
2024-11-18 09:02:55,43.1,24.8,6.08,1.96,0.0,0.0,0.0,32.5,0.0,spring,False,False,False,False,False,0.0,0.0
2024-11-18 09:32:55,42.9,25.0,6.08,1.98,0.0,0.0,0.0,32.5,0.0,spring,False,False,False,False,False,0.0,0.0
2024-11-18 10:02:55,42.8,23.7,6.06,1.96,0.0,0.0,0.0,32.5,0.0,spring,False,False,False,False,False,0.0,0.0
2024-11-18 10:32:55,41.9,26.9,6.04,1.93,0.0,0.0,0.0,32.5,0.0,spring,False,False,False,False,False,0.0,0.0
2024-11-18 11:02:55,41.1,19.3,6.0,2.03,0.0,0.0,0.0,32.5,0.0,spring,False,False,False,False,False,0.0,0.0
2024-11-18 11:32:55,40.1,28.8,6.01,2.02,0.0,0.0,0.0,32.5,0.0,spring,False,False,False,False,False,0.0,0.0
2024-11-18 12:02:55,39.3,23.9,5.98,2.01,0.0,0.0,0.0,32.5,0.0,spring,False,False,False,False,False,0.0,0.0
2024-11-18 12:32:55,37.4,21.9,6.05,2.03,0.0,0.0,0.0,32.5,0.0,spring,False,False,False,False,False,0.0,0.0
2024-11-18 13:02:55,36.2,16.4,6.13,2.04,0.0,0.0,0.0,32.5,0.0,spring,False,False,False,False,False,0.0,0.0
2024-11-18 13:32:55,35.8,22.0,6.21,2.11,0.0,0.0,0.0,32.5,0.0,spring,False,False,False,False,False,0.0,0.0
2024-11-18 14:02:55,35.7,29.8,6.18,2.08,0.0,0.0,0.0,32.5,0.0,spring,False,False,False,False,False,0.0,0.0
2024-11-18 14:32:55,34.9,23.6,6.25,2.08,0.0,0.0,0.0,31.1,21.0,spring,True,True,False,False,False,0.0,24.1
2024-11-18 15:02:55,40.7,23.2,6.2,2.05,0.0,0.0,0.0,31.1,0.0,spring,False,False,False,False,False,0.0,0.0
2024-11-18 15:32:55,39.6,17.6,6.19,2.07,0.0,0.0,0.0,31.1,0.0,spring,False,False,False,False,False,0.0,0.0
2024-11-18 16:02:55,38.7,24.6,6.25,2.07,0.0,0.0,0.0,31.1,0.0,spring,False,False,False,False,False,0.0,0.0
2024-11-18 16:32:55,38.1,14.2,6.19,2.08,0.0,0.0,0.0,31.1,0.0,spring,False,False,False,False,False,0.0,0.0
2024-11-18 17:02:55,37.1,25.6,6.21,2.08,0.0,0.0,0.0,31.1,0.0,spring,False,False,False,False,False,0.0,0.0
2024-11-18 17:32:55,35.2,24.1,6.21,2.11,0.0,0.0,0.0,31.1,0.0,spring,False,False,False,False,False,0.0,0.0
2024-11-18 18:02:55,33.9,20.9,6.29,2.16,0.0,0.0,0.0,28.6,28.9,spring,True,True,False,False,False,0.0,18.9
2024-11-18 18:32:55,41.9,21.5,6.31,2.21,0.0,0.0,0.0,28.6,0.0,spring,False,False,False,False,False,0.0,0.0
2024-11-18 19:02:55,40.6,15.4,6.29,2.23,0.0,0.0,0.0,28.6,0.0,spring,False,False,False,False,False,0.0,0.0
2024-11-18 19:32:55,39.4,27.9,6.34,2.12,0.0,0.0,0.0,28.6,0.0,spring,False,False,False,False,False,0.0,0.0
2024-11-18 20:02:55,37.7,26.6,6.34,2.14,0.0,0.0,0.0,28.6,0.0,spring,False,False,False,False,False,0.0,0.0
2024-11-18 20:32:55,35.8,24.4,6.31,2.13,0.0,0.0,0.0,28.6,0.0,spring,False,False,False,False,False,0.0,0.0
2024-11-18 21:02:55,35.3,18.8,6.33,2.07,0.0,0.0,0.0,28.6,0.0,spring,False,False,False,False,False,0.0,0.0
2024-11-18 21:32:55,33.3,18.1,6.37,2.03,0.0,0.0,0.0,26.4,50.9,spring,True,True,False,False,False,0.0,15.1
2024-11-18 22:02:55,41.8,21.2,6.42,2.06,0.0,0.0,0.0,26.4,0.0,spring,False,False,False,False,False,0.0,0.0
2024-11-18 22:32:55,40.7,21.4,6.46,2.06,0.0,0.0,0.0,26.4,0.0,spring,False,False,False,False,False,0.0,0.0
2024-11-18 23:02:55,39.1,22.7,6.52,2.05,0.0,0.0,0.0,26.4,0.0,spring,False,False,False,False,False,0.0,0.0
2024-11-18 23:32:55,38.1,26.4,6.56,2.01,0.0,0.0,0.0,26.4,0.0,spring,False,False,False,False,False,0.0,0.0
2024-11-19 00:02:55,37.9,9.3,6.51,2.0,0.0,0.0,0.0,26.4,0.0,spring,False,False,False,False,False,0.0,0.0
2024-11-19 00:32:55,37.8,17.0,6.62,1.96,0.0,0.0,0.0,26.4,0.0,spring,False,False,False,False,False,0.0,0.0
2024-11-19 01:02:55,37.1,19.2,6.58,2.01,0.0,0.0,0.0,26.4,0.0,spring,False,False,False,False,False,0.0,0.0
2024-11-19 01:32:55,36.1,23.4,6.62,2.06,0.0,0.0,0.0,26.4,0.0,spring,False,False,False,False,False,0.0,0.0
2024-11-19 02:02:55,35.3,19.6,6.61,1.96,0.0,0.0,0.0,26.4,0.0,spring,False,False,False,False,False,0.0,0.0
2024-11-19 02:32:55,35.0,16.6,6.6,1.95,0.0,0.0,0.0,26.4,0.0,spring,False,False,False,False,False,0.0,0.0
2024-11-19 03:02:55,34.0,22.2,6.6,1.88,0.0,0.0,0.0,25.2,40.0,spring,True,True,False,False,False,0.0,24.9
2024-11-19 03:32:55,41.6,15.6,6.58,1.93,0.0,0.0,0.0,25.2,0.0,spring,False,False,False,False,False,0.0,0.0
2024-11-19 04:02:55,39.7,23.2,6.63,1.99,0.0,0.0,0.0,25.2,0.0,spring,False,False,False,False,False,0.0,0.0
2024-11-19 04:32:55,38.8,14.0,6.63,1.96,0.0,0.0,0.0,25.2,0.0,spring,False,False,False,False,False,0.0,0.0
2024-11-19 05:02:55,38.0,27.6,6.6,1.99,0.0,0.0,0.0,25.2,0.0,spring,False,False,False,False,False,0.0,0.0
2024-11-19 05:32:55,36.7,21.3,6.54,2.07,0.0,0.0,0.0,25.2,0.0,spring,False,False,False,False,False,0.0,0.0
2024-11-19 06:02:55,34.8,14.0,6.56,2.09,0.0,0.0,0.0,22.2,36.7,spring,True,True,False,False,False,0.0,15.1
2024-11-19 06:32:55,44.7,12.8,6.59,2.1,0.0,0.0,0.0,22.2,0.0,spring,False,False,False,False,False,0.0,0.0
2024-11-19 07:02:55,43.2,21.6,6.58,2.13,0.0,0.0,0.0,22.2,0.0,spring,False,False,False,False,False,0.0,0.0
2024-11-19 07:32:55,41.5,25.0,6.59,2.19,0.0,0.0,0.0,22.2,0.0,spring,False,False,False,False,False,0.0,0.0
2024-11-19 08:02:55,39.6,22.7,6.49,2.15,0.0,0.0,0.0,22.2,0.0,spring,False,False,False,False,False,0.0,0.0
2024-11-19 08:32:55,39.5,17.2,6.45,2.16,0.0,0.0,0.0,22.2,0.0,spring,False,False,False,False,False,0.0,0.0
2024-11-19 09:02:55,38.5,30.8,6.42,2.15,0.0,0.0,0.0,19.4,51.1,spring,True,True,False,False,False,0.0,11.8
2024-11-19 09:32:55,43.1,23.0,6.36,2.21,0.0,0.0,0.0,32.4,0.0,spring,False,False,False,True,False,0.0,0.0
2024-11-19 10:02:55,42.6,17.6,6.39,2.23,0.0,0.0,0.0,32.4,0.0,spring,False,False,False,False,False,0.0,0.0
2024-11-19 10:32:55,40.9,23.5,6.37,2.22,0.0,0.0,0.0,32.4,0.0,spring,False,False,False,False,False,0.0,0.0
2024-11-19 11:02:55,40.0,29.1,6.34,2.19,0.0,0.0,0.0,32.4,0.0,spring,False,False,False,False,False,0.0,0.0
2024-11-19 11:32:55,39.7,22.1,6.27,2.16,0.0,0.0,0.0,32.4,0.0,spring,False,False,False,False,False,0.0,0.0
2024-11-19 12:02:55,39.1,26.4,6.21,2.12,0.0,0.0,0.0,32.4,0.0,spring,False,False,False,False,False,0.0,0.0
2024-11-19 12:32:55,37.4,16.6,6.26,2.08,0.0,0.0,0.0,32.4,0.0,spring,False,False,False,False,False,0.0,0.0
2024-11-19 13:02:55,37.0,15.5,6.26,2.04,0.0,0.0,0.0,32.4,0.0,spring,False,False,False,False,False,0.0,0.0
2024-11-19 13:32:55,36.6,18.3,6.18,1.97,0.0,0.0,0.0,32.4,0.0,spring,False,False,False,False,False,0.0,0.0
2024-11-19 14:02:55,34.9,20.4,6.17,1.95,0.0,0.0,0.0,30.5,59.5,spring,True,True,False,False,False,0.0,24.4
2024-11-19 14:32:55,41.6,25.6,6.21,1.92,0.0,0.0,0.0,30.5,0.0,spring,False,False,False,False,False,0.0,0.0
2024-11-19 15:02:55,40.8,15.7,6.29,1.94,0.0,0.0,0.0,30.5,0.0,spring,False,False,False,False,False,0.0,0.0
2024-11-19 15:32:55,40.3,22.1,6.32,1.99,0.0,0.0,0.0,30.5,0.0,spring,False,False,False,False,False,0.0,0.0
2024-11-19 16:02:55,38.8,20.2,6.32,1.97,0.0,0.0,0.0,30.5,0.0,spring,False,False,False,False,False,0.0,0.0
2024-11-19 16:32:55,36.8,19.7,6.33,1.97,0.0,0.0,0.0,30.5,0.0,spring,False,False,False,False,False,0.0,0.0
2024-11-19 17:02:55,36.5,27.2,6.24,1.92,0.0,0.0,0.0,30.5,0.0,spring,False,False,False,False,False,0.0,0.0
2024-11-19 17:32:55,35.0,16.6,6.33,1.96,0.0,0.0,0.0,30.5,0.0,spring,False,False,False,False,False,0.0,0.0
2024-11-19 18:02:55,33.2,26.8,6.41,1.98,0.0,0.0,0.0,28.2,34.8,spring,True,True,False,False,False,0.0,21.2
2024-11-19 18:32:55,40.3,26.3,6.45,2.01,0.0,0.0,0.0,28.2,0.0,spring,False,False,False,False,False,0.0,0.0
2024-11-19 19:02:55,38.6,20.7,6.37,2.03,0.0,0.0,0.0,28.2,0.0,spring,False,False,False,False,False,0.0,0.0
2024-11-19 19:32:55,36.8,17.8,6.35,2.04,0.0,0.0,0.0,28.2,0.0,spring,False,False,False,False,False,0.0,0.0
2024-11-19 20:02:55,35.2,15.2,6.39,2.05,0.0,0.0,0.0,28.2,0.0,spring,False,False,False,False,False,0.0,0.0
2024-11-19 20:32:55,33.6,20.2,6.47,2.06,0.0,0.0,0.0,26.7,26.9,spring,True,True,False,False,False,0.0,15.9
2024-11-19 21:02:55,40.2,24.2,6.46,2.0,0.0,0.0,0.0,26.7,0.0,spring,False,False,False,False,False,0.0,0.0
2024-11-19 21:32:55,39.6,20.5,6.48,2.01,0.0,0.0,0.0,26.7,0.0,spring,False,False,False,False,False,0.0,0.0
2024-11-19 22:02:55,38.9,20.7,6.46,1.97,0.0,0.0,0.0,26.7,0.0,spring,False,False,False,False,False,0.0,0.0
2024-11-19 22:32:55,38.2,25.9,6.44,1.96,0.0,0.0,0.0,26.7,0.0,spring,False,False,False,False,False,0.0,0.0
2024-11-19 23:02:55,36.4,19.7,6.49,1.99,0.0,0.0,0.0,26.7,0.0,spring,False,False,False,False,False,0.0,0.0
2024-11-19 23:32:55,34.6,18.8,6.48,1.93,0.0,0.0,0.0,24.4,46.1,spring,True,True,False,False,False,0.0,18.3
2024-11-20 00:02:55,43.1,23.2,6.48,1.89,0.0,0.0,0.0,24.4,0.0,spring,False,False,False,False,False,0.0,0.0
2024-11-20 00:32:55,43.1,26.1,6.48,1.78,0.0,0.0,0.0,24.4,0.0,spring,False,False,False,False,False,0.0,0.0
2024-11-20 01:02:55,42.9,24.3,6.45,1.84,0.0,0.0,0.0,24.4,0.0,spring,False,False,False,False,False,0.0,0.0
2024-11-20 01:32:55,41.2,18.6,6.45,1.82,0.0,0.0,0.0,24.4,0.0,spring,False,False,False,False,False,0.0,0.0
2024-11-20 02:02:55,39.5,17.2,6.4,1.84,0.0,0.0,0.0,24.4,0.0,spring,False,False,False,False,False,0.0,0.0
2024-11-20 02:32:55,37.5,20.5,6.32,1.8,0.0,0.0,0.0,24.4,0.0,spring,False,False,False,False,False,0.0,0.0
2024-11-20 03:02:55,36.0,23.1,6.29,1.85,0.0,0.0,0.0,24.4,0.0,spring,False,False,False,False,False,0.0,0.0
2024-11-20 03:32:55,34.8,18.5,6.32,1.81,0.0,0.0,0.0,22.3,47.4,spring,True,True,False,False,False,0.0,23.1
2024-11-20 04:02:55,42.3,22.1,6.27,1.78,0.0,0.0,0.0,22.3,0.0,spring,False,False,False,False,False,0.0,0.0
2024-11-20 04:32:55,41.2,22.2,6.24,1.82,0.0,0.0,0.0,22.3,0.0,spring,False,False,False,False,False,0.0,0.0
2024-11-20 05:02:55,40.9,17.3,6.24,1.77,0.0,0.0,0.0,22.3,0.0,spring,False,False,False,False,False,0.0,0.0
2024-11-20 05:32:55,39.5,25.3,6.3,1.71,0.0,0.0,0.0,22.3,0.0,spring,False,False,False,False,False,0.0,0.0
2024-11-20 06:02:55,39.0,18.4,6.36,1.67,0.0,0.0,0.0,22.3,0.0,spring,False,False,False,False,False,0.0,0.0
2024-11-20 06:32:55,38.6,19.1,6.34,1.69,0.0,0.0,0.0,22.3,0.0,spring,False,False,False,False,False,0.0,0.0
2024-11-20 07:02:55,37.9,21.1,6.37,1.66,0.0,0.0,0.0,22.3,0.0,spring,False,False,False,False,False,0.0,0.0
2024-11-20 07:32:55,36.0,11.0,6.45,1.65,0.0,0.0,0.0,22.3,0.0,spring,False,False,False,False,False,0.0,0.0
2024-11-20 08:02:55,35.3,25.5,6.52,1.65,0.0,0.0,0.0,22.3,0.0,spring,False,False,False,False,False,0.0,0.0
2024-11-20 08:32:55,33.4,27.6,6.5,1.63,0.0,0.0,0.0,20.7,34.9,spring,True,True,False,False,False,0.0,19.2
2024-11-20 09:02:55,38.9,20.9,6.43,1.69,0.0,0.0,0.0,20.7,0.0,spring,False,False,False,False,False,0.0,0.0
2024-11-20 09:32:55,38.6,25.6,6.5,1.76,0.0,0.0,0.0,20.7,0.0,spring,False,False,False,False,False,0.0,0.0
2024-11-20 10:02:55,38.4,18.6,6.47,1.73,0.0,0.0,0.0,20.7,0.0,spring,False,False,False,False,False,0.0,0.0
2024-11-20 10:32:55,38.3,17.3,6.55,1.8,0.0,0.0,0.0,20.7,0.0,spring,False,False,False,False,False,0.0,0.0
2024-11-20 11:02:55,36.7,21.1,6.55,1.83,0.0,0.0,0.0,20.7,0.0,spring,False,False,False,False,False,0.0,0.0
2024-11-20 11:32:55,35.2,21.5,6.57,1.75,0.0,0.0,0.0,20.7,0.0,spring,False,False,False,False,False,0.0,0.0
2024-11-20 12:02:55,33.7,20.6,6.56,1.73,0.0,0.0,0.0,18.7,26.0,spring,True,True,False,False,False,0.0,21.6
2024-11-20 12:32:55,38.4,18.2,6.5,1.66,0.0,0.0,0.0,28.3,0.0,spring,False,False,False,True,False,0.0,0.0
2024-11-20 13:02:55,37.9,25.8,6.53,1.69,0.0,0.0,0.0,28.3,0.0,spring,False,False,False,False,False,0.0,0.0
2024-11-20 13:32:55,36.1,19.8,6.49,1.76,0.0,0.0,0.0,28.3,0.0,spring,False,False,False,False,False,0.0,0.0
2024-11-20 14:02:55,35.9,20.2,6.46,1.75,0.0,0.0,0.0,28.3,0.0,spring,False,False,False,False,False,0.0,0.0
2024-11-20 14:32:55,34.3,22.4,6.52,1.75,0.0,0.0,0.0,26.2,41.2,spring,True,True,False,False,False,0.0,21.1
2024-11-20 15:02:55,41.9,24.8,6.49,1.67,0.0,0.0,0.0,26.2,0.0,spring,False,False,False,False,False,0.0,0.0
2024-11-20 15:32:55,40.1,18.1,6.47,1.68,0.0,0.0,0.0,26.2,0.0,spring,False,False,False,False,False,0.0,0.0
2024-11-20 16:02:55,38.1,19.1,6.48,1.71,0.0,0.0,0.0,26.2,0.0,spring,False,False,False,False,False,0.0,0.0
2024-11-20 16:32:55,37.7,19.3,6.48,1.67,0.0,0.0,0.0,26.2,0.0,spring,False,False,False,False,False,0.0,0.0
2024-11-20 17:02:55,35.9,18.5,6.49,1.56,0.0,0.0,0.0,26.2,0.0,spring,False,False,False,False,False,0.0,0.0
2024-11-20 17:32:55,35.7,20.5,6.42,1.58,0.0,0.0,0.0,26.2,0.0,spring,False,False,False,False,False,0.0,0.0
2024-11-20 18:02:55,34.0,19.9,6.51,1.59,0.0,0.0,0.0,24.5,35.7,spring,True,True,False,False,False,0.0,17.1
2024-11-20 18:32:55,43.1,18.8,6.46,1.58,0.0,0.0,0.0,24.5,0.0,spring,False,False,False,False,False,0.0,0.0
2024-11-20 19:02:55,41.9,17.6,6.44,1.58,0.0,0.0,0.0,24.5,0.0,spring,False,False,False,False,False,0.0,0.0
2024-11-20 19:32:55,40.3,16.4,6.49,1.6,0.0,0.0,0.0,24.5,0.0,spring,False,False,False,False,False,0.0,0.0
2024-11-20 20:02:55,38.4,16.9,6.45,1.67,0.0,0.0,0.0,24.5,0.0,spring,False,False,False,False,False,0.0,0.0
2024-11-20 20:32:55,37.3,19.5,6.48,1.69,0.0,0.0,0.0,24.5,0.0,spring,False,False,False,False,False,0.0,0.0
2024-11-20 21:02:55,35.3,22.0,6.46,1.78,0.0,0.0,0.0,24.5,0.0,spring,False,False,False,False,False,0.0,0.0
2024-11-20 21:32:55,34.7,28.4,6.44,1.83,0.0,0.0,0.0,22.2,52.7,spring,True,True,False,False,False,0.0,16.5
2024-11-20 22:02:55,41.8,22.9,6.45,1.94,0.0,0.0,0.0,22.2,0.0,spring,False,False,False,False,False,0.0,0.0
2024-11-20 22:32:55,41.7,22.3,6.38,1.93,0.0,0.0,0.0,22.2,0.0,spring,False,False,False,False,False,0.0,0.0
2024-11-20 23:02:55,41.2,22.5,6.34,1.97,0.0,0.0,0.0,22.2,0.0,spring,False,False,False,False,False,0.0,0.0
2024-11-20 23:32:55,40.4,29.9,6.31,1.91,0.0,0.0,0.0,22.2,0.0,spring,False,False,False,False,False,0.0,0.0
2024-11-21 00:02:55,40.4,18.9,6.27,1.89,0.0,0.0,0.0,22.2,0.0,spring,False,False,False,False,False,0.0,0.0
2024-11-21 00:32:55,39.8,18.6,6.28,1.91,0.0,0.0,0.0,22.2,0.0,spring,False,False,False,False,False,0.0,0.0
2024-11-21 01:02:55,39.0,15.8,6.27,1.9,0.0,0.0,0.0,22.2,0.0,spring,False,False,False,False,False,0.0,0.0
2024-11-21 01:32:55,37.3,15.3,6.26,1.88,0.0,0.0,0.0,22.2,0.0,spring,False,False,False,False,False,0.0,0.0
2024-11-21 02:02:55,36.9,26.1,6.27,1.89,0.0,0.0,0.0,22.2,0.0,spring,False,False,False,False,False,0.0,0.0
2024-11-21 02:32:55,35.6,16.3,6.17,1.94,0.0,0.0,0.0,22.2,0.0,spring,False,False,False,False,False,0.0,0.0
2024-11-21 03:02:55,33.8,26.4,6.17,2.02,0.0,0.0,0.0,20.0,37.5,spring,True,True,False,False,False,0.0,16.5
2024-11-21 03:32:55,40.1,14.5,6.22,2.01,0.0,0.0,0.0,20.0,0.0,spring,False,False,False,False,False,0.0,0.0
2024-11-21 04:02:55,38.6,26.5,6.26,2.06,0.0,0.0,0.0,20.0,0.0,spring,False,False,False,False,False,0.0,0.0
2024-11-21 04:32:55,38.2,23.6,6.2,2.1,0.0,0.0,0.0,20.0,0.0,spring,False,False,False,False,False,0.0,0.0
2024-11-21 05:02:55,37.6,19.8,6.21,2.16,0.0,0.0,0.0,20.0,0.0,spring,False,False,False,False,False,0.0,0.0
2024-11-21 05:32:55,35.8,21.3,6.24,2.16,0.0,0.0,0.0,20.0,0.0,spring,False,False,False,False,False,0.0,0.0
2024-11-21 06:02:55,35.6,16.1,6.23,2.08,0.0,0.0,0.0,20.0,0.0,spring,False,False,False,False,False,0.0,0.0
2024-11-21 06:32:55,34.9,20.5,6.25,2.14,0.0,0.0,0.0,18.1,24.6,spring,True,True,False,False,False,0.0,24.4
2024-11-21 07:02:55,39.1,20.7,6.18,2.16,0.0,0.0,0.0,32.8,0.0,spring,False,False,False,True,False,0.0,0.0
2024-11-21 07:32:55,37.6,24.2,6.2,2.17,0.0,0.0,0.0,32.8,0.0,spring,False,False,False,False,False,0.0,0.0
2024-11-21 08:02:55,37.0,23.7,6.15,2.04,0.0,0.0,0.0,32.8,0.0,spring,False,False,False,False,False,0.0,0.0
2024-11-21 08:32:55,35.1,24.0,6.09,1.96,0.0,0.0,0.0,32.8,0.0,spring,False,False,False,False,False,0.0,0.0
2024-11-21 09:02:55,33.9,20.8,6.12,2.05,0.0,0.0,0.0,30.9,56.4,spring,True,True,False,False,False,0.0,12.7
2024-11-21 09:32:55,42.2,26.7,6.19,2.07,0.0,0.0,0.0,30.9,0.0,spring,False,False,False,False,False,0.0,0.0
2024-11-21 10:02:55,40.3,21.5,6.26,2.05,0.0,0.0,0.0,30.9,0.0,spring,False,False,False,False,False,0.0,0.0
2024-11-21 10:32:55,40.3,16.4,6.24,2.07,0.0,0.0,0.0,30.9,0.0,spring,False,False,False,False,False,0.0,0.0
2024-11-21 11:02:55,38.8,21.0,6.29,2.04,0.0,0.0,0.0,30.9,0.0,spring,False,False,False,False,False,0.0,0.0
2024-11-21 11:32:55,38.7,15.7,6.29,1.94,0.0,0.0,0.0,30.9,0.0,spring,False,False,False,False,False,0.0,0.0
2024-11-21 12:02:55,36.8,22.5,6.24,2.0,0.0,0.0,0.0,30.9,0.0,spring,False,False,False,False,False,0.0,0.0
2024-11-21 12:32:55,35.2,20.8,6.24,2.01,0.0,0.0,0.0,30.9,0.0,spring,False,False,False,False,False,0.0,0.0
2024-11-21 13:02:55,35.1,18.3,6.25,2.03,0.0,0.0,0.0,30.9,0.0,spring,False,False,False,False,False,0.0,0.0
2024-11-21 13:32:55,34.8,21.8,6.23,2.08,0.0,0.0,0.0,29.7,42.2,spring,True,True,False,False,False,0.0,17.3
2024-11-21 14:02:55,41.0,16.8,6.18,2.05,0.0,0.0,0.0,29.7,0.0,spring,False,False,False,False,False,0.0,0.0
2024-11-21 14:32:55,39.7,25.5,6.26,2.02,0.0,0.0,0.0,29.7,0.0,spring,False,False,False,False,False,0.0,0.0
2024-11-21 15:02:55,37.8,18.4,6.27,2.02,0.0,0.0,0.0,29.7,0.0,spring,False,False,False,False,False,0.0,0.0
2024-11-21 15:32:55,36.0,26.8,6.34,1.99,0.0,0.0,0.0,29.7,0.0,spring,False,False,False,False,False,0.0,0.0
2024-11-21 16:02:55,35.2,18.0,6.33,1.9,0.0,0.0,0.0,29.7,0.0,spring,False,False,False,False,False,0.0,0.0
2024-11-21 16:32:55,34.5,28.4,6.32,1.87,0.0,0.0,0.0,26.7,46.7,spring,True,True,False,False,False,0.0,24.2
2024-11-21 17:02:55,43.5,21.5,6.36,1.87,0.0,0.0,0.0,26.7,0.0,spring,False,False,False,False,False,0.0,0.0
2024-11-21 17:32:55,43.3,13.2,6.32,1.82,0.0,0.0,0.0,26.7,0.0,spring,False,False,False,False,False,0.0,0.0
2024-11-21 18:02:55,42.4,18.7,6.25,1.84,0.0,0.0,0.0,26.7,0.0,spring,False,False,False,False,False,0.0,0.0
2024-11-21 18:32:55,42.2,25.2,6.34,1.78,0.0,0.0,0.0,26.7,0.0,spring,False,False,False,False,False,0.0,0.0
2024-11-21 19:02:55,40.5,13.9,6.33,1.81,0.0,0.0,0.0,26.7,0.0,spring,False,False,False,False,False,0.0,0.0
2024-11-21 19:32:55,40.1,21.7,6.3,1.8,0.0,0.0,0.0,26.7,0.0,spring,False,False,False,False,False,0.0,0.0
2024-11-21 20:02:55,38.7,13.0,6.23,1.76,0.0,0.0,0.0,26.7,0.0,spring,False,False,False,False,False,0.0,0.0
2024-11-21 20:32:55,38.6,16.3,6.26,1.75,0.0,0.0,0.0,26.7,0.0,spring,False,False,False,False,False,0.0,0.0
2024-11-21 21:02:55,37.8,26.2,6.25,1.72,0.0,0.0,0.0,26.7,0.0,spring,False,False,False,False,False,0.0,0.0
2024-11-21 21:32:55,37.5,18.7,6.23,1.78,0.0,0.0,0.0,26.7,0.0,spring,False,False,False,False,False,0.0,0.0
2024-11-21 22:02:55,37.0,19.4,6.3,1.81,0.0,0.0,0.0,26.7,0.0,spring,False,False,False,False,False,0.0,0.0
2024-11-21 22:32:55,36.6,18.9,6.21,1.83,0.0,0.0,0.0,26.7,0.0,spring,False,False,False,False,False,0.0,0.0
2024-11-21 23:02:55,36.2,23.6,6.19,1.82,0.0,0.0,0.0,26.7,0.0,spring,False,False,False,False,False,0.0,0.0
2024-11-21 23:32:55,34.6,19.9,6.2,1.8,0.0,0.0,0.0,25.3,52.9,spring,True,True,False,False,False,0.0,12.8
2024-11-22 00:02:55,42.1,23.9,6.27,1.77,0.0,0.0,0.0,25.3,0.0,spring,False,False,False,False,False,0.0,0.0
2024-11-22 00:32:55,40.6,22.8,6.2,1.73,0.0,0.0,0.0,25.3,0.0,spring,False,False,False,False,False,0.0,0.0
2024-11-22 01:02:55,39.0,20.5,6.21,1.66,0.0,0.0,0.0,25.3,0.0,spring,False,False,False,False,False,0.0,0.0
2024-11-22 01:32:55,37.2,25.5,6.19,1.69,0.0,0.0,0.0,25.3,0.0,spring,False,False,False,False,False,0.0,0.0
2024-11-22 02:02:55,36.7,26.2,6.07,1.69,0.0,0.0,0.0,25.3,0.0,spring,False,False,False,False,False,0.0,0.0
2024-11-22 02:32:55,36.5,22.4,6.03,1.61,0.0,0.0,0.0,25.3,0.0,spring,False,False,False,False,False,0.0,0.0
2024-11-22 03:02:55,35.3,25.1,6.04,1.54,0.0,0.0,0.0,25.3,0.0,spring,False,False,False,False,False,0.0,0.0
2024-11-22 03:32:55,34.4,16.7,6.11,1.51,0.0,0.0,0.0,23.6,50.6,spring,True,True,False,False,False,0.0,12.5
2024-11-22 04:02:55,40.8,21.6,6.13,1.48,0.0,0.0,0.0,23.6,0.0,spring,False,False,False,False,False,0.0,0.0
2024-11-22 04:32:55,40.8,15.9,6.08,1.51,0.0,0.0,0.0,23.6,0.0,spring,False,False,False,False,False,0.0,0.0
2024-11-22 05:02:55,39.3,26.4,5.95,1.49,0.0,0.0,0.0,23.6,0.0,spring,False,False,False,False,False,0.0,0.0
2024-11-22 05:32:55,37.7,18.1,5.93,1.45,0.0,0.0,0.0,23.6,0.0,spring,False,False,False,False,False,0.0,0.0
2024-11-22 06:02:55,37.2,21.4,5.87,1.44,0.0,0.0,0.0,23.6,0.0,spring,False,False,False,False,False,0.0,0.0
2024-11-22 06:32:55,35.6,19.7,5.9,1.44,0.0,0.0,0.0,23.6,0.0,spring,False,False,False,False,False,0.0,0.0
2024-11-22 07:02:55,35.2,27.9,5.89,1.38,0.0,0.0,0.0,23.6,0.0,spring,False,False,False,False,False,0.0,0.0
2024-11-22 07:32:55,34.7,28.6,5.89,1.34,0.0,0.0,0.0,22.5,39.7,spring,True,True,False,False,False,0.0,18.3
2024-11-22 08:02:55,41.7,16.9,5.91,1.35,0.0,0.0,0.0,22.5,0.0,spring,False,False,False,False,False,0.0,0.0
2024-11-22 08:32:55,40.7,28.1,5.95,1.45,0.0,0.0,0.0,22.5,0.0,spring,False,False,False,False,False,0.0,0.0
2024-11-22 09:02:55,40.3,26.9,5.99,1.48,0.0,0.0,0.0,22.5,0.0,spring,False,False,False,False,False,0.0,0.0
2024-11-22 09:32:55,39.1,24.8,5.95,1.54,0.0,0.0,0.0,22.5,0.0,spring,False,False,False,False,False,0.0,0.0
2024-11-22 10:02:55,37.7,22.2,5.91,1.57,0.0,0.0,0.0,22.5,0.0,spring,False,False,False,False,False,0.0,0.0
2024-11-22 10:32:55,36.5,18.2,5.86,1.59,0.0,0.0,0.0,22.5,0.0,spring,False,False,False,False,False,0.0,0.0
2024-11-22 11:02:55,36.1,26.8,5.88,1.63,0.0,0.0,0.0,22.5,0.0,spring,False,False,False,False,False,0.0,0.0
2024-11-22 11:32:55,35.9,17.7,5.9,1.69,0.0,0.0,0.0,22.5,0.0,spring,False,False,False,False,False,0.0,0.0
2024-11-22 12:02:55,34.2,22.5,5.88,1.77,0.0,0.0,0.0,21.1,49.1,spring,True,True,False,False,False,0.0,21.2
2024-11-22 12:32:55,43.5,25.4,5.92,1.81,0.0,0.0,0.0,21.1,0.0,spring,False,False,False,False,False,0.0,0.0
2024-11-22 13:02:55,42.9,28.3,5.96,1.77,0.0,0.0,0.0,21.1,0.0,spring,False,False,False,False,False,0.0,0.0
2024-11-22 13:32:55,41.3,21.3,5.85,1.83,0.0,0.0,0.0,21.1,0.0,spring,False,False,False,False,False,0.0,0.0
2024-11-22 14:02:55,39.7,21.3,5.89,1.81,0.0,0.0,0.0,21.1,0.0,spring,False,False,False,False,False,0.0,0.0
2024-11-22 14:32:55,38.1,29.6,5.9,1.76,0.0,0.0,0.0,21.1,0.0,spring,False,False,False,False,False,0.0,0.0
2024-11-22 15:02:55,37.5,23.1,5.87,1.73,0.0,0.0,0.0,21.1,0.0,spring,False,False,False,False,False,0.0,0.0
2024-11-22 15:32:55,35.8,24.1,5.86,1.65,0.0,0.0,0.0,21.1,0.0,spring,False,False,False,False,False,0.0,0.0
2024-11-22 16:02:55,34.4,28.7,5.86,1.65,0.0,0.0,0.0,18.4,22.8,spring,True,True,False,False,False,0.0,22.3
2024-11-22 16:32:55,40.4,30.1,5.91,1.65,0.0,0.0,0.0,24.9,29.2,spring,True,True,False,True,False,0.0,14.3
2024-11-22 17:02:55,45.0,16.3,5.95,1.65,0.0,0.0,0.0,24.9,0.0,spring,False,False,False,False,False,0.0,0.0
2024-11-22 17:32:55,44.5,17.3,5.96,1.73,0.0,0.0,0.0,24.9,0.0,spring,False,False,False,False,False,0.0,0.0
2024-11-22 18:02:55,43.0,26.5,5.89,1.8,0.0,0.0,0.0,24.9,0.0,spring,False,False,False,False,False,0.0,0.0
2024-11-22 18:32:55,41.9,25.8,5.84,1.78,0.0,0.0,0.0,24.9,0.0,spring,False,False,False,False,False,0.0,0.0
2024-11-22 19:02:55,40.0,17.1,5.8,1.8,0.0,0.0,0.0,24.9,0.0,spring,False,False,False,False,False,0.0,0.0
2024-11-22 19:32:55,38.5,28.2,5.75,1.78,0.0,0.0,0.0,24.9,0.0,spring,False,False,False,False,False,0.0,0.0
2024-11-22 20:02:55,38.5,17.4,5.67,1.79,0.0,0.0,0.0,24.9,0.0,spring,False,False,False,False,False,0.0,0.0
2024-11-22 20:32:55,38.2,17.3,5.7,1.76,0.0,0.0,0.0,24.9,0.0,spring,False,False,False,False,False,0.0,0.0
2024-11-22 21:02:55,37.5,24.0,5.7,1.78,0.0,0.0,0.0,24.9,0.0,spring,False,False,False,False,False,0.0,0.0
2024-11-22 21:32:55,36.0,20.8,5.71,1.74,0.0,0.0,0.0,24.9,0.0,spring,False,False,False,False,False,0.0,0.0
2024-11-22 22:02:55,35.5,24.5,5.73,1.81,0.0,0.0,0.0,24.9,0.0,spring,False,False,False,False,False,0.0,0.0
2024-11-22 22:32:55,35.5,20.2,5.72,1.8,0.0,0.0,0.0,24.9,0.0,spring,False,False,False,False,False,0.0,0.0
2024-11-22 23:02:55,34.1,22.5,5.68,1.85,0.0,0.0,0.0,23.7,45.1,spring,True,True,False,False,False,0.0,11.7
2024-11-22 23:32:55,38.1,21.9,5.66,1.84,0.0,0.0,0.0,23.7,0.0,spring,False,False,False,False,False,0.0,0.0
2024-11-23 00:02:55,37.4,23.4,5.6,1.83,0.0,0.0,0.0,23.7,0.0,spring,False,False,False,False,False,0.0,0.0
2024-11-23 00:32:55,36.0,20.7,5.59,1.82,0.0,0.0,0.0,23.7,0.0,spring,False,False,False,False,False,0.0,0.0
2024-11-23 01:02:55,34.9,27.2,5.48,1.81,0.0,0.0,0.0,21.1,39.6,spring,True,True,False,False,False,0.0,10.4
2024-11-23 01:32:55,43.8,21.7,5.4,1.77,0.0,0.0,0.0,21.1,0.0,spring,False,False,False,False,False,0.0,0.0
2024-11-23 02:02:55,43.6,12.1,5.42,1.74,0.0,0.0,0.0,21.1,0.0,spring,False,False,False,False,False,0.0,0.0
2024-11-23 02:32:55,41.8,21.0,5.37,1.76,0.0,0.0,0.0,21.1,0.0,spring,False,False,False,False,False,0.0,0.0
2024-11-23 03:02:55,41.0,31.5,5.44,1.8,0.0,0.0,0.0,18.1,28.3,spring,True,True,False,False,False,0.0,14.8
2024-11-23 03:32:55,48.3,20.8,5.48,1.84,0.0,0.0,0.0,30.3,0.0,spring,False,False,False,True,False,0.0,0.0
2024-11-23 04:02:55,46.8,24.5,5.44,1.89,0.0,0.0,0.0,30.3,0.0,spring,False,False,False,False,False,0.0,0.0
2024-11-23 04:32:55,45.5,18.0,5.4,1.87,0.0,0.0,0.0,30.3,0.0,spring,False,False,False,False,False,0.0,0.0
2024-11-23 05:02:55,44.9,19.3,5.41,1.92,0.0,0.0,0.0,30.3,0.0,spring,False,False,False,False,False,0.0,0.0
2024-11-23 05:32:55,43.2,19.6,5.39,1.95,0.0,0.0,0.0,30.3,0.0,spring,False,False,False,False,False,0.0,0.0
2024-11-23 06:02:55,41.5,22.5,5.46,1.96,0.0,0.0,0.0,30.3,0.0,spring,False,False,False,False,False,0.0,0.0
2024-11-23 06:32:55,39.6,20.5,5.51,1.97,0.0,0.0,0.0,30.3,0.0,spring,False,False,False,False,False,0.0,0.0
2024-11-23 07:02:55,39.0,31.2,5.59,2.01,0.0,0.0,0.0,28.0,37.4,spring,True,True,False,False,False,0.0,21.3
2024-11-23 07:32:55,43.6,23.8,5.62,1.92,0.0,0.0,0.0,28.0,0.0,spring,False,False,False,False,False,0.0,0.0
2024-11-23 08:02:55,42.6,17.8,5.59,1.83,0.0,0.0,0.0,28.0,0.0,spring,False,False,False,False,False,0.0,0.0
2024-11-23 08:32:55,42.5,32.9,5.66,1.79,0.0,0.0,0.0,26.7,47.7,spring,True,True,False,False,False,0.0,18.6
2024-11-23 09:02:55,47.9,17.5,5.74,1.81,0.0,0.0,0.0,26.7,0.0,spring,False,False,False,False,False,0.0,0.0
2024-11-23 09:32:55,47.1,14.5,5.78,1.78,0.0,0.0,0.0,26.7,0.0,spring,False,False,False,False,False,0.0,0.0
2024-11-23 10:02:55,46.0,21.4,5.73,1.76,0.0,0.0,0.0,26.7,0.0,spring,False,False,False,False,False,0.0,0.0
2024-11-23 10:32:55,44.0,26.2,5.75,1.72,0.0,0.0,0.0,26.7,0.0,spring,False,False,False,False,False,0.0,0.0
2024-11-23 11:02:55,43.2,21.9,5.8,1.78,0.0,0.0,0.0,26.7,0.0,spring,False,False,False,False,False,0.0,0.0
2024-11-23 11:32:55,42.7,29.0,5.81,1.78,0.0,0.0,0.0,26.7,0.0,spring,False,False,False,False,False,0.0,0.0
2024-11-23 12:02:55,41.3,19.7,5.75,1.71,0.0,0.0,0.0,26.7,0.0,spring,False,False,False,False,False,0.0,0.0
2024-11-23 12:32:55,40.8,21.6,5.7,1.75,0.0,0.0,0.0,26.7,0.0,spring,False,False,False,False,False,0.0,0.0
2024-11-23 13:02:55,39.8,12.9,5.73,1.73,0.0,0.0,0.0,26.7,0.0,spring,False,False,False,False,False,0.0,0.0
2024-11-23 13:32:55,39.7,17.0,5.71,1.75,0.0,0.0,0.0,26.7,0.0,spring,False,False,False,False,False,0.0,0.0
2024-11-23 14:02:55,37.7,18.5,5.71,1.69,0.0,0.0,0.0,26.7,0.0,spring,False,False,False,False,False,0.0,0.0
2024-11-23 14:32:55,36.0,15.0,5.77,1.72,0.0,0.0,0.0,26.7,0.0,spring,False,False,False,False,False,0.0,0.0
2024-11-23 15:02:55,35.5,20.5,5.73,1.73,0.0,0.0,0.0,26.7,0.0,spring,False,False,False,False,False,0.0,0.0
2024-11-23 15:32:55,34.8,23.6,5.72,1.77,0.0,0.0,0.0,24.1,45.2,spring,True,True,False,False,False,0.0,10.4
2024-11-23 16:02:55,41.3,16.5,5.76,1.72,0.0,0.0,0.0,24.1,0.0,spring,False,False,False,False,False,0.0,0.0
2024-11-23 16:32:55,41.0,31.4,5.73,1.71,0.0,0.0,0.0,21.7,42.4,spring,True,True,False,False,False,0.0,24.6
2024-11-23 17:02:55,49.4,24.2,5.76,1.66,0.0,0.0,0.0,21.7,0.0,spring,False,False,False,False,False,0.0,0.0
2024-11-23 17:32:55,48.9,23.0,5.7,1.73,0.0,0.0,0.0,21.7,0.0,spring,False,False,False,False,False,0.0,0.0
2024-11-23 18:02:55,48.3,28.8,5.62,1.68,0.0,0.0,0.0,21.7,0.0,spring,False,False,False,False,False,0.0,0.0
2024-11-23 18:32:55,47.5,17.1,5.59,1.74,0.0,0.0,0.0,21.7,0.0,spring,False,False,False,False,False,0.0,0.0
2024-11-23 19:02:55,46.2,19.7,5.55,1.67,0.0,0.0,0.0,21.7,0.0,spring,False,False,False,False,False,0.0,0.0
2024-11-23 19:32:55,44.2,24.3,5.53,1.69,0.0,0.0,0.0,21.7,0.0,spring,False,False,False,False,False,0.0,0.0
2024-11-23 20:02:55,42.8,28.4,5.53,1.67,0.0,0.0,0.0,21.7,0.0,spring,False,False,False,False,False,0.0,0.0
2024-11-23 20:32:55,41.1,23.0,5.58,1.58,0.0,0.0,0.0,21.7,0.0,spring,False,False,False,False,False,0.0,0.0
2024-11-23 21:02:55,39.7,18.7,5.58,1.49,0.0,0.0,0.0,21.7,0.0,spring,False,False,False,False,False,0.0,0.0
2024-11-23 21:32:55,39.7,26.5,5.61,1.5,0.0,0.0,0.0,21.7,0.0,spring,False,False,False,False,False,0.0,0.0
2024-11-23 22:02:55,37.9,27.2,5.62,1.55,0.0,0.0,0.0,21.7,0.0,spring,False,False,False,False,False,0.0,0.0
2024-11-23 22:32:55,36.4,21.7,5.68,1.54,0.0,0.0,0.0,21.7,0.0,spring,False,False,False,False,False,0.0,0.0
2024-11-23 23:02:55,35.0,24.1,5.72,1.41,0.0,0.0,0.0,21.7,0.0,spring,False,False,False,False,False,0.0,0.0
2024-11-23 23:32:55,34.8,22.7,5.75,1.5,0.0,0.0,0.0,20.2,24.0,spring,True,True,False,False,False,0.0,13.2
2024-11-24 00:02:55,43.7,18.4,5.71,1.53,0.0,0.0,0.0,20.2,0.0,spring,False,False,False,False,False,0.0,0.0
2024-11-24 00:32:55,43.1,17.8,5.7,1.57,0.0,0.0,0.0,20.2,0.0,spring,False,False,False,False,False,0.0,0.0
2024-11-24 01:02:55,42.6,23.0,5.77,1.59,0.0,0.0,0.0,20.2,0.0,spring,False,False,False,False,False,0.0,0.0
2024-11-24 01:32:55,42.5,24.6,5.71,1.52,0.0,0.0,0.0,20.2,0.0,spring,False,False,False,False,False,0.0,0.0
2024-11-24 02:02:55,40.6,20.1,5.72,1.47,0.0,0.0,0.0,20.2,0.0,spring,False,False,False,False,False,0.0,0.0
2024-11-24 02:32:55,39.2,16.8,5.69,1.5,0.0,0.0,0.0,20.2,0.0,spring,False,False,False,False,False,0.0,0.0
2024-11-24 03:02:55,39.0,22.9,5.67,1.46,0.0,0.0,0.0,20.2,0.0,spring,False,False,False,False,False,0.0,0.0
2024-11-24 03:32:55,38.0,20.4,5.68,1.47,0.0,0.0,0.0,20.2,0.0,spring,False,False,False,False,False,0.0,0.0
2024-11-24 04:02:55,37.3,17.0,5.74,1.38,0.0,0.0,0.0,20.2,0.0,spring,False,False,False,False,False,0.0,0.0
2024-11-24 04:32:55,35.7,20.1,5.78,1.39,0.0,0.0,0.0,20.2,0.0,spring,False,False,False,False,False,0.0,0.0
2024-11-24 05:02:55,35.4,20.6,5.68,1.46,0.0,0.0,0.0,20.2,0.0,spring,False,False,False,False,False,0.0,0.0
2024-11-24 05:32:55,35.3,15.6,5.7,1.43,0.0,0.0,0.0,20.2,0.0,spring,False,False,False,False,False,0.0,0.0
2024-11-24 06:02:55,34.8,20.5,5.69,1.45,0.0,0.0,0.0,17.4,25.1,spring,True,True,False,False,False,0.0,20.5
2024-11-24 06:32:55,43.8,17.5,5.74,1.39,0.0,0.0,0.0,24.4,0.0,spring,False,False,False,True,False,0.0,0.0
2024-11-24 07:02:55,43.0,15.7,5.76,1.45,0.0,0.0,0.0,24.4,0.0,spring,False,False,False,False,False,0.0,0.0
2024-11-24 07:32:55,42.1,16.1,5.73,1.46,0.0,0.0,0.0,24.4,0.0,spring,False,False,False,False,False,0.0,0.0
2024-11-24 08:02:55,40.1,27.1,5.71,1.5,0.0,0.0,0.0,24.4,0.0,spring,False,False,False,False,False,0.0,0.0
2024-11-24 08:32:55,39.1,25.0,5.82,1.4,0.0,0.0,0.0,24.4,0.0,spring,False,False,False,False,False,0.0,0.0
2024-11-24 09:02:55,38.7,20.1,5.81,1.4,0.0,0.0,0.0,24.4,0.0,spring,False,False,False,False,False,0.0,0.0
2024-11-24 09:32:55,38.4,24.7,5.76,1.36,0.0,0.0,0.0,24.4,0.0,spring,False,False,False,False,False,0.0,0.0
2024-11-24 10:02:55,38.3,20.2,5.79,1.37,0.0,0.0,0.0,24.4,0.0,spring,False,False,False,False,False,0.0,0.0
2024-11-24 10:32:55,36.5,26.8,5.78,1.36,0.0,0.0,0.0,24.4,0.0,spring,False,False,False,False,False,0.0,0.0
2024-11-24 11:02:55,34.7,25.6,5.73,1.41,0.0,0.0,0.0,22.2,34.4,spring,True,True,False,False,False,0.0,23.1
2024-11-24 11:32:55,40.2,25.5,5.69,1.4,0.0,0.0,0.0,22.2,0.0,spring,False,False,False,False,False,0.0,0.0
2024-11-24 12:02:55,39.4,23.5,5.66,1.44,0.0,0.0,0.0,22.2,0.0,spring,False,False,False,False,False,0.0,0.0
2024-11-24 12:32:55,38.1,26.1,5.66,1.38,0.0,0.0,0.0,22.2,0.0,spring,False,False,False,False,False,0.0,0.0
2024-11-24 13:02:55,37.5,22.1,5.72,1.41,0.0,0.0,0.0,22.2,0.0,spring,False,False,False,False,False,0.0,0.0
2024-11-24 13:32:55,36.8,19.6,5.67,1.4,0.0,0.0,0.0,22.2,0.0,spring,False,False,False,False,False,0.0,0.0
2024-11-24 14:02:55,36.5,20.6,5.67,1.36,0.0,0.0,0.0,22.2,0.0,spring,False,False,False,False,False,0.0,0.0
2024-11-24 14:32:55,35.2,23.0,5.73,1.35,0.0,0.0,0.0,22.2,0.0,spring,False,False,False,False,False,0.0,0.0
2024-11-24 15:02:55,33.4,18.7,5.75,1.36,0.0,0.0,0.0,19.7,23.2,spring,True,True,False,False,False,0.0,24.2
2024-11-24 15:32:55,39.1,23.4,5.72,1.38,0.0,0.0,0.0,26.0,0.0,spring,False,False,False,True,False,0.0,0.0
2024-11-24 16:02:55,38.9,19.7,5.76,1.43,0.0,0.0,0.0,26.0,0.0,spring,False,False,False,False,False,0.0,0.0
2024-11-24 16:32:55,37.5,20.6,5.7,1.42,0.0,0.0,0.0,26.0,0.0,spring,False,False,False,False,False,0.0,0.0
2024-11-24 17:02:55,36.1,20.5,5.71,1.33,0.0,0.0,0.0,26.0,0.0,spring,False,False,False,False,False,0.0,0.0
2024-11-24 17:32:55,34.8,22.1,5.66,1.38,0.0,0.0,0.0,24.1,48.9,spring,True,True,False,False,False,0.0,19.9
2024-11-24 18:02:55,38.8,18.6,5.66,1.42,0.0,0.0,0.0,24.1,0.0,spring,False,False,False,False,False,0.0,0.0
2024-11-24 18:32:55,38.2,14.2,5.62,1.42,0.0,0.0,0.0,24.1,0.0,spring,False,False,False,False,False,0.0,0.0
2024-11-24 19:02:55,36.4,25.0,5.62,1.42,0.0,0.0,0.0,24.1,0.0,spring,False,False,False,False,False,0.0,0.0
2024-11-24 19:32:55,35.9,24.2,5.56,1.49,0.0,0.0,0.0,24.1,0.0,spring,False,False,False,False,False,0.0,0.0
2024-11-24 20:02:55,35.0,24.4,5.56,1.47,0.0,0.0,0.0,22.7,40.1,spring,True,True,False,False,False,0.0,20.3
2024-11-24 20:32:55,39.0,21.2,5.57,1.46,0.0,0.0,0.0,22.7,0.0,spring,False,False,False,False,False,0.0,0.0
2024-11-24 21:02:55,39.0,21.5,5.63,1.47,0.0,0.0,0.0,22.7,0.0,spring,False,False,False,False,False,0.0,0.0
2024-11-24 21:32:55,38.1,11.0,5.66,1.43,0.0,0.0,0.0,22.7,0.0,spring,False,False,False,False,False,0.0,0.0
2024-11-24 22:02:55,37.0,18.1,5.67,1.38,0.0,0.0,0.0,22.7,0.0,spring,False,False,False,False,False,0.0,0.0
2024-11-24 22:32:55,36.8,21.5,5.69,1.31,0.0,0.0,0.0,22.7,0.0,spring,False,False,False,False,False,0.0,0.0
2024-11-24 23:02:55,36.8,16.3,5.68,1.28,0.0,0.0,0.0,22.7,0.0,spring,False,False,False,False,False,0.0,0.0
2024-11-24 23:32:55,35.5,15.8,5.69,1.36,0.0,0.0,0.0,22.7,0.0,spring,False,False,False,False,False,0.0,0.0
2024-11-25 00:02:55,34.2,26.2,5.72,1.36,0.0,0.0,0.0,20.0,50.3,spring,True,True,False,False,False,0.0,13.1
2024-11-25 00:32:55,41.4,21.1,5.65,1.38,0.0,0.0,0.0,20.0,0.0,spring,False,False,False,False,False,0.0,0.0
2024-11-25 01:02:55,40.2,22.7,5.66,1.41,0.0,0.0,0.0,20.0,0.0,spring,False,False,False,False,False,0.0,0.0
2024-11-25 01:32:55,39.4,19.6,5.58,1.46,0.0,0.0,0.0,20.0,0.0,spring,False,False,False,False,False,0.0,0.0
2024-11-25 02:02:55,38.1,19.8,5.55,1.42,0.0,0.0,0.0,20.0,0.0,spring,False,False,False,False,False,0.0,0.0
2024-11-25 02:32:55,37.8,27.3,5.49,1.44,0.0,0.0,0.0,20.0,0.0,spring,False,False,False,False,False,0.0,0.0
2024-11-25 03:02:55,35.9,22.9,5.42,1.43,0.0,0.0,0.0,20.0,0.0,spring,False,False,False,False,False,0.0,0.0
2024-11-25 03:32:55,35.7,22.1,5.45,1.35,0.0,0.0,0.0,20.0,0.0,spring,False,False,False,False,False,0.0,0.0
2024-11-25 04:02:55,33.9,19.4,5.55,1.35,0.0,0.0,0.0,18.2,54.4,spring,True,True,False,False,False,0.0,23.1
2024-11-25 04:32:55,41.8,17.8,5.63,1.38,0.0,0.0,0.0,31.3,0.0,spring,False,False,False,True,False,0.0,0.0
2024-11-25 05:02:55,40.0,18.9,5.64,1.3,0.0,0.0,0.0,31.3,0.0,spring,False,False,False,False,False,0.0,0.0
2024-11-25 05:32:55,38.1,17.3,5.61,1.28,0.0,0.0,0.0,31.3,0.0,spring,False,False,False,False,False,0.0,0.0
2024-11-25 06:02:55,36.5,23.2,5.59,1.31,0.0,0.0,0.0,31.3,0.0,spring,False,False,False,False,False,0.0,0.0
2024-11-25 06:32:55,36.0,18.6,5.66,1.29,0.0,0.0,0.0,31.3,0.0,spring,False,False,False,False,False,0.0,0.0
2024-11-25 07:02:55,35.7,22.8,5.61,1.29,0.0,0.0,0.0,31.3,0.0,spring,False,False,False,False,False,0.0,0.0
2024-11-25 07:32:55,35.0,20.4,5.56,1.29,0.0,0.0,0.0,31.3,0.0,spring,False,False,False,False,False,0.0,0.0
2024-11-25 08:02:55,33.1,25.1,5.57,1.25,0.0,0.0,0.0,28.6,46.0,spring,True,True,False,False,False,0.0,17.0
2024-11-25 08:32:55,37.2,29.4,5.6,1.32,0.0,0.0,0.0,28.6,0.0,spring,False,False,False,False,False,0.0,0.0
2024-11-25 09:02:55,35.6,27.2,5.54,1.3,0.0,0.0,0.0,28.6,0.0,spring,False,False,False,False,False,0.0,0.0
2024-11-25 09:32:55,34.6,16.6,5.5,1.31,0.0,0.0,0.0,26.7,23.7,spring,True,True,False,False,False,0.0,10.6
2024-11-25 10:02:55,41.9,22.1,5.62,1.27,0.0,0.0,0.0,26.7,0.0,spring,False,False,False,False,False,0.0,0.0
2024-11-25 10:32:55,40.1,19.9,5.56,1.31,0.0,0.0,0.0,26.7,0.0,spring,False,False,False,False,False,0.0,0.0
2024-11-25 11:02:55,39.1,28.8,5.51,1.26,0.0,0.0,0.0,26.7,0.0,spring,False,False,False,False,False,0.0,0.0
2024-11-25 11:32:55,38.2,25.5,5.51,1.35,0.0,0.0,0.0,26.7,0.0,spring,False,False,False,False,False,0.0,0.0
2024-11-25 12:02:55,37.9,23.3,5.57,1.44,0.0,0.0,0.0,26.7,0.0,spring,False,False,False,False,False,0.0,0.0
2024-11-25 12:32:55,36.2,21.5,5.62,1.35,0.0,0.0,0.0,26.7,0.0,spring,False,False,False,False,False,0.0,0.0
2024-11-25 13:02:55,36.0,20.1,5.56,1.35,0.0,0.0,0.0,26.7,0.0,spring,False,False,False,False,False,0.0,0.0
2024-11-25 13:32:55,34.0,12.2,5.54,1.44,0.0,0.0,0.0,24.9,53.4,spring,True,True,False,False,False,0.0,10.7
2024-11-25 14:02:55,39.3,23.0,5.56,1.43,0.0,0.0,0.0,24.9,0.0,spring,False,False,False,False,False,0.0,0.0
2024-11-25 14:32:55,37.8,28.1,5.57,1.39,0.0,0.0,0.0,24.9,0.0,spring,False,False,False,False,False,0.0,0.0
2024-11-25 15:02:55,36.2,23.3,5.61,1.38,0.0,0.0,0.0,24.9,0.0,spring,False,False,False,False,False,0.0,0.0
2024-11-25 15:32:55,36.1,20.8,5.61,1.31,0.0,0.0,0.0,24.9,0.0,spring,False,False,False,False,False,0.0,0.0
2024-11-25 16:02:55,35.2,16.6,5.69,1.36,0.0,0.0,0.0,24.9,0.0,spring,False,False,False,False,False,0.0,0.0
2024-11-25 16:32:55,34.8,18.8,5.79,1.33,0.0,0.0,0.0,23.1,42.2,spring,True,True,False,False,False,0.0,20.1
2024-11-25 17:02:55,39.8,25.8,5.79,1.3,0.0,0.0,0.0,23.1,0.0,spring,False,False,False,False,False,0.0,0.0
2024-11-25 17:32:55,39.0,30.4,5.76,1.3,0.0,0.0,0.0,20.4,56.0,spring,True,True,False,False,False,0.0,17.1
2024-11-25 18:02:55,44.5,18.6,5.82,1.35,0.0,0.0,0.0,20.4,0.0,spring,False,False,False,False,False,0.0,0.0
2024-11-25 18:32:55,44.3,18.4,5.88,1.33,0.0,0.0,0.0,20.4,0.0,spring,False,False,False,False,False,0.0,0.0
2024-11-25 19:02:55,42.5,25.0,5.86,1.26,0.0,0.0,0.0,20.4,0.0,spring,False,False,False,False,False,0.0,0.0
2024-11-25 19:32:55,41.3,24.5,5.85,1.3,0.0,0.0,0.0,20.4,0.0,spring,False,False,False,False,False,0.0,0.0
2024-11-25 20:02:55,40.6,26.8,5.79,1.39,0.0,0.0,0.0,20.4,0.0,spring,False,False,False,False,False,0.0,0.0
2024-11-25 20:32:55,40.1,17.7,5.73,1.41,0.0,0.0,0.0,20.4,0.0,spring,False,False,False,False,False,0.0,0.0
2024-11-25 21:02:55,39.4,14.7,5.65,1.41,0.0,0.0,0.0,20.4,0.0,spring,False,False,False,False,False,0.0,0.0
2024-11-25 21:32:55,39.3,20.1,5.68,1.38,0.0,0.0,0.0,20.4,0.0,spring,False,False,False,False,False,0.0,0.0
2024-11-25 22:02:55,37.9,24.2,5.67,1.3,0.0,0.0,0.0,20.4,0.0,spring,False,False,False,False,False,0.0,0.0
2024-11-25 22:32:55,37.6,24.5,5.62,1.29,0.0,0.0,0.0,20.4,0.0,spring,False,False,False,False,False,0.0,0.0
2024-11-25 23:02:55,37.2,16.4,5.47,1.26,0.0,0.0,0.0,20.4,0.0,spring,False,False,False,False,False,0.0,0.0
2024-11-25 23:32:55,36.0,31.0,5.49,1.3,0.0,0.0,0.0,19.0,56.2,spring,True,True,False,False,False,0.0,19.8
2024-11-26 00:02:55,41.5,21.7,5.43,1.36,0.0,0.0,0.0,32.6,0.0,spring,False,False,False,True,False,0.0,0.0
2024-11-26 00:32:55,39.7,27.3,5.46,1.44,0.0,0.0,0.0,32.6,0.0,spring,False,False,False,False,False,0.0,0.0
2024-11-26 01:02:55,37.8,19.2,5.48,1.51,0.0,0.0,0.0,32.6,0.0,spring,False,False,False,False,False,0.0,0.0
2024-11-26 01:32:55,37.0,22.5,5.5,1.5,0.0,0.0,0.0,32.6,0.0,spring,False,False,False,False,False,0.0,0.0
2024-11-26 02:02:55,36.2,26.3,5.42,1.49,0.0,0.0,0.0,32.6,0.0,spring,False,False,False,False,False,0.0,0.0
2024-11-26 02:32:55,35.5,18.5,5.42,1.5,0.0,0.0,0.0,32.6,0.0,spring,False,False,False,False,False,0.0,0.0
2024-11-26 03:02:55,35.4,19.7,5.49,1.51,0.0,0.0,0.0,32.6,0.0,spring,False,False,False,False,False,0.0,0.0
2024-11-26 03:32:55,34.7,31.0,5.51,1.45,0.0,0.0,0.0,31.6,26.8,spring,True,True,False,False,False,0.0,14.3
2024-11-26 04:02:55,39.9,17.4,5.52,1.4,0.0,0.0,0.0,31.6,0.0,spring,False,False,False,False,False,0.0,0.0
2024-11-26 04:32:55,38.5,19.9,5.54,1.39,0.0,0.0,0.0,31.6,0.0,spring,False,False,False,False,False,0.0,0.0
2024-11-26 05:02:55,38.2,22.9,5.51,1.37,0.0,0.0,0.0,31.6,0.0,spring,False,False,False,False,False,0.0,0.0
2024-11-26 05:32:55,36.3,16.3,5.47,1.33,0.0,0.0,0.0,31.6,0.0,spring,False,False,False,False,False,0.0,0.0
2024-11-26 06:02:55,35.2,20.3,5.56,1.41,0.0,0.0,0.0,31.6,0.0,spring,False,False,False,False,False,0.0,0.0
2024-11-26 06:32:55,33.4,23.7,5.56,1.41,0.0,0.0,0.0,29.9,44.1,spring,True,True,False,False,False,0.0,10.6
2024-11-26 07:02:55,41.1,26.8,5.57,1.43,0.0,0.0,0.0,29.9,0.0,spring,False,False,False,False,False,0.0,0.0
2024-11-26 07:32:55,39.4,28.4,5.55,1.4,0.0,0.0,0.0,29.9,0.0,spring,False,False,False,False,False,0.0,0.0
2024-11-26 08:02:55,38.8,26.6,5.66,1.4,0.0,0.0,0.0,29.9,0.0,spring,False,False,False,False,False,0.0,0.0
2024-11-26 08:32:55,38.3,19.2,5.61,1.4,0.0,0.0,0.0,29.9,0.0,spring,False,False,False,False,False,0.0,0.0
2024-11-26 09:02:55,37.4,26.9,5.68,1.44,0.0,0.0,0.0,29.9,0.0,spring,False,False,False,False,False,0.0,0.0
2024-11-26 09:32:55,35.5,22.4,5.59,1.48,0.0,0.0,0.0,29.9,0.0,spring,False,False,False,False,False,0.0,0.0
2024-11-26 10:02:55,33.5,24.7,5.63,1.39,0.0,0.0,0.0,27.3,54.2,spring,True,True,False,False,False,0.0,11.3
2024-11-26 10:32:55,38.9,24.1,5.67,1.43,0.0,0.0,0.0,27.3,0.0,spring,False,False,False,False,False,0.0,0.0
2024-11-26 11:02:55,37.5,16.6,5.61,1.41,0.0,0.0,0.0,27.3,0.0,spring,False,False,False,False,False,0.0,0.0
2024-11-26 11:32:55,37.0,25.6,5.67,1.41,0.0,0.0,0.0,27.3,0.0,spring,False,False,False,False,False,0.0,0.0
2024-11-26 12:02:55,35.1,21.9,5.77,1.28,0.0,0.0,0.0,27.3,0.0,spring,False,False,False,False,False,0.0,0.0
2024-11-26 12:32:55,34.8,16.1,5.8,1.26,0.0,0.0,0.0,25.1,59.1,spring,True,True,False,False,False,0.0,17.7
2024-11-26 13:02:55,39.8,25.9,5.76,1.24,0.0,0.0,0.0,25.1,0.0,spring,False,False,False,False,False,0.0,0.0
2024-11-26 13:32:55,38.1,14.4,5.8,1.34,0.0,0.0,0.0,25.1,0.0,spring,False,False,False,False,False,0.0,0.0
2024-11-26 14:02:55,37.6,19.7,5.76,1.34,0.0,0.0,0.0,25.1,0.0,spring,False,False,False,False,False,0.0,0.0
2024-11-26 14:32:55,36.6,25.8,5.62,1.44,0.0,0.0,0.0,25.1,0.0,spring,False,False,False,False,False,0.0,0.0
2024-11-26 15:02:55,36.5,30.7,5.65,1.51,0.0,0.0,0.0,23.0,30.6,spring,True,True,False,False,False,0.0,17.1
2024-11-26 15:32:55,44.8,24.8,5.66,1.42,0.0,0.0,0.0,23.0,0.0,spring,False,False,False,False,False,0.0,0.0
2024-11-26 16:02:55,43.9,29.4,5.6,1.38,0.0,0.0,0.0,23.0,0.0,spring,False,False,False,False,False,0.0,0.0
2024-11-26 16:32:55,42.7,27.6,5.66,1.41,0.0,0.0,0.0,23.0,0.0,spring,False,False,False,False,False,0.0,0.0
2024-11-26 17:02:55,42.0,19.9,5.76,1.54,0.0,0.0,0.0,23.0,0.0,spring,False,False,False,False,False,0.0,0.0
2024-11-26 17:32:55,40.6,25.0,5.86,1.48,0.0,0.0,0.0,23.0,0.0,spring,False,False,False,False,False,0.0,0.0
2024-11-26 18:02:55,39.8,24.1,5.92,1.49,0.0,0.0,0.0,23.0,0.0,spring,False,False,False,False,False,0.0,0.0
2024-11-26 18:32:55,37.9,20.6,5.91,1.46,0.0,0.0,0.0,23.0,0.0,spring,False,False,False,False,False,0.0,0.0
2024-11-26 19:02:55,36.7,24.2,5.93,1.39,0.0,0.0,0.0,23.0,0.0,spring,False,False,False,False,False,0.0,0.0
2024-11-26 19:32:55,36.3,22.4,5.94,1.43,0.0,0.0,0.0,23.0,0.0,spring,False,False,False,False,False,0.0,0.0
2024-11-26 20:02:55,34.7,21.3,5.94,1.44,0.0,0.0,0.0,21.8,29.5,spring,True,True,False,False,False,0.0,24.0
2024-11-26 20:32:55,39.8,22.1,5.99,1.43,0.0,0.0,0.0,21.8,0.0,spring,False,False,False,False,False,0.0,0.0
2024-11-26 21:02:55,38.3,24.6,5.89,1.37,0.0,0.0,0.0,21.8,0.0,spring,False,False,False,False,False,0.0,0.0
2024-11-26 21:32:55,37.7,26.1,5.81,1.37,0.0,0.0,0.0,21.8,0.0,spring,False,False,False,False,False,0.0,0.0
2024-11-26 22:02:55,36.2,16.3,5.93,1.37,0.0,0.0,0.0,21.8,0.0,spring,False,False,False,False,False,0.0,0.0
2024-11-26 22:32:55,35.5,27.3,5.96,1.46,0.0,0.0,0.0,21.8,0.0,spring,False,False,False,False,False,0.0,0.0
2024-11-26 23:02:55,35.5,21.2,6.03,1.34,0.0,0.0,0.0,21.8,0.0,spring,False,False,False,False,False,0.0,0.0
2024-11-26 23:32:55,33.8,23.2,5.98,1.42,0.0,0.0,0.0,19.6,46.7,spring,True,True,False,False,False,0.0,12.9
2024-11-27 00:02:55,43.3,23.4,5.99,1.49,0.0,0.0,0.0,30.0,0.0,spring,False,False,False,True,False,0.0,0.0
2024-11-27 00:32:55,43.1,22.3,6.09,1.58,0.0,0.0,0.0,30.0,0.0,spring,False,False,False,False,False,0.0,0.0
2024-11-27 01:02:55,42.4,20.7,6.11,1.55,0.0,0.0,0.0,30.0,0.0,spring,False,False,False,False,False,0.0,0.0
2024-11-27 01:32:55,42.2,31.9,6.08,1.59,0.0,0.0,0.0,28.6,23.3,spring,True,True,False,False,False,0.0,17.1
2024-11-27 02:02:55,49.0,14.4,6.08,1.61,0.0,0.0,0.0,28.6,0.0,spring,False,False,False,False,False,0.0,0.0
2024-11-27 02:32:55,47.1,16.0,6.11,1.7,0.0,0.0,0.0,28.6,0.0,spring,False,False,False,False,False,0.0,0.0
2024-11-27 03:02:55,45.9,26.9,6.16,1.77,0.0,0.0,0.0,28.6,0.0,spring,False,False,False,False,False,0.0,0.0
2024-11-27 03:32:55,45.5,25.6,6.21,1.79,0.0,0.0,0.0,28.6,0.0,spring,False,False,False,False,False,0.0,0.0
2024-11-27 04:02:55,44.9,12.9,6.23,1.81,0.0,0.0,0.0,28.6,0.0,spring,False,False,False,False,False,0.0,0.0
2024-11-27 04:32:55,43.0,21.3,6.23,1.8,0.0,0.0,0.0,28.6,0.0,spring,False,False,False,False,False,0.0,0.0
2024-11-27 05:02:55,41.2,20.1,6.29,1.77,0.0,0.0,0.0,28.6,0.0,spring,False,False,False,False,False,0.0,0.0
2024-11-27 05:32:55,39.7,17.5,6.3,1.82,0.0,0.0,0.0,28.6,0.0,spring,False,False,False,False,False,0.0,0.0
2024-11-27 06:02:55,37.8,24.0,6.35,1.95,0.0,0.0,0.0,28.6,0.0,spring,False,False,False,False,False,0.0,0.0
2024-11-27 06:32:55,36.8,19.8,6.33,1.98,0.0,0.0,0.0,28.6,0.0,spring,False,False,False,False,False,0.0,0.0
2024-11-27 07:02:55,35.4,16.7,6.33,2.08,0.0,0.0,0.0,28.6,0.0,spring,False,False,False,False,False,0.0,0.0
2024-11-27 07:32:55,35.0,24.6,6.37,2.06,0.0,0.0,0.0,28.6,0.0,spring,False,False,False,False,False,0.0,0.0
2024-11-27 08:02:55,33.3,16.7,6.42,2.07,0.0,0.0,0.0,26.9,47.1,spring,True,True,False,False,False,0.0,16.0
2024-11-27 08:32:55,43.0,19.5,6.4,1.98,0.0,0.0,0.0,26.9,0.0,spring,False,False,False,False,False,0.0,0.0
2024-11-27 09:02:55,41.8,22.5,6.46,1.9,0.0,0.0,0.0,26.9,0.0,spring,False,False,False,False,False,0.0,0.0
2024-11-27 09:32:55,40.8,26.2,6.42,1.92,0.0,0.0,0.0,26.9,0.0,spring,False,False,False,False,False,0.0,0.0
2024-11-27 10:02:55,40.4,29.5,6.35,1.89,0.0,0.0,0.0,26.9,0.0,spring,False,False,False,False,False,0.0,0.0
2024-11-27 10:32:55,38.4,30.6,6.39,1.88,0.0,0.0,0.0,25.7,40.3,spring,True,True,False,False,False,0.0,11.4
2024-11-27 11:02:55,43.1,19.6,6.41,1.94,0.0,0.0,0.0,25.7,0.0,spring,False,False,False,False,False,0.0,0.0
2024-11-27 11:32:55,42.3,29.1,6.43,1.98,0.0,0.0,0.0,25.7,0.0,spring,False,False,False,False,False,0.0,0.0
2024-11-27 12:02:55,40.3,25.6,6.43,1.92,0.0,0.0,0.0,25.7,0.0,spring,False,False,False,False,False,0.0,0.0
2024-11-27 12:32:55,39.1,17.1,6.46,1.92,0.0,0.0,0.0,25.7,0.0,spring,False,False,False,False,False,0.0,0.0
2024-11-27 13:02:55,38.9,23.9,6.5,1.93,0.0,0.0,0.0,25.7,0.0,spring,False,False,False,False,False,0.0,0.0
2024-11-27 13:32:55,38.0,21.0,6.58,2.0,0.0,0.0,0.0,25.7,0.0,spring,False,False,False,False,False,0.0,0.0
2024-11-27 14:02:55,36.4,16.6,6.61,1.88,0.0,0.0,0.0,25.7,0.0,spring,False,False,False,False,False,0.0,0.0
2024-11-27 14:32:55,36.2,20.0,6.53,1.96,0.0,0.0,0.0,25.7,0.0,spring,False,False,False,False,False,0.0,0.0
2024-11-27 15:02:55,35.9,20.6,6.52,1.99,0.0,0.0,0.0,25.7,0.0,spring,False,False,False,False,False,0.0,0.0
2024-11-27 15:32:55,35.2,18.4,6.56,1.95,0.0,0.0,0.0,25.7,0.0,spring,False,False,False,False,False,0.0,0.0
2024-11-27 16:02:55,33.2,24.6,6.57,2.01,0.0,0.0,0.0,24.1,44.1,spring,True,True,False,False,False,0.0,22.4
2024-11-27 16:32:55,37.9,25.4,6.65,2.09,0.0,0.0,0.0,24.1,0.0,spring,False,False,False,False,False,0.0,0.0
2024-11-27 17:02:55,37.9,19.0,6.57,2.17,0.0,0.0,0.0,24.1,0.0,spring,False,False,False,False,False,0.0,0.0
2024-11-27 17:32:55,36.9,16.8,6.61,2.18,0.0,0.0,0.0,24.1,0.0,spring,False,False,False,False,False,0.0,0.0
2024-11-27 18:02:55,35.1,22.4,6.57,2.23,0.0,0.0,0.0,24.1,0.0,spring,False,False,False,False,False,0.0,0.0
2024-11-27 18:32:55,34.7,26.8,6.48,2.27,0.0,0.0,0.0,22.6,54.5,spring,True,True,False,False,False,0.0,15.8
2024-11-27 19:02:55,40.1,25.4,6.43,2.22,0.0,0.0,0.0,22.6,0.0,spring,False,False,False,False,False,0.0,0.0
2024-11-27 19:32:55,38.2,18.6,6.42,2.21,0.0,0.0,0.0,22.6,0.0,spring,False,False,False,False,False,0.0,0.0
2024-11-27 20:02:55,36.5,22.9,6.44,2.26,0.0,0.0,0.0,22.6,0.0,spring,False,False,False,False,False,0.0,0.0
2024-11-27 20:32:55,34.9,12.4,6.47,2.28,0.0,0.0,0.0,20.4,53.4,spring,True,True,False,False,False,0.0,21.3
2024-11-27 21:02:55,42.3,29.6,6.52,2.22,0.0,0.0,0.0,20.4,0.0,spring,False,False,False,False,False,0.0,0.0
2024-11-27 21:32:55,40.7,24.6,6.55,2.27,0.0,0.0,0.0,20.4,0.0,spring,False,False,False,False,False,0.0,0.0
2024-11-27 22:02:55,39.1,21.3,6.57,2.29,0.0,0.0,0.0,20.4,0.0,spring,False,False,False,False,False,0.0,0.0
2024-11-27 22:32:55,38.8,15.9,6.46,2.36,0.0,0.0,0.0,20.4,0.0,spring,False,False,False,False,False,0.0,0.0
2024-11-27 23:02:55,38.7,29.6,6.52,2.48,0.0,0.0,0.0,20.4,0.0,spring,False,False,False,False,False,0.0,0.0
2024-11-27 23:32:55,38.5,30.0,6.5,2.5,0.0,0.0,0.0,20.4,0.0,spring,False,False,False,False,False,0.0,0.0
2024-11-28 00:02:55,37.2,19.7,6.52,2.46,0.0,0.0,0.0,20.4,0.0,spring,False,False,False,False,False,0.0,0.0
2024-11-28 00:32:55,37.1,16.6,6.43,2.51,0.0,0.0,0.0,20.4,0.0,spring,False,False,False,False,False,0.0,0.0
2024-11-28 01:02:55,36.2,22.7,6.47,2.52,0.0,0.0,0.0,20.4,0.0,spring,False,False,False,False,False,0.0,0.0
2024-11-28 01:32:55,35.7,20.8,6.49,2.52,0.0,0.0,0.0,20.4,0.0,spring,False,False,False,False,False,0.0,0.0
2024-11-28 02:02:55,34.4,23.5,6.44,2.53,0.0,0.0,0.0,19.4,24.5,spring,True,True,False,False,False,0.0,23.0
2024-11-28 02:32:55,38.5,20.5,6.5,2.44,0.0,0.0,0.0,29.4,0.0,spring,False,False,False,True,False,0.0,0.0
2024-11-28 03:02:55,37.7,22.2,6.42,2.4,0.0,0.0,0.0,29.4,0.0,spring,False,False,False,False,False,0.0,0.0
2024-11-28 03:32:55,36.1,27.4,6.48,2.44,0.0,0.0,0.0,29.4,0.0,spring,False,False,False,False,False,0.0,0.0
2024-11-28 04:02:55,35.2,18.7,6.5,2.39,0.0,0.0,0.0,29.4,0.0,spring,False,False,False,False,False,0.0,0.0
2024-11-28 04:32:55,33.6,23.9,6.42,2.28,0.0,0.0,0.0,27.2,25.4,spring,True,True,False,False,False,0.0,18.7
2024-11-28 05:02:55,42.0,20.6,6.4,2.28,0.0,0.0,0.0,27.2,0.0,spring,False,False,False,False,False,0.0,0.0
2024-11-28 05:32:55,41.6,25.2,6.42,2.25,0.0,0.0,0.0,27.2,0.0,spring,False,False,False,False,False,0.0,0.0
2024-11-28 06:02:55,40.0,19.3,6.47,2.35,0.0,0.0,0.0,27.2,0.0,spring,False,False,False,False,False,0.0,0.0
2024-11-28 06:32:55,39.3,10.9,6.47,2.37,0.0,0.0,0.0,27.2,0.0,spring,False,False,False,False,False,0.0,0.0
2024-11-28 07:02:55,38.0,27.4,6.45,2.3,0.0,0.0,0.0,27.2,0.0,spring,False,False,False,False,False,0.0,0.0
2024-11-28 07:32:55,37.4,16.0,6.47,2.29,0.0,0.0,0.0,27.2,0.0,spring,False,False,False,False,False,0.0,0.0
2024-11-28 08:02:55,36.3,25.6,6.38,2.24,0.0,0.0,0.0,27.2,0.0,spring,False,False,False,False,False,0.0,0.0
2024-11-28 08:32:55,35.6,24.3,6.44,2.23,0.0,0.0,0.0,27.2,0.0,spring,False,False,False,False,False,0.0,0.0
2024-11-28 09:02:55,34.5,13.8,6.34,2.15,0.0,0.0,0.0,26.1,29.9,spring,True,True,False,False,False,0.0,14.0
2024-11-28 09:32:55,42.7,28.9,6.36,2.16,0.0,0.0,0.0,26.1,0.0,spring,False,False,False,False,False,0.0,0.0
2024-11-28 10:02:55,40.8,15.2,6.46,2.21,0.0,0.0,0.0,26.1,0.0,spring,False,False,False,False,False,0.0,0.0
2024-11-28 10:32:55,40.3,22.0,6.49,2.12,0.0,0.0,0.0,26.1,0.0,spring,False,False,False,False,False,0.0,0.0
2024-11-28 11:02:55,39.7,23.8,6.56,2.12,0.0,0.0,0.0,26.1,0.0,spring,False,False,False,False,False,0.0,0.0
2024-11-28 11:32:55,38.0,25.2,6.56,2.05,0.0,0.0,0.0,26.1,0.0,spring,False,False,False,False,False,0.0,0.0
2024-11-28 12:02:55,36.7,23.0,6.52,2.08,0.0,0.0,0.0,26.1,0.0,spring,False,False,False,False,False,0.0,0.0
2024-11-28 12:32:55,35.1,24.7,6.49,2.06,0.0,0.0,0.0,26.1,0.0,spring,False,False,False,False,False,0.0,0.0
2024-11-28 13:02:55,35.0,19.2,6.46,2.08,0.0,0.0,0.0,26.1,0.0,spring,False,False,False,False,False,0.0,0.0
2024-11-28 13:32:55,34.3,20.6,6.47,2.11,0.0,0.0,0.0,23.4,39.9,spring,True,True,False,False,False,0.0,10.7
2024-11-28 14:02:55,39.7,20.8,6.39,2.09,0.0,0.0,0.0,23.4,0.0,spring,False,False,False,False,False,0.0,0.0
2024-11-28 14:32:55,38.8,22.7,6.38,2.03,0.0,0.0,0.0,23.4,0.0,spring,False,False,False,False,False,0.0,0.0
2024-11-28 15:02:55,37.5,26.1,6.31,1.98,0.0,0.0,0.0,23.4,0.0,spring,False,False,False,False,False,0.0,0.0
2024-11-28 15:32:55,36.8,23.3,6.32,2.01,0.0,0.0,0.0,23.4,0.0,spring,False,False,False,False,False,0.0,0.0
2024-11-28 16:02:55,35.9,23.0,6.33,2.01,0.0,0.0,0.0,23.4,0.0,spring,False,False,False,False,False,0.0,0.0
2024-11-28 16:32:55,34.8,23.5,6.27,2.09,0.0,0.0,0.0,22.3,24.0,spring,True,True,False,False,False,0.0,20.0
2024-11-28 17:02:55,40.0,22.8,6.33,2.14,0.0,0.0,0.0,22.3,0.0,spring,False,False,False,False,False,0.0,0.0
2024-11-28 17:32:55,39.8,12.2,6.36,2.11,0.0,0.0,0.0,22.3,0.0,spring,False,False,False,False,False,0.0,0.0
2024-11-28 18:02:55,38.7,24.6,6.4,2.06,0.0,0.0,0.0,22.3,0.0,spring,False,False,False,False,False,0.0,0.0
2024-11-28 18:32:55,37.5,21.7,6.42,2.14,0.0,0.0,0.0,22.3,0.0,spring,False,False,False,False,False,0.0,0.0
2024-11-28 19:02:55,35.9,27.2,6.5,2.2,0.0,0.0,0.0,22.3,0.0,spring,False,False,False,False,False,0.0,0.0
2024-11-28 19:32:55,34.6,26.2,6.48,2.2,0.0,0.0,0.0,21.3,34.6,spring,True,True,False,False,False,0.0,13.4
2024-11-28 20:02:55,44.3,29.7,6.5,2.23,0.0,0.0,0.0,21.3,0.0,spring,False,False,False,False,False,0.0,0.0
2024-11-28 20:32:55,42.4,22.6,6.47,2.22,0.0,0.0,0.0,21.3,0.0,spring,False,False,False,False,False,0.0,0.0
2024-11-28 21:02:55,40.8,16.9,6.44,2.24,0.0,0.0,0.0,21.3,0.0,spring,False,False,False,False,False,0.0,0.0
2024-11-28 21:32:55,39.6,24.5,6.51,2.22,0.0,0.0,0.0,21.3,0.0,spring,False,False,False,False,False,0.0,0.0
2024-11-28 22:02:55,38.9,29.5,6.56,2.17,0.0,0.0,0.0,21.3,0.0,spring,False,False,False,False,False,0.0,0.0
2024-11-28 22:32:55,38.1,21.8,6.63,2.2,0.0,0.0,0.0,21.3,0.0,spring,False,False,False,False,False,0.0,0.0
2024-11-28 23:02:55,37.9,23.4,6.47,2.14,0.0,0.0,0.0,21.3,0.0,spring,False,False,False,False,False,0.0,0.0
2024-11-28 23:32:55,36.3,24.5,6.53,2.13,0.0,0.0,0.0,21.3,0.0,spring,False,False,False,False,False,0.0,0.0
2024-11-29 00:02:55,36.2,24.8,6.59,2.11,0.0,0.0,0.0,21.3,0.0,spring,False,False,False,False,False,0.0,0.0
2024-11-29 00:32:55,34.3,18.4,6.68,2.1,0.0,0.0,0.0,20.1,50.3,spring,True,True,False,False,False,0.0,19.1
2024-11-29 01:02:55,41.2,16.7,6.7,2.12,0.0,0.0,0.0,20.1,0.0,spring,False,False,False,False,False,0.0,0.0
2024-11-29 01:32:55,40.1,17.3,6.68,2.17,0.0,0.0,0.0,20.1,0.0,spring,False,False,False,False,False,0.0,0.0
2024-11-29 02:02:55,38.7,25.5,6.63,2.18,0.0,0.0,0.0,20.1,0.0,spring,False,False,False,False,False,0.0,0.0
2024-11-29 02:32:55,38.2,20.9,6.76,2.16,0.0,0.0,0.0,20.1,0.0,spring,False,False,False,False,False,0.0,0.0
2024-11-29 03:02:55,37.4,23.0,6.71,2.18,0.0,0.0,0.0,20.1,0.0,spring,False,False,False,False,False,0.0,0.0
2024-11-29 03:32:55,35.8,19.7,6.71,2.21,0.0,0.0,0.0,20.1,0.0,spring,False,False,False,False,False,0.0,0.0
2024-11-29 04:02:55,34.6,19.7,6.76,2.26,0.0,0.0,0.0,17.5,45.3,spring,True,True,False,False,False,0.0,22.9
2024-11-29 04:32:55,41.3,24.4,6.74,2.22,0.0,0.0,0.0,25.2,0.0,spring,False,False,False,True,False,0.0,0.0
2024-11-29 05:02:55,40.7,19.9,6.78,2.24,0.0,0.0,0.0,25.2,0.0,spring,False,False,False,False,False,0.0,0.0
2024-11-29 05:32:55,40.1,27.4,6.87,2.25,0.0,0.0,0.0,25.2,0.0,spring,False,False,False,False,False,0.0,0.0
2024-11-29 06:02:55,39.1,22.7,6.86,2.29,0.0,0.0,0.0,25.2,0.0,spring,False,False,False,False,False,0.0,0.0
2024-11-29 06:32:55,37.2,23.2,6.88,2.37,0.0,0.0,0.0,25.2,0.0,spring,False,False,False,False,False,0.0,0.0
2024-11-29 07:02:55,36.6,21.1,6.89,2.36,0.0,0.0,0.0,25.2,0.0,spring,False,False,False,False,False,0.0,0.0
2024-11-29 07:32:55,36.5,21.5,6.82,2.31,0.0,0.0,0.0,25.2,0.0,spring,False,False,False,False,False,0.0,0.0
2024-11-29 08:02:55,36.1,15.2,6.91,2.32,0.0,0.0,0.0,25.2,0.0,spring,False,False,False,False,False,0.0,0.0
2024-11-29 08:32:55,35.6,18.2,6.89,2.27,0.0,0.0,0.0,25.2,0.0,spring,False,False,False,False,False,0.0,0.0
2024-11-29 09:02:55,33.8,22.0,6.9,2.24,0.0,0.0,0.0,22.5,26.8,spring,True,True,False,False,False,0.0,22.8
2024-11-29 09:32:55,40.9,21.8,6.87,2.26,0.0,0.0,0.0,22.5,0.0,spring,False,False,False,False,False,0.0,0.0
2024-11-29 10:02:55,39.6,19.3,6.82,2.28,0.0,0.0,0.0,22.5,0.0,spring,False,False,False,False,False,0.0,0.0
2024-11-29 10:32:55,38.6,21.0,6.69,2.26,0.0,0.0,0.0,22.5,0.0,spring,False,False,False,False,False,0.0,0.0
2024-11-29 11:02:55,37.4,27.3,6.7,2.24,0.0,0.0,0.0,22.5,0.0,spring,False,False,False,False,False,0.0,0.0
2024-11-29 11:32:55,36.6,21.3,6.6,2.21,0.0,0.0,0.0,22.5,0.0,spring,False,False,False,False,False,0.0,0.0
2024-11-29 12:02:55,35.1,25.8,6.52,2.18,0.0,0.0,0.0,22.5,0.0,spring,False,False,False,False,False,0.0,0.0
2024-11-29 12:32:55,33.4,27.7,6.5,2.11,0.0,0.0,0.0,20.5,53.2,spring,True,True,False,False,False,0.0,24.5
2024-11-29 13:02:55,41.6,20.7,6.49,2.03,0.0,0.0,0.0,20.5,0.0,spring,False,False,False,False,False,0.0,0.0
2024-11-29 13:32:55,41.4,13.7,6.53,2.0,0.0,0.0,0.0,20.5,0.0,spring,False,False,False,False,False,0.0,0.0
2024-11-29 14:02:55,39.8,27.0,6.46,1.9,0.0,0.0,0.0,20.5,0.0,spring,False,False,False,False,False,0.0,0.0
2024-11-29 14:32:55,39.0,22.4,6.54,1.85,0.0,0.0,0.0,20.5,0.0,spring,False,False,False,False,False,0.0,0.0
2024-11-29 15:02:55,38.1,22.2,6.58,1.88,0.0,0.0,0.0,20.5,0.0,spring,False,False,False,False,False,0.0,0.0
2024-11-29 15:32:55,37.3,21.2,6.48,1.82,0.0,0.0,0.0,20.5,0.0,spring,False,False,False,False,False,0.0,0.0
2024-11-29 16:02:55,35.7,16.5,6.5,1.8,0.0,0.0,0.0,20.5,0.0,spring,False,False,False,False,False,0.0,0.0
2024-11-29 16:32:55,35.4,20.9,6.5,1.85,0.0,0.0,0.0,20.5,0.0,spring,False,False,False,False,False,0.0,0.0
2024-11-29 17:02:55,34.4,18.7,6.51,1.91,0.0,0.0,0.0,18.0,38.7,spring,True,True,False,False,False,0.0,20.0
2024-11-29 17:32:55,40.3,21.8,6.58,1.87,0.0,0.0,0.0,32.2,0.0,spring,False,False,False,True,False,0.0,0.0
2024-11-29 18:02:55,39.3,18.3,6.54,1.99,0.0,0.0,0.0,32.2,0.0,spring,False,False,False,False,False,0.0,0.0
2024-11-29 18:32:55,38.4,28.3,6.58,1.93,0.0,0.0,0.0,32.2,0.0,spring,False,False,False,False,False,0.0,0.0
2024-11-29 19:02:55,37.2,24.2,6.62,1.92,0.0,0.0,0.0,32.2,0.0,spring,False,False,False,False,False,0.0,0.0
2024-11-29 19:32:55,36.1,20.6,6.63,1.93,0.0,0.0,0.0,32.2,0.0,spring,False,False,False,False,False,0.0,0.0
2024-11-29 20:02:55,35.0,20.3,6.73,1.91,0.0,0.0,0.0,30.7,38.5,spring,True,True,False,False,False,0.0,12.9
2024-11-29 20:32:55,40.2,17.8,6.81,1.87,0.0,0.0,0.0,30.7,0.0,spring,False,False,False,False,False,0.0,0.0
2024-11-29 21:02:55,39.4,32.6,6.78,1.82,0.0,0.0,0.0,29.2,30.4,spring,True,True,False,False,False,0.0,13.6
2024-11-29 21:32:55,46.9,14.4,6.74,1.82,0.0,0.0,0.0,29.2,0.0,spring,False,False,False,False,False,0.0,0.0
2024-11-29 22:02:55,45.6,23.1,6.74,1.79,0.0,0.0,0.0,29.2,0.0,spring,False,False,False,False,False,0.0,0.0
2024-11-29 22:32:55,44.0,27.9,6.67,1.75,0.0,0.0,0.0,29.2,0.0,spring,False,False,False,False,False,0.0,0.0
2024-11-29 23:02:55,43.9,18.5,6.68,1.83,0.0,0.0,0.0,29.2,0.0,spring,False,False,False,False,False,0.0,0.0
2024-11-29 23:32:55,43.2,19.4,6.62,1.82,0.0,0.0,0.0,29.2,0.0,spring,False,False,False,False,False,0.0,0.0
2024-11-30 00:02:55,42.5,23.5,6.69,1.85,0.0,0.0,0.0,29.2,0.0,spring,False,False,False,False,False,0.0,0.0
2024-11-30 00:32:55,40.7,23.8,6.78,1.83,0.0,0.0,0.0,29.2,0.0,spring,False,False,False,False,False,0.0,0.0
2024-11-30 01:02:55,40.5,15.2,6.8,1.85,0.0,0.0,0.0,29.2,0.0,spring,False,False,False,False,False,0.0,0.0
2024-11-30 01:32:55,38.6,22.1,6.77,1.9,0.0,0.0,0.0,29.2,0.0,spring,False,False,False,False,False,0.0,0.0
2024-11-30 02:02:55,37.8,20.8,6.74,1.88,0.0,0.0,0.0,29.2,0.0,spring,False,False,False,False,False,0.0,0.0
2024-11-30 02:32:55,37.1,19.6,6.74,1.88,0.0,0.0,0.0,29.2,0.0,spring,False,False,False,False,False,0.0,0.0
2024-11-30 03:02:55,35.8,21.1,6.79,1.89,0.0,0.0,0.0,29.2,0.0,spring,False,False,False,False,False,0.0,0.0
2024-11-30 03:32:55,34.9,28.6,6.81,1.91,0.0,0.0,0.0,27.2,58.0,spring,True,True,False,False,False,0.0,16.2
2024-11-30 04:02:55,39.8,18.1,6.8,1.86,0.0,0.0,0.0,27.2,0.0,spring,False,False,False,False,False,0.0,0.0
2024-11-30 04:32:55,38.3,23.0,6.77,1.86,0.0,0.0,0.0,27.2,0.0,spring,False,False,False,False,False,0.0,0.0
2024-11-30 05:02:55,37.7,22.3,6.85,1.9,0.0,0.0,0.0,27.2,0.0,spring,False,False,False,False,False,0.0,0.0
2024-11-30 05:32:55,37.6,21.5,6.86,1.94,0.0,0.0,0.0,27.2,0.0,spring,False,False,False,False,False,0.0,0.0
2024-11-30 06:02:55,37.1,28.5,6.78,2.03,0.0,0.0,0.0,27.2,0.0,spring,False,False,False,False,False,0.0,0.0
2024-11-30 06:32:55,36.6,26.6,6.82,2.0,0.0,0.0,0.0,27.2,0.0,spring,False,False,False,False,False,0.0,0.0
2024-11-30 07:02:55,36.2,15.9,6.8,1.99,0.0,0.0,0.0,27.2,0.0,spring,False,False,False,False,False,0.0,0.0
2024-11-30 07:32:55,35.1,27.4,6.8,1.9,0.0,0.0,0.0,27.2,0.0,spring,False,False,False,False,False,0.0,0.0
2024-11-30 08:02:55,33.6,19.8,6.76,1.8,0.0,0.0,0.0,24.6,42.8,spring,True,True,False,False,False,0.0,22.1
2024-11-30 08:32:55,40.0,20.6,6.76,1.74,0.0,0.0,0.0,24.6,0.0,spring,False,False,False,False,False,0.0,0.0
2024-11-30 09:02:55,39.7,19.4,6.72,1.69,0.0,0.0,0.0,24.6,0.0,spring,False,False,False,False,False,0.0,0.0
2024-11-30 09:32:55,37.8,22.4,6.68,1.67,0.0,0.0,0.0,24.6,0.0,spring,False,False,False,False,False,0.0,0.0
2024-11-30 10:02:55,37.5,20.1,6.76,1.63,0.0,0.0,0.0,24.6,0.0,spring,False,False,False,False,False,0.0,0.0
2024-11-30 10:32:55,36.5,25.7,6.75,1.65,0.0,0.0,0.0,24.6,0.0,spring,False,False,False,False,False,0.0,0.0
2024-11-30 11:02:55,34.7,17.3,6.74,1.62,0.0,0.0,0.0,23.2,22.1,spring,True,True,False,False,False,0.0,12.5
2024-11-30 11:32:55,40.1,24.0,6.75,1.68,0.0,0.0,0.0,23.2,0.0,spring,False,False,False,False,False,0.0,0.0
2024-11-30 12:02:55,38.6,22.0,6.78,1.7,0.0,0.0,0.0,23.2,0.0,spring,False,False,False,False,False,0.0,0.0
2024-11-30 12:32:55,37.0,25.8,6.83,1.69,0.0,0.0,0.0,23.2,0.0,spring,False,False,False,False,False,0.0,0.0
2024-11-30 13:02:55,35.9,19.1,6.85,1.67,0.0,0.0,0.0,23.2,0.0,spring,False,False,False,False,False,0.0,0.0
2024-11-30 13:32:55,35.5,21.1,6.84,1.72,0.0,0.0,0.0,23.2,0.0,spring,False,False,False,False,False,0.0,0.0
2024-11-30 14:02:55,34.0,16.1,6.84,1.67,0.0,0.0,0.0,22.0,21.2,spring,True,True,False,False,False,0.0,16.7
2024-11-30 14:32:55,43.4,27.0,6.86,1.67,0.0,0.0,0.0,22.0,0.0,spring,False,False,False,False,False,0.0,0.0
2024-11-30 15:02:55,41.7,18.4,6.84,1.68,0.0,0.0,0.0,22.0,0.0,spring,False,False,False,False,False,0.0,0.0
2024-11-30 15:32:55,41.5,28.1,6.83,1.76,0.0,0.0,0.0,22.0,0.0,spring,False,False,False,False,False,0.0,0.0
2024-11-30 16:02:55,40.6,26.4,6.79,1.84,0.0,0.0,0.0,22.0,0.0,spring,False,False,False,False,False,0.0,0.0
2024-11-30 16:32:55,40.0,22.2,6.84,1.79,0.0,0.0,0.0,22.0,0.0,spring,False,False,False,False,False,0.0,0.0
2024-11-30 17:02:55,39.0,15.3,6.77,1.85,0.0,0.0,0.0,22.0,0.0,spring,False,False,False,False,False,0.0,0.0
2024-11-30 17:32:55,38.3,17.7,6.76,1.91,0.0,0.0,0.0,22.0,0.0,spring,False,False,False,False,False,0.0,0.0
2024-11-30 18:02:55,37.5,24.0,6.71,1.86,0.0,0.0,0.0,22.0,0.0,spring,False,False,False,False,False,0.0,0.0
2024-11-30 18:32:55,36.1,26.4,6.67,1.92,0.0,0.0,0.0,22.0,0.0,spring,False,False,False,False,False,0.0,0.0
2024-11-30 19:02:55,36.0,27.9,6.7,1.99,0.0,0.0,0.0,22.0,0.0,spring,False,False,False,False,False,0.0,0.0
2024-11-30 19:32:55,34.9,22.5,6.82,1.99,0.0,0.0,0.0,20.0,31.9,spring,True,True,False,False,False,0.0,19.5
2024-11-30 20:02:55,43.6,22.4,6.92,2.02,0.0,0.0,0.0,25.1,0.0,spring,False,False,False,True,False,0.0,0.0
2024-11-30 20:32:55,42.4,19.8,6.95,2.05,0.0,0.0,0.0,25.1,0.0,spring,False,False,False,False,False,0.0,0.0
2024-11-30 21:02:55,42.1,15.4,6.94,2.02,0.0,0.0,0.0,25.1,0.0,spring,False,False,False,False,False,0.0,0.0
2024-11-30 21:32:55,40.2,20.2,6.94,2.07,0.0,0.0,0.0,25.1,0.0,spring,False,False,False,False,False,0.0,0.0
2024-11-30 22:02:55,39.2,27.5,6.89,2.08,0.0,0.0,0.0,25.1,0.0,spring,False,False,False,False,False,0.0,0.0
2024-11-30 22:32:55,37.6,24.7,6.91,2.13,0.0,0.0,0.0,25.1,0.0,spring,False,False,False,False,False,0.0,0.0
2024-11-30 23:02:55,36.8,17.8,6.87,2.26,0.0,0.0,0.0,25.1,0.0,spring,False,False,False,False,False,0.0,0.0
2024-11-30 23:32:55,35.8,26.2,6.78,2.33,0.0,0.0,0.0,25.1,0.0,spring,False,False,False,False,False,0.0,0.0
2024-12-01 00:02:55,35.6,20.5,6.62,2.41,0.0,0.0,0.0,25.1,0.0,summer,False,False,False,False,False,0.0,0.0
2024-12-01 00:32:55,33.9,23.2,6.67,2.46,0.0,0.0,0.0,22.5,48.8,summer,True,True,False,False,False,0.0,16.4
2024-12-01 01:02:55,40.3,23.6,6.66,2.53,0.0,0.0,0.0,22.5,0.0,summer,False,False,False,False,False,0.0,0.0
2024-12-01 01:32:55,39.3,28.1,6.61,2.52,0.0,0.0,0.0,22.5,0.0,summer,False,False,False,False,False,0.0,0.0
2024-12-01 02:02:55,38.3,23.6,6.63,2.51,0.0,0.0,0.0,22.5,0.0,summer,False,False,False,False,False,0.0,0.0
2024-12-01 02:32:55,37.8,32.9,6.58,2.56,0.0,0.0,0.0,21.5,43.3,summer,True,True,False,False,False,0.0,13.2
2024-12-01 03:02:55,45.9,26.8,6.58,2.54,0.0,0.0,0.0,21.5,0.0,summer,False,False,False,False,False,0.0,0.0
2024-12-01 03:32:55,44.8,31.6,6.54,2.67,0.0,0.0,0.0,18.8,24.1,summer,True,True,False,False,False,0.0,13.2
2024-12-01 04:02:55,52.1,26.2,6.54,2.65,0.0,0.0,0.0,24.5,0.0,summer,False,False,False,True,False,0.0,0.0
2024-12-01 04:32:55,51.8,29.1,6.47,2.63,0.0,0.0,0.0,24.5,0.0,summer,False,False,False,False,False,0.0,0.0
2024-12-01 05:02:55,50.3,19.7,6.44,2.61,0.0,0.0,0.0,24.5,0.0,summer,False,False,False,False,False,0.0,0.0
2024-12-01 05:32:55,49.5,37.2,6.35,2.66,0.0,0.0,0.0,22.6,46.0,summer,True,True,False,False,False,0.0,17.0
2024-12-01 06:02:55,55.3,22.3,6.32,2.7,0.0,0.0,0.0,22.6,0.0,summer,False,False,False,False,False,0.0,0.0
2024-12-01 06:32:55,54.8,22.5,6.34,2.65,0.0,0.0,0.0,22.6,0.0,summer,False,False,False,False,False,0.0,0.0
2024-12-01 07:02:55,54.2,28.5,6.34,2.66,0.0,0.0,0.0,22.6,0.0,summer,False,False,False,False,False,0.0,0.0
2024-12-01 07:32:55,53.7,19.9,6.33,2.68,0.0,0.0,0.0,22.6,0.0,summer,False,False,False,False,False,0.0,0.0
2024-12-01 08:02:55,52.9,22.7,6.34,2.6,0.0,0.0,0.0,22.6,0.0,summer,False,False,False,False,False,0.0,0.0
2024-12-01 08:32:55,51.6,38.3,6.31,2.6,0.0,0.0,0.0,20.1,31.2,summer,True,True,False,False,False,0.0,23.4
2024-12-01 09:02:55,61.1,22.9,6.37,2.54,0.0,0.0,0.0,20.1,0.0,summer,False,False,False,False,False,0.0,0.0
2024-12-01 09:32:55,60.5,28.7,6.41,2.55,0.0,0.0,0.0,20.1,0.0,summer,False,False,False,False,False,0.0,0.0
2024-12-01 10:02:55,59.8,21.9,6.4,2.64,0.0,0.0,0.0,20.1,0.0,summer,False,False,False,False,False,0.0,0.0
2024-12-01 10:32:55,58.9,35.6,6.42,2.62,0.0,0.0,0.0,18.5,42.6,summer,True,True,False,False,False,0.0,24.7
2024-12-01 11:02:55,63.8,25.3,6.39,2.7,0.0,0.0,0.0,26.2,0.0,summer,False,False,False,True,False,0.0,0.0
2024-12-01 11:32:55,63.1,22.8,6.4,2.7,0.0,0.0,0.0,26.2,0.0,summer,False,False,False,False,False,0.0,0.0
2024-12-01 12:02:55,62.2,27.3,6.4,2.71,0.0,0.0,0.0,26.2,0.0,summer,False,False,False,False,False,0.0,0.0
2024-12-01 12:32:55,60.7,22.1,6.38,2.75,0.0,0.0,0.0,26.2,0.0,summer,False,False,False,False,False,0.0,0.0
2024-12-01 13:02:55,59.1,28.2,6.42,2.74,0.0,0.0,0.0,26.2,0.0,summer,False,False,False,False,False,0.0,0.0
2024-12-01 13:32:55,57.5,19.6,6.39,2.87,0.0,0.0,0.0,26.2,0.0,summer,False,False,False,False,False,0.0,0.0
2024-12-01 14:02:55,56.0,25.2,6.39,2.93,0.0,0.0,0.0,26.2,0.0,summer,False,False,False,False,False,0.0,0.0
2024-12-01 14:32:55,55.7,30.2,6.33,2.91,0.0,0.0,0.0,23.7,45.2,summer,True,True,False,False,False,0.0,11.9
2024-12-01 15:02:55,65.2,28.3,6.44,2.89,0.0,0.0,0.0,23.7,0.0,summer,False,False,False,False,False,0.0,0.0
2024-12-01 15:32:55,64.3,32.6,6.45,2.84,0.0,0.0,0.0,22.5,26.6,summer,True,True,False,False,False,0.0,15.2
2024-12-01 16:02:55,73.7,30.3,6.5,2.86,0.0,0.0,0.0,19.8,45.9,summer,True,True,False,False,False,0.0,22.9
2024-12-01 16:32:55,80.2,30.6,6.53,2.8,0.0,0.0,0.0,23.6,55.2,summer,True,True,False,True,False,0.0,14.2
2024-12-01 17:02:55,87.0,23.8,6.57,2.74,0.0,0.0,0.0,23.6,0.0,summer,False,False,False,False,False,0.0,0.0
2024-12-01 17:32:55,86.5,22.1,6.55,2.75,0.0,0.0,0.0,23.6,0.0,summer,False,False,False,False,False,0.0,0.0
2024-12-01 18:02:55,86.3,26.7,6.54,2.8,0.0,0.0,0.0,23.6,0.0,summer,False,False,False,False,False,0.0,0.0
2024-12-01 18:32:55,85.4,33.0,6.6,2.85,0.0,0.0,0.0,21.3,40.8,summer,True,True,False,False,False,0.0,15.5
2024-12-01 19:02:55,94.0,35.8,6.55,2.89,0.0,0.0,0.0,20.2,53.4,summer,True,True,False,False,False,0.0,23.4
2024-12-01 19:32:55,95.0,34.2,6.48,2.84,0.0,0.0,0.0,17.5,51.0,summer,True,True,False,False,False,0.0,24.9
2024-12-01 20:02:55,95.0,20.8,6.45,2.84,0.0,0.0,0.0,24.2,0.0,summer,False,False,False,True,False,0.0,0.0
2024-12-01 20:32:55,94.5,22.6,6.42,2.84,0.0,0.0,0.0,24.2,0.0,summer,False,False,False,False,False,0.0,0.0
2024-12-01 21:02:55,93.2,29.6,6.42,2.89,0.0,0.0,0.0,24.2,0.0,summer,False,False,False,False,False,0.0,0.0
2024-12-01 21:32:55,91.3,23.9,6.39,2.84,0.0,0.0,0.0,24.2,0.0,summer,False,False,False,False,False,0.0,0.0
2024-12-01 22:02:55,90.8,32.4,6.46,2.86,0.0,0.0,0.0,21.8,40.9,summer,True,True,False,False,False,0.0,22.4
2024-12-01 22:32:55,95.0,20.9,6.46,2.98,0.0,0.0,0.0,21.8,0.0,summer,False,False,False,False,False,0.0,0.0
2024-12-01 23:02:55,94.7,29.8,6.54,3.04,0.0,0.0,0.0,21.8,0.0,summer,False,False,False,False,False,0.0,0.0
2024-12-01 23:32:55,93.3,30.7,6.56,3.07,0.0,0.0,0.0,18.8,48.2,summer,True,True,False,False,False,0.0,10.1
2024-12-02 00:02:55,95.0,24.2,6.51,2.98,0.0,0.0,0.0,27.2,0.0,summer,False,False,False,True,False,0.0,0.0
2024-12-02 00:32:55,93.8,31.5,6.49,2.98,0.0,0.0,0.0,25.0,44.0,summer,True,True,False,False,False,0.0,23.5
2024-12-02 01:02:55,95.0,29.4,6.49,3.04,0.0,0.0,0.0,25.0,0.0,summer,False,False,False,False,False,0.0,0.0
2024-12-02 01:32:55,94.8,26.6,6.51,3.05,0.0,0.0,0.0,25.0,0.0,summer,False,False,False,False,False,0.0,0.0
2024-12-02 02:02:55,93.1,22.5,6.52,3.07,0.0,0.0,0.0,25.0,0.0,summer,False,False,False,False,False,0.0,0.0
2024-12-02 02:32:55,91.1,27.5,6.57,3.14,0.0,0.0,0.0,25.0,0.0,summer,False,False,False,False,False,0.0,0.0
2024-12-02 03:02:55,89.2,26.9,6.69,3.0,0.0,0.0,0.0,25.0,0.0,summer,False,False,False,False,False,0.0,0.0
2024-12-02 03:32:55,89.1,31.4,6.7,3.05,0.0,0.0,0.0,23.1,36.4,summer,True,True,False,False,False,0.0,10.7
2024-12-02 04:02:55,93.9,30.1,6.72,3.07,0.0,0.0,0.0,22.0,24.2,summer,True,True,False,False,False,0.0,22.3
2024-12-02 04:32:55,95.0,29.9,6.69,3.03,0.0,0.0,0.0,22.0,0.0,summer,False,False,False,False,False,0.0,0.0
2024-12-02 05:02:55,93.4,36.7,6.71,3.05,0.0,0.0,0.0,20.9,52.4,summer,True,True,False,False,False,0.0,21.3
2024-12-02 05:32:55,95.0,23.8,6.76,3.03,0.0,0.0,0.0,20.9,0.0,summer,False,False,False,False,False,0.0,0.0
2024-12-02 06:02:55,94.6,38.2,6.77,2.97,0.0,0.0,0.0,18.3,47.6,summer,True,True,False,False,False,0.0,12.0
2024-12-02 06:32:55,95.0,26.5,6.68,3.03,0.0,0.0,0.0,30.1,0.0,summer,False,False,False,True,False,0.0,0.0
2024-12-02 07:02:55,93.1,26.1,6.73,2.98,0.0,0.0,0.0,30.1,0.0,summer,False,False,False,False,False,0.0,0.0
2024-12-02 07:32:55,91.7,30.5,6.79,2.98,0.0,0.0,0.0,28.6,37.8,summer,True,True,False,False,False,0.0,19.4
2024-12-02 08:02:55,95.0,23.7,6.84,3.04,0.0,0.0,0.0,28.6,0.0,summer,False,False,False,False,False,0.0,0.0
2024-12-02 08:32:55,93.2,29.7,6.84,2.94,0.0,0.0,0.0,28.6,0.0,summer,False,False,False,False,False,0.0,0.0
2024-12-02 09:02:55,93.1,22.3,6.84,2.99,0.0,0.0,0.0,28.6,0.0,summer,False,False,False,False,False,0.0,0.0
2024-12-02 09:32:55,92.7,14.8,6.78,2.99,0.0,0.0,0.0,28.6,0.0,summer,False,False,False,False,False,0.0,0.0
2024-12-02 10:02:55,91.2,17.8,6.83,3.05,0.0,0.0,0.0,28.6,0.0,summer,False,False,False,False,False,0.0,0.0
2024-12-02 10:32:55,90.8,25.8,6.86,3.01,0.0,0.0,0.0,28.6,0.0,summer,False,False,False,False,False,0.0,0.0
2024-12-02 11:02:55,89.3,32.8,6.85,3.05,0.0,0.0,0.0,27.1,54.7,summer,True,True,False,False,False,0.0,19.8
2024-12-02 11:32:55,95.0,36.7,6.8,3.04,0.0,0.0,0.0,24.5,34.9,summer,True,True,False,False,False,0.0,14.4
2024-12-02 12:02:55,95.0,27.4,6.78,3.12,0.0,0.0,0.0,24.5,0.0,summer,False,False,False,False,False,0.0,0.0
2024-12-02 12:32:55,94.3,26.9,6.69,3.13,0.0,0.0,0.0,24.5,0.0,summer,False,False,False,False,False,0.0,0.0
2024-12-02 13:02:55,93.6,31.6,6.7,3.12,0.0,0.0,0.0,21.7,52.2,summer,True,True,False,False,False,0.0,10.7
2024-12-02 13:32:55,95.0,26.9,6.74,3.21,0.0,0.0,0.0,21.7,0.0,summer,False,False,False,False,False,0.0,0.0
2024-12-02 14:02:55,93.4,15.5,6.81,3.21,0.0,0.0,0.0,21.7,0.0,summer,False,False,False,False,False,0.0,0.0
2024-12-02 14:32:55,92.7,28.0,6.74,3.25,0.0,0.0,0.0,21.7,0.0,summer,False,False,False,False,False,0.0,0.0
2024-12-02 15:02:55,92.2,20.6,6.67,3.28,0.0,0.0,0.0,21.7,0.0,summer,False,False,False,False,False,0.0,0.0
2024-12-02 15:32:55,91.5,24.9,6.73,3.24,0.0,0.0,0.0,21.7,0.0,summer,False,False,False,False,False,0.0,0.0
2024-12-02 16:02:55,90.4,31.2,6.69,3.21,0.0,0.0,0.0,20.4,45.5,summer,True,True,False,False,False,0.0,19.0
2024-12-02 16:32:55,95.0,25.0,6.71,3.2,0.0,0.0,0.0,20.4,0.0,summer,False,False,False,False,False,0.0,0.0
2024-12-02 17:02:55,93.2,26.4,6.63,3.34,0.0,0.0,0.0,20.4,0.0,summer,False,False,False,False,False,0.0,0.0
2024-12-02 17:32:55,93.0,19.2,6.61,3.34,0.0,0.0,0.0,20.4,0.0,summer,False,False,False,False,False,0.0,0.0
2024-12-02 18:02:55,92.2,18.1,6.65,3.32,0.0,0.0,0.0,20.4,0.0,summer,False,False,False,False,False,0.0,0.0
2024-12-02 18:32:55,90.5,21.7,6.68,3.21,0.0,0.0,0.0,20.4,0.0,summer,False,False,False,False,False,0.0,0.0
2024-12-02 19:02:55,89.1,26.4,6.66,3.21,0.0,0.0,0.0,20.4,0.0,summer,False,False,False,False,False,0.0,0.0
2024-12-02 19:32:55,87.7,28.0,6.68,3.13,0.0,0.0,0.0,20.4,0.0,summer,False,False,False,False,False,0.0,0.0
2024-12-02 20:02:55,86.7,24.9,6.71,3.12,0.0,0.0,0.0,20.4,0.0,summer,False,False,False,False,False,0.0,0.0
2024-12-02 20:32:55,86.5,32.8,6.64,3.1,0.0,0.0,0.0,18.7,57.3,summer,True,True,False,False,False,0.0,17.2
2024-12-02 21:02:55,92.1,24.7,6.64,3.11,0.0,0.0,0.0,26.3,0.0,summer,False,False,False,True,False,0.0,0.0
2024-12-02 21:32:55,91.8,30.1,6.62,3.1,0.0,0.0,0.0,25.0,29.4,summer,True,True,False,False,False,0.0,12.6
2024-12-02 22:02:55,95.0,32.5,6.57,3.08,0.0,0.0,0.0,22.8,39.7,summer,True,True,False,False,False,0.0,13.0
2024-12-02 22:32:55,95.0,24.2,6.66,3.01,0.0,0.0,0.0,22.8,0.0,summer,False,False,False,False,False,0.0,0.0
2024-12-02 23:02:55,93.3,24.8,6.65,3.02,0.0,0.0,0.0,22.8,0.0,summer,False,False,False,False,False,0.0,0.0
2024-12-02 23:32:55,92.1,26.4,6.59,3.04,0.0,0.0,0.0,22.8,0.0,summer,False,False,False,False,False,0.0,0.0
2024-12-03 00:02:55,90.5,22.2,6.61,2.99,0.0,0.0,0.0,22.8,0.0,summer,False,False,False,False,False,0.0,0.0
2024-12-03 00:32:55,88.5,25.5,6.53,3.05,0.0,0.0,0.0,22.8,0.0,summer,False,False,False,False,False,0.0,0.0
2024-12-03 01:02:55,87.4,24.7,6.57,3.01,0.0,0.0,0.0,22.8,0.0,summer,False,False,False,False,False,0.0,0.0
2024-12-03 01:32:55,86.7,27.9,6.7,3.03,0.0,0.0,0.0,22.8,0.0,summer,False,False,False,False,False,0.0,0.0
2024-12-03 02:02:55,86.7,26.1,6.73,3.06,0.0,0.0,0.0,22.8,0.0,summer,False,False,False,False,False,0.0,0.0
2024-12-03 02:32:55,85.2,30.2,6.77,3.05,0.0,0.0,0.0,21.2,49.6,summer,True,True,False,False,False,0.0,13.6
2024-12-03 03:02:55,90.5,20.2,6.76,3.04,0.0,0.0,0.0,21.2,0.0,summer,False,False,False,False,False,0.0,0.0
2024-12-03 03:32:55,89.5,32.2,6.78,3.04,0.0,0.0,0.0,19.1,32.4,summer,True,True,False,False,False,0.0,18.8
2024-12-03 04:02:55,95.0,17.3,6.83,3.03,0.0,0.0,0.0,30.5,0.0,summer,False,False,False,True,False,0.0,0.0
2024-12-03 04:32:55,95.0,23.0,6.86,3.03,0.0,0.0,0.0,30.5,0.0,summer,False,False,False,False,False,0.0,0.0
2024-12-03 05:02:55,93.9,17.9,6.86,3.05,0.0,0.0,0.0,30.5,0.0,summer,False,False,False,False,False,0.0,0.0
2024-12-03 05:32:55,92.5,23.8,6.84,3.06,0.0,0.0,0.0,30.5,0.0,summer,False,False,False,False,False,0.0,0.0
2024-12-03 06:02:55,91.7,25.1,6.87,3.03,0.0,0.0,0.0,30.5,0.0,summer,False,False,False,False,False,0.0,0.0
2024-12-03 06:32:55,90.9,28.1,6.81,3.02,0.0,0.0,0.0,30.5,0.0,summer,False,False,False,False,False,0.0,0.0
2024-12-03 07:02:55,90.2,39.6,6.72,2.98,0.0,0.0,0.0,28.8,50.5,summer,True,True,False,False,False,0.0,15.9
2024-12-03 07:32:55,94.5,22.5,6.73,2.99,0.0,0.0,0.0,28.8,0.0,summer,False,False,False,False,False,0.0,0.0
2024-12-03 08:02:55,93.1,27.6,6.71,2.94,0.0,0.0,0.0,28.8,0.0,summer,False,False,False,False,False,0.0,0.0
2024-12-03 08:32:55,93.1,27.2,6.73,2.95,0.0,0.0,0.0,28.8,0.0,summer,False,False,False,False,False,0.0,0.0
2024-12-03 09:02:55,92.0,31.8,6.73,2.94,0.0,0.0,0.0,26.2,27.9,summer,True,True,False,False,False,0.0,15.1
2024-12-03 09:32:55,95.0,22.6,6.72,2.96,0.0,0.0,0.0,26.2,0.0,summer,False,False,False,False,False,0.0,0.0
2024-12-03 10:02:55,94.5,28.9,6.72,2.89,0.0,0.0,0.0,26.2,0.0,summer,False,False,False,False,False,0.0,0.0
2024-12-03 10:32:55,93.0,22.5,6.7,2.87,0.0,0.0,0.0,26.2,0.0,summer,False,False,False,False,False,0.0,0.0
2024-12-03 11:02:55,91.3,29.2,6.8,2.86,0.0,0.0,0.0,26.2,0.0,summer,False,False,False,False,False,0.0,0.0
2024-12-03 11:32:55,89.5,23.3,6.84,2.82,0.0,0.0,0.0,26.2,0.0,summer,False,False,False,False,False,0.0,0.0
2024-12-03 12:02:55,88.1,22.1,6.82,2.93,0.0,0.0,0.0,26.2,0.0,summer,False,False,False,False,False,0.0,0.0
2024-12-03 12:32:55,87.9,22.0,6.85,3.09,0.0,0.0,0.0,26.2,0.0,summer,False,False,False,False,False,0.0,0.0
2024-12-03 13:02:55,86.4,30.3,6.84,3.14,0.0,0.0,0.0,23.3,46.4,summer,True,True,False,False,False,0.0,19.9
2024-12-03 13:32:55,95.0,23.8,6.82,3.1,0.0,0.0,0.0,23.3,0.0,summer,False,False,False,False,False,0.0,0.0
2024-12-03 14:02:55,94.8,29.6,6.73,3.15,0.0,0.0,0.0,23.3,0.0,summer,False,False,False,False,False,0.0,0.0
2024-12-03 14:32:55,92.8,22.0,6.76,3.19,0.0,0.0,0.0,23.3,0.0,summer,False,False,False,False,False,0.0,0.0
2024-12-03 15:02:55,91.6,25.8,6.78,3.09,0.0,0.0,0.0,23.3,0.0,summer,False,False,False,False,False,0.0,0.0
2024-12-03 15:32:55,90.2,40.0,6.76,3.04,0.0,0.0,0.0,21.6,53.3,summer,True,True,False,False,False,0.0,15.9
2024-12-03 16:02:55,95.0,27.2,6.72,3.07,0.0,0.0,0.0,21.6,0.0,summer,False,False,False,False,False,0.0,0.0
2024-12-03 16:32:55,93.9,32.4,6.71,3.0,0.0,0.0,0.0,19.1,27.5,summer,True,True,False,False,False,0.0,12.3
2024-12-03 17:02:55,95.0,29.5,6.75,2.99,0.0,0.0,0.0,32.0,0.0,summer,False,False,False,True,False,0.0,0.0
2024-12-03 17:32:55,93.7,33.1,6.61,2.94,0.0,0.0,0.0,29.2,45.9,summer,True,True,False,False,False,0.0,17.9
2024-12-03 18:02:55,95.0,23.6,6.54,3.0,0.0,0.0,0.0,29.2,0.0,summer,False,False,False,False,False,0.0,0.0
2024-12-03 18:32:55,93.2,33.7,6.55,2.96,0.0,0.0,0.0,26.3,27.4,summer,True,True,False,False,False,0.0,13.8
2024-12-03 19:02:55,95.0,30.2,6.54,2.95,0.0,0.0,0.0,24.9,54.5,summer,True,True,False,False,False,0.0,11.7
2024-12-03 19:32:55,95.0,29.1,6.53,2.84,0.0,0.0,0.0,24.9,0.0,summer,False,False,False,False,False,0.0,0.0
2024-12-03 20:02:55,93.7,21.0,6.52,2.9,0.0,0.0,0.0,24.9,0.0,summer,False,False,False,False,False,0.0,0.0
2024-12-03 20:32:55,93.3,30.8,6.51,2.87,0.0,0.0,0.0,22.6,38.3,summer,True,True,False,False,False,0.0,10.2
2024-12-03 21:02:55,95.0,30.5,6.44,2.85,0.0,0.0,0.0,21.1,26.6,summer,True,True,False,False,False,0.0,11.2
2024-12-03 21:32:55,95.0,29.1,6.49,2.8,0.0,0.0,0.0,21.1,0.0,summer,False,False,False,False,False,0.0,0.0
2024-12-03 22:02:55,94.8,21.4,6.41,2.82,0.0,0.0,0.0,21.1,0.0,summer,False,False,False,False,False,0.0,0.0
2024-12-03 22:32:55,93.7,23.9,6.38,2.75,0.0,0.0,0.0,21.1,0.0,summer,False,False,False,False,False,0.0,0.0
2024-12-03 23:02:55,93.6,32.7,6.4,2.74,0.0,0.0,0.0,19.9,27.8,summer,True,True,False,False,False,0.0,20.4
2024-12-03 23:32:55,95.0,28.3,6.31,2.84,0.0,0.0,0.0,34.4,0.0,summer,False,False,False,True,False,0.0,0.0
2024-12-04 00:02:55,94.9,24.9,6.34,2.81,0.0,0.0,0.0,34.4,0.0,summer,False,False,False,False,False,0.0,0.0
2024-12-04 00:32:55,93.9,25.1,6.32,2.89,0.0,0.0,0.0,34.4,0.0,summer,False,False,False,False,False,0.0,0.0
2024-12-04 01:02:55,92.2,29.8,6.4,2.81,0.0,0.0,0.0,34.4,0.0,summer,False,False,False,False,False,0.0,0.0
2024-12-04 01:32:55,92.0,28.3,6.38,2.69,0.0,0.0,0.0,34.4,0.0,summer,False,False,False,False,False,0.0,0.0
2024-12-04 02:02:55,91.4,24.0,6.35,2.72,0.0,0.0,0.0,34.4,0.0,summer,False,False,False,False,False,0.0,0.0
2024-12-04 02:32:55,91.0,24.1,6.43,2.79,0.0,0.0,0.0,34.4,0.0,summer,False,False,False,False,False,0.0,0.0
2024-12-04 03:02:55,90.2,23.7,6.39,2.79,0.0,0.0,0.0,34.4,0.0,summer,False,False,False,False,False,0.0,0.0
2024-12-04 03:32:55,89.5,26.9,6.38,2.75,0.0,0.0,0.0,34.4,0.0,summer,False,False,False,False,False,0.0,0.0
2024-12-04 04:02:55,89.2,25.3,6.42,2.75,0.0,0.0,0.0,34.4,0.0,summer,False,False,False,False,False,0.0,0.0
2024-12-04 04:32:55,87.9,18.2,6.32,2.75,0.0,0.0,0.0,34.4,0.0,summer,False,False,False,False,False,0.0,0.0
2024-12-04 05:02:55,86.0,36.3,6.43,2.8,0.0,0.0,0.0,32.7,26.7,summer,True,True,False,False,False,0.0,19.2
2024-12-04 05:32:55,91.6,28.3,6.45,2.75,0.0,0.0,0.0,32.7,0.0,summer,False,False,False,False,False,0.0,0.0
2024-12-04 06:02:55,91.2,20.5,6.52,2.8,0.0,0.0,0.0,32.7,0.0,summer,False,False,False,False,False,0.0,0.0
2024-12-04 06:32:55,90.6,16.2,6.6,2.82,0.0,0.0,0.0,32.7,0.0,summer,False,False,False,False,False,0.0,0.0
2024-12-04 07:02:55,90.6,29.6,6.57,2.8,0.0,0.0,0.0,32.7,0.0,summer,False,False,False,False,False,0.0,0.0
2024-12-04 07:32:55,89.1,23.6,6.58,2.78,0.0,0.0,0.0,32.7,0.0,summer,False,False,False,False,False,0.0,0.0
2024-12-04 08:02:55,87.6,26.5,6.55,2.77,0.0,0.0,0.0,32.7,0.0,summer,False,False,False,False,False,0.0,0.0
2024-12-04 08:32:55,86.6,25.4,6.59,2.77,0.0,0.0,0.0,32.7,0.0,summer,False,False,False,False,False,0.0,0.0
2024-12-04 09:02:55,86.1,39.7,6.62,2.72,0.0,0.0,0.0,30.6,29.7,summer,True,True,False,False,False,0.0,10.8
2024-12-04 09:32:55,93.2,34.1,6.51,2.73,0.0,0.0,0.0,28.5,34.1,summer,True,True,False,False,False,0.0,14.1
2024-12-04 10:02:55,95.0,26.9,6.56,2.73,0.0,0.0,0.0,28.5,0.0,summer,False,False,False,False,False,0.0,0.0
2024-12-04 10:32:55,94.1,24.5,6.49,2.73,0.0,0.0,0.0,28.5,0.0,summer,False,False,False,False,False,0.0,0.0
2024-12-04 11:02:55,94.0,30.2,6.45,2.78,0.0,0.0,0.0,25.6,35.7,summer,True,True,False,False,False,0.0,12.7
2024-12-04 11:32:55,95.0,34.7,6.41,2.82,0.0,0.0,0.0,23.6,21.3,summer,True,True,False,False,False,0.0,16.7
2024-12-04 12:02:55,95.0,26.6,6.39,2.84,0.0,0.0,0.0,23.6,0.0,summer,False,False,False,False,False,0.0,0.0
2024-12-04 12:32:55,93.6,22.6,6.43,2.89,0.0,0.0,0.0,23.6,0.0,summer,False,False,False,False,False,0.0,0.0
2024-12-04 13:02:55,93.2,28.9,6.47,2.87,0.0,0.0,0.0,23.6,0.0,summer,False,False,False,False,False,0.0,0.0
2024-12-04 13:32:55,91.6,20.4,6.54,2.87,0.0,0.0,0.0,23.6,0.0,summer,False,False,False,False,False,0.0,0.0
2024-12-04 14:02:55,90.6,28.5,6.53,2.88,0.0,0.0,0.0,23.6,0.0,summer,False,False,False,False,False,0.0,0.0
2024-12-04 14:32:55,88.9,21.8,6.5,2.81,0.0,0.0,0.0,23.6,0.0,summer,False,False,False,False,False,0.0,0.0
2024-12-04 15:02:55,87.0,30.7,6.44,2.78,0.0,0.0,0.0,21.6,45.0,summer,True,True,False,False,False,0.0,14.9
2024-12-04 15:32:55,95.0,20.0,6.39,2.72,0.0,0.0,0.0,21.6,0.0,summer,False,False,False,False,False,0.0,0.0
2024-12-04 16:02:55,94.0,26.2,6.33,2.68,0.0,0.0,0.0,21.6,0.0,summer,False,False,False,False,False,0.0,0.0
2024-12-04 16:32:55,92.5,34.9,6.26,2.7,0.0,0.0,0.0,20.4,51.2,summer,True,True,False,False,False,0.0,23.6
2024-12-04 17:02:55,95.0,28.0,6.27,2.68,0.0,0.0,0.0,20.4,0.0,summer,False,False,False,False,False,0.0,0.0
2024-12-04 17:32:55,93.3,29.8,6.26,2.7,0.0,0.0,0.0,20.4,0.0,summer,False,False,False,False,False,0.0,0.0
2024-12-04 18:02:55,91.4,15.1,6.33,2.69,0.0,0.0,0.0,20.4,0.0,summer,False,False,False,False,False,0.0,0.0
2024-12-04 18:32:55,90.6,26.7,6.38,2.7,0.0,0.0,0.0,20.4,0.0,summer,False,False,False,False,False,0.0,0.0
2024-12-04 19:02:55,88.7,19.0,6.29,2.81,0.0,0.0,0.0,20.4,0.0,summer,False,False,False,False,False,0.0,0.0
2024-12-04 19:32:55,86.9,24.0,6.35,2.84,0.0,0.0,0.0,20.4,0.0,summer,False,False,False,False,False,0.0,0.0
2024-12-04 20:02:55,85.5,21.3,6.36,2.82,0.0,0.0,0.0,20.4,0.0,summer,False,False,False,False,False,0.0,0.0
2024-12-04 20:32:55,84.5,28.7,6.38,2.85,0.0,0.0,0.0,20.4,0.0,summer,False,False,False,False,False,0.0,0.0
2024-12-04 21:02:55,82.8,19.5,6.36,2.76,0.0,0.0,0.0,20.4,0.0,summer,False,False,False,False,False,0.0,0.0
2024-12-04 21:32:55,81.3,21.3,6.32,2.77,0.0,0.0,0.0,20.4,0.0,summer,False,False,False,False,False,0.0,0.0
2024-12-04 22:02:55,80.6,22.7,6.3,2.77,0.0,0.0,0.0,20.4,0.0,summer,False,False,False,False,False,0.0,0.0
2024-12-04 22:32:55,79.3,21.7,6.28,2.85,0.0,0.0,0.0,20.4,0.0,summer,False,False,False,False,False,0.0,0.0
2024-12-04 23:02:55,79.0,32.7,6.3,2.77,0.0,0.0,0.0,18.9,57.1,summer,True,True,False,False,False,0.0,24.0
2024-12-04 23:32:55,84.9,25.0,6.42,2.74,0.0,0.0,0.0,28.8,0.0,summer,False,False,False,True,False,0.0,0.0
2024-12-05 00:02:55,84.4,18.9,6.39,2.75,0.0,0.0,0.0,28.8,0.0,summer,False,False,False,False,False,0.0,0.0
2024-12-05 00:32:55,84.0,25.7,6.36,2.74,0.0,0.0,0.0,28.8,0.0,summer,False,False,False,False,False,0.0,0.0
2024-12-05 01:02:55,82.6,28.8,6.45,2.78,0.0,0.0,0.0,28.8,0.0,summer,False,False,False,False,False,0.0,0.0
2024-12-05 01:32:55,81.4,33.7,6.44,2.83,0.0,0.0,0.0,25.8,21.7,summer,True,True,False,False,False,0.0,10.0
2024-12-05 02:02:55,86.8,29.7,6.41,2.78,0.0,0.0,0.0,25.8,0.0,summer,False,False,False,False,False,0.0,0.0
2024-12-05 02:32:55,85.2,34.4,6.38,2.83,0.0,0.0,0.0,23.7,47.5,summer,True,True,False,False,False,0.0,11.8
2024-12-05 03:02:55,90.6,24.9,6.37,2.82,0.0,0.0,0.0,23.7,0.0,summer,False,False,False,False,False,0.0,0.0
2024-12-05 03:32:55,88.8,36.9,6.32,2.88,0.0,0.0,0.0,21.6,23.8,summer,True,True,False,False,False,0.0,13.8
2024-12-05 04:02:55,95.0,31.4,6.37,2.89,0.0,0.0,0.0,19.1,48.9,summer,True,True,False,False,False,0.0,18.6
2024-12-05 04:32:55,95.0,24.4,6.32,2.83,0.0,0.0,0.0,25.3,0.0,summer,False,False,False,True,False,0.0,0.0
2024-12-05 05:02:55,93.3,34.5,6.38,2.82,0.0,0.0,0.0,24.1,34.7,summer,True,True,False,False,False,0.0,18.9
2024-12-05 05:32:55,95.0,27.8,6.4,2.83,0.0,0.0,0.0,24.1,0.0,summer,False,False,False,False,False,0.0,0.0
2024-12-05 06:02:55,93.8,30.3,6.5,2.77,0.0,0.0,0.0,23.0,29.2,summer,True,True,False,False,False,0.0,14.6
2024-12-05 06:32:55,95.0,25.7,6.53,2.74,0.0,0.0,0.0,23.0,0.0,summer,False,False,False,False,False,0.0,0.0
2024-12-05 07:02:55,94.0,34.6,6.53,2.74,0.0,0.0,0.0,20.0,33.0,summer,True,True,False,False,False,0.0,15.7
2024-12-05 07:32:55,95.0,28.4,6.56,2.73,0.0,0.0,0.0,20.0,0.0,summer,False,False,False,False,False,0.0,0.0
2024-12-05 08:02:55,93.2,29.7,6.61,2.75,0.0,0.0,0.0,20.0,0.0,summer,False,False,False,False,False,0.0,0.0
2024-12-05 08:32:55,92.9,28.0,6.63,2.74,0.0,0.0,0.0,20.0,0.0,summer,False,False,False,False,False,0.0,0.0
2024-12-05 09:02:55,90.9,30.4,6.63,2.73,0.0,0.0,0.0,18.9,24.7,summer,True,True,False,False,False,0.0,23.2
2024-12-05 09:32:55,95.0,34.2,6.71,2.72,0.0,0.0,0.0,27.8,53.3,summer,True,True,False,True,False,0.0,12.6
2024-12-05 10:02:55,95.0,30.4,6.77,2.78,0.0,0.0,0.0,25.0,46.8,summer,True,True,False,False,False,0.0,21.8
2024-12-05 10:32:55,95.0,26.5,6.8,2.86,0.0,0.0,0.0,25.0,0.0,summer,False,False,False,False,False,0.0,0.0
2024-12-05 11:02:55,93.6,29.4,6.76,2.85,0.0,0.0,0.0,25.0,0.0,summer,False,False,False,False,False,0.0,0.0
2024-12-05 11:32:55,93.3,27.8,6.82,2.89,0.0,0.0,0.0,25.0,0.0,summer,False,False,False,False,False,0.0,0.0
2024-12-05 12:02:55,92.4,34.9,6.84,2.94,0.0,0.0,0.0,22.7,36.8,summer,True,True,False,False,False,0.0,23.2
2024-12-05 12:32:55,95.0,31.1,6.97,3.0,0.0,0.0,0.0,20.4,41.1,summer,True,True,False,False,False,0.0,18.8
2024-12-05 13:02:55,95.0,25.8,7.06,3.03,0.0,0.0,0.0,20.4,0.0,summer,False,False,False,False,False,0.0,0.0
2024-12-05 13:32:55,94.2,36.6,7.12,3.08,0.0,0.0,0.0,18.0,47.7,summer,True,True,False,False,False,0.0,15.6
2024-12-05 14:02:55,95.0,25.6,7.12,3.02,0.0,0.0,0.0,31.2,0.0,summer,False,False,False,True,False,0.0,0.0
2024-12-05 14:32:55,94.9,27.4,7.05,3.05,0.0,0.0,0.0,31.2,0.0,summer,False,False,False,False,False,0.0,0.0
2024-12-05 15:02:55,94.2,22.5,7.05,2.97,0.0,0.0,0.0,31.2,0.0,summer,False,False,False,False,False,0.0,0.0
2024-12-05 15:32:55,93.6,24.4,7.05,2.95,0.0,0.0,0.0,31.2,0.0,summer,False,False,False,False,False,0.0,0.0
2024-12-05 16:02:55,91.6,28.7,7.1,2.99,0.0,0.0,0.0,31.2,0.0,summer,False,False,False,False,False,0.0,0.0
2024-12-05 16:32:55,89.7,27.9,7.01,3.07,0.0,0.0,0.0,31.2,0.0,summer,False,False,False,False,False,0.0,0.0
2024-12-05 17:02:55,87.9,28.4,6.99,2.99,0.0,0.0,0.0,31.2,0.0,summer,False,False,False,False,False,0.0,0.0
2024-12-05 17:32:55,87.1,32.4,6.99,2.98,0.0,0.0,0.0,28.5,28.3,summer,True,True,False,False,False,0.0,17.8
2024-12-05 18:02:55,95.0,36.7,7.11,3.01,0.0,0.0,0.0,26.7,57.7,summer,True,True,False,False,False,0.0,17.9
2024-12-05 18:32:55,95.0,23.8,7.04,3.06,0.0,0.0,0.0,26.7,0.0,summer,False,False,False,False,False,0.0,0.0
2024-12-05 19:02:55,93.2,33.6,7.01,3.14,0.0,0.0,0.0,23.8,55.6,summer,True,True,False,False,False,0.0,24.6
2024-12-05 19:32:55,95.0,22.4,6.93,3.17,0.0,0.0,0.0,23.8,0.0,summer,False,False,False,False,False,0.0,0.0
2024-12-05 20:02:55,94.6,30.1,6.89,3.11,0.0,0.0,0.0,22.8,43.3,summer,True,True,False,False,False,0.0,15.1
2024-12-05 20:32:55,95.0,36.3,6.87,3.18,0.0,0.0,0.0,21.8,45.7,summer,True,True,False,False,False,0.0,14.1
2024-12-05 21:02:55,95.0,22.5,6.79,3.22,0.0,0.0,0.0,21.8,0.0,summer,False,False,False,False,False,0.0,0.0
2024-12-05 21:32:55,94.9,26.1,6.77,3.21,0.0,0.0,0.0,21.8,0.0,summer,False,False,False,False,False,0.0,0.0
2024-12-05 22:02:55,94.1,29.6,6.77,3.18,0.0,0.0,0.0,21.8,0.0,summer,False,False,False,False,False,0.0,0.0
2024-12-05 22:32:55,93.7,10.5,6.69,3.14,0.0,0.0,0.0,21.8,0.0,summer,False,False,False,False,False,0.0,0.0
2024-12-05 23:02:55,93.4,24.1,6.77,3.2,0.0,0.0,0.0,21.8,0.0,summer,False,False,False,False,False,0.0,0.0
2024-12-05 23:32:55,92.9,33.3,6.8,3.12,0.0,0.0,0.0,19.2,42.4,summer,True,True,False,False,False,0.0,14.5
2024-12-06 00:02:55,95.0,9.4,6.82,3.08,0.0,0.0,0.0,29.1,0.0,summer,False,False,False,True,False,0.0,0.0
2024-12-06 00:32:55,93.8,21.8,6.77,3.06,0.0,0.0,0.0,29.1,0.0,summer,False,False,False,False,False,0.0,0.0
2024-12-06 01:02:55,93.7,29.0,6.77,3.06,0.0,0.0,0.0,29.1,0.0,summer,False,False,False,False,False,0.0,0.0
2024-12-06 01:32:55,93.1,22.6,6.73,3.11,0.0,0.0,0.0,29.1,0.0,summer,False,False,False,False,False,0.0,0.0
2024-12-06 02:02:55,91.7,21.9,6.66,3.14,0.0,0.0,0.0,29.1,0.0,summer,False,False,False,False,False,0.0,0.0
2024-12-06 02:32:55,90.2,16.0,6.64,3.17,0.0,0.0,0.0,29.1,0.0,summer,False,False,False,False,False,0.0,0.0
2024-12-06 03:02:55,88.6,23.2,6.62,3.16,0.0,0.0,0.0,29.1,0.0,summer,False,False,False,False,False,0.0,0.0
2024-12-06 03:32:55,88.3,26.0,6.55,2.99,0.0,0.0,0.0,29.1,0.0,summer,False,False,False,False,False,0.0,0.0
2024-12-06 04:02:55,86.9,28.5,6.58,3.0,0.0,0.0,0.0,29.1,0.0,summer,False,False,False,False,False,0.0,0.0
2024-12-06 04:32:55,85.6,27.5,6.6,3.01,0.0,0.0,0.0,29.1,0.0,summer,False,False,False,False,False,0.0,0.0
2024-12-06 05:02:55,84.9,29.7,6.61,3.09,0.0,0.0,0.0,29.1,0.0,summer,False,False,False,False,False,0.0,0.0
2024-12-06 05:32:55,83.3,24.5,6.77,3.14,0.0,0.0,0.0,29.1,0.0,summer,False,False,False,False,False,0.0,0.0
2024-12-06 06:02:55,82.4,32.6,6.8,3.1,0.0,0.0,0.0,27.7,40.3,summer,True,True,False,False,False,0.0,11.3
2024-12-06 06:32:55,91.3,27.6,6.74,3.19,0.0,0.0,0.0,27.7,0.0,summer,False,False,False,False,False,0.0,0.0
2024-12-06 07:02:55,91.0,28.8,6.89,3.18,0.0,0.0,0.0,27.7,0.0,summer,False,False,False,False,False,0.0,0.0
2024-12-06 07:32:55,90.8,23.7,6.9,3.15,0.0,0.0,0.0,27.7,0.0,summer,False,False,False,False,False,0.0,0.0
2024-12-06 08:02:55,90.2,31.1,6.91,3.1,0.0,0.0,0.0,25.8,25.7,summer,True,True,False,False,False,0.0,21.4
2024-12-06 08:32:55,95.0,26.0,6.83,3.18,0.0,0.0,0.0,25.8,0.0,summer,False,False,False,False,False,0.0,0.0
2024-12-06 09:02:55,94.2,38.4,6.79,3.23,0.0,0.0,0.0,24.3,49.7,summer,True,True,False,False,False,0.0,24.6
2024-12-06 09:32:55,95.0,34.4,6.82,3.35,0.0,0.0,0.0,22.5,49.1,summer,True,True,False,False,False,0.0,14.2
2024-12-06 10:02:55,95.0,26.3,6.8,3.28,0.0,0.0,0.0,22.5,0.0,summer,False,False,False,False,False,0.0,0.0
2024-12-06 10:32:55,93.7,25.0,6.71,3.28,0.0,0.0,0.0,22.5,0.0,summer,False,False,False,False,False,0.0,0.0
2024-12-06 11:02:55,92.0,24.9,6.75,3.34,0.0,0.0,0.0,22.5,0.0,summer,False,False,False,False,False,0.0,0.0
2024-12-06 11:32:55,91.4,31.4,6.67,3.38,0.0,0.0,0.0,20.4,57.0,summer,True,True,False,False,False,0.0,16.2
2024-12-06 12:02:55,95.0,38.0,6.69,3.25,0.0,0.0,0.0,18.5,38.4,summer,True,True,False,False,False,0.0,15.3
2024-12-06 12:32:55,95.0,33.9,6.64,3.23,0.0,0.0,0.0,31.1,32.0,summer,True,True,False,True,False,0.0,20.3
2024-12-06 13:02:55,95.0,32.2,6.59,3.2,0.0,0.0,0.0,28.3,54.4,summer,True,True,False,False,False,0.0,22.1
2024-12-06 13:32:55,95.0,26.8,6.64,3.15,0.0,0.0,0.0,28.3,0.0,summer,False,False,False,False,False,0.0,0.0
2024-12-06 14:02:55,94.8,25.4,6.58,3.19,0.0,0.0,0.0,28.3,0.0,summer,False,False,False,False,False,0.0,0.0
2024-12-06 14:32:55,93.4,20.9,6.54,3.17,0.0,0.0,0.0,28.3,0.0,summer,False,False,False,False,False,0.0,0.0
2024-12-06 15:02:55,92.6,29.3,6.57,3.17,0.0,0.0,0.0,28.3,0.0,summer,False,False,False,False,False,0.0,0.0
2024-12-06 15:32:55,92.4,31.4,6.59,3.17,0.0,0.0,0.0,26.3,26.6,summer,True,True,False,False,False,0.0,21.1
2024-12-06 16:02:55,95.0,30.9,6.53,3.25,0.0,0.0,0.0,23.4,20.4,summer,True,True,False,False,False,0.0,12.7
2024-12-06 16:32:55,95.0,24.9,6.48,3.26,0.0,0.0,0.0,23.4,0.0,summer,False,False,False,False,False,0.0,0.0
2024-12-06 17:02:55,94.2,22.2,6.44,3.32,0.0,0.0,0.0,23.4,0.0,summer,False,False,False,False,False,0.0,0.0
2024-12-06 17:32:55,92.9,26.3,6.51,3.33,0.0,0.0,0.0,23.4,0.0,summer,False,False,False,False,False,0.0,0.0
2024-12-06 18:02:55,92.1,30.0,6.53,3.35,0.0,0.0,0.0,23.4,0.0,summer,False,False,False,False,False,0.0,0.0
2024-12-06 18:32:55,90.7,25.8,6.61,3.37,0.0,0.0,0.0,23.4,0.0,summer,False,False,False,False,False,0.0,0.0
2024-12-06 19:02:55,90.4,27.0,6.6,3.34,0.0,0.0,0.0,23.4,0.0,summer,False,False,False,False,False,0.0,0.0
2024-12-06 19:32:55,89.7,27.1,6.63,3.27,0.0,0.0,0.0,23.4,0.0,summer,False,False,False,False,False,0.0,0.0
2024-12-06 20:02:55,87.9,28.2,6.62,3.3,0.0,0.0,0.0,23.4,0.0,summer,False,False,False,False,False,0.0,0.0
2024-12-06 20:32:55,87.5,25.5,6.53,3.33,0.0,0.0,0.0,23.4,0.0,summer,False,False,False,False,False,0.0,0.0
2024-12-06 21:02:55,86.9,28.2,6.63,3.26,0.0,0.0,0.0,23.4,0.0,summer,False,False,False,False,False,0.0,0.0
2024-12-06 21:32:55,86.1,19.9,6.74,3.25,0.0,0.0,0.0,23.4,0.0,summer,False,False,False,False,False,0.0,0.0
2024-12-06 22:02:55,85.9,18.3,6.75,3.27,0.0,0.0,0.0,23.4,0.0,summer,False,False,False,False,False,0.0,0.0
2024-12-06 22:32:55,85.1,25.7,6.71,3.29,0.0,0.0,0.0,23.4,0.0,summer,False,False,False,False,False,0.0,0.0
2024-12-06 23:02:55,84.4,35.2,6.8,3.19,0.0,0.0,0.0,21.1,52.0,summer,True,True,False,False,False,0.0,16.0
2024-12-06 23:32:55,92.3,19.9,6.87,3.24,0.0,0.0,0.0,21.1,0.0,summer,False,False,False,False,False,0.0,0.0
2024-12-07 00:02:55,92.0,23.2,6.99,3.23,0.0,0.0,0.0,21.1,0.0,summer,False,False,False,False,False,0.0,0.0
2024-12-07 00:32:55,91.9,22.7,6.95,3.27,0.0,0.0,0.0,21.1,0.0,summer,False,False,False,False,False,0.0,0.0
2024-12-07 01:02:55,90.9,17.7,6.99,3.29,0.0,0.0,0.0,21.1,0.0,summer,False,False,False,False,False,0.0,0.0
2024-12-07 01:32:55,89.3,23.4,6.96,3.33,0.0,0.0,0.0,21.1,0.0,summer,False,False,False,False,False,0.0,0.0
2024-12-07 02:02:55,87.3,27.5,6.93,3.29,0.0,0.0,0.0,21.1,0.0,summer,False,False,False,False,False,0.0,0.0
2024-12-07 02:32:55,85.3,31.2,6.91,3.27,0.0,0.0,0.0,18.6,31.3,summer,True,True,False,False,False,0.0,19.5
2024-12-07 03:02:55,90.4,37.3,6.89,3.27,0.0,0.0,0.0,26.1,34.8,summer,True,True,False,True,False,0.0,20.6
2024-12-07 03:32:55,95.0,25.2,6.9,3.29,0.0,0.0,0.0,26.1,0.0,summer,False,False,False,False,False,0.0,0.0
2024-12-07 04:02:55,95.0,30.0,6.86,3.26,0.0,0.0,0.0,23.9,22.6,summer,True,True,False,False,False,0.0,11.5
2024-12-07 04:32:55,95.0,27.3,6.92,3.29,0.0,0.0,0.0,23.9,0.0,summer,False,False,False,False,False,0.0,0.0
2024-12-07 05:02:55,93.6,25.1,6.82,3.37,0.0,0.0,0.0,23.9,0.0,summer,False,False,False,False,False,0.0,0.0
2024-12-07 05:32:55,93.3,27.4,6.76,3.41,0.0,0.0,0.0,23.9,0.0,summer,False,False,False,False,False,0.0,0.0
2024-12-07 06:02:55,91.9,25.9,6.74,3.45,0.0,0.0,0.0,23.9,0.0,summer,False,False,False,False,False,0.0,0.0
2024-12-07 06:32:55,91.9,35.0,6.83,3.46,0.0,0.0,0.0,21.2,23.1,summer,True,True,False,False,False,0.0,14.0
2024-12-07 07:02:55,95.0,23.3,6.83,3.37,0.0,0.0,0.0,21.2,0.0,summer,False,False,False,False,False,0.0,0.0
2024-12-07 07:32:55,93.6,28.1,6.77,3.37,0.0,0.0,0.0,21.2,0.0,summer,False,False,False,False,False,0.0,0.0
2024-12-07 08:02:55,92.1,20.2,6.89,3.3,0.0,0.0,0.0,21.2,0.0,summer,False,False,False,False,False,0.0,0.0
2024-12-07 08:32:55,90.9,14.4,6.86,3.21,0.0,0.0,0.0,21.2,0.0,summer,False,False,False,False,False,0.0,0.0
2024-12-07 09:02:55,89.7,31.8,6.82,3.34,0.0,0.0,0.0,18.6,34.1,summer,True,True,False,False,False,0.0,17.7
2024-12-07 09:32:55,95.0,24.3,6.85,3.33,0.0,0.0,0.0,24.9,0.0,summer,False,False,False,True,False,0.0,0.0
2024-12-07 10:02:55,94.5,29.8,6.8,3.34,0.0,0.0,0.0,24.9,0.0,summer,False,False,False,False,False,0.0,0.0
2024-12-07 10:32:55,93.1,22.0,6.77,3.29,0.0,0.0,0.0,24.9,0.0,summer,False,False,False,False,False,0.0,0.0
2024-12-07 11:02:55,92.4,27.3,6.86,3.27,0.0,0.0,0.0,24.9,0.0,summer,False,False,False,False,False,0.0,0.0
2024-12-07 11:32:55,91.3,28.9,6.86,3.2,0.0,0.0,0.0,24.9,0.0,summer,False,False,False,False,False,0.0,0.0
2024-12-07 12:02:55,89.3,22.8,6.82,3.24,0.0,0.0,0.0,24.9,0.0,summer,False,False,False,False,False,0.0,0.0
2024-12-07 12:32:55,88.0,27.1,6.87,3.27,0.0,0.0,0.0,24.9,0.0,summer,False,False,False,False,False,0.0,0.0
2024-12-07 13:02:55,87.3,28.8,6.89,3.22,0.0,0.0,0.0,24.9,0.0,summer,False,False,False,False,False,0.0,0.0
2024-12-07 13:32:55,85.8,18.2,6.87,3.32,0.0,0.0,0.0,24.9,0.0,summer,False,False,False,False,False,0.0,0.0
2024-12-07 14:02:55,84.3,26.4,6.95,3.31,0.0,0.0,0.0,24.9,0.0,summer,False,False,False,False,False,0.0,0.0
2024-12-07 14:32:55,82.6,34.7,6.91,3.34,0.0,0.0,0.0,23.3,25.3,summer,True,True,False,False,False,0.0,11.3
2024-12-07 15:02:55,90.9,21.6,6.9,3.42,0.0,0.0,0.0,23.3,0.0,summer,False,False,False,False,False,0.0,0.0
2024-12-07 15:32:55,89.3,38.2,6.84,3.46,0.0,0.0,0.0,21.0,29.6,summer,True,True,False,False,False,0.0,14.1
2024-12-07 16:02:55,95.0,37.5,6.87,3.34,0.0,0.0,0.0,18.7,55.5,summer,True,True,False,False,False,0.0,15.0
2024-12-07 16:32:55,95.0,32.5,6.93,3.43,0.0,0.0,0.0,30.4,38.2,summer,True,True,False,True,False,0.0,24.2
2024-12-07 17:02:55,95.0,31.6,6.95,3.39,0.0,0.0,0.0,27.6,53.3,summer,True,True,False,False,False,0.0,17.0
2024-12-07 17:32:55,95.0,17.0,6.95,3.46,0.0,0.0,0.0,27.6,0.0,summer,False,False,False,False,False,0.0,0.0
2024-12-07 18:02:55,93.2,29.3,6.98,3.5,0.0,0.0,0.0,27.6,0.0,summer,False,False,False,False,False,0.0,0.0
2024-12-07 18:32:55,91.8,27.9,6.91,3.5,0.0,0.0,0.0,27.6,0.0,summer,False,False,False,False,False,0.0,0.0
2024-12-07 19:02:55,90.8,29.9,6.9,3.46,0.0,0.0,0.0,27.6,0.0,summer,False,False,False,False,False,0.0,0.0
2024-12-07 19:32:55,88.8,25.6,6.96,3.49,0.0,0.0,0.0,27.6,0.0,summer,False,False,False,False,False,0.0,0.0
2024-12-07 20:02:55,86.9,31.6,6.97,3.5,0.0,0.0,0.0,26.0,34.0,summer,True,True,False,False,False,0.0,12.4
2024-12-07 20:32:55,92.2,23.0,6.88,3.47,0.0,0.0,0.0,26.0,0.0,summer,False,False,False,False,False,0.0,0.0
2024-12-07 21:02:55,90.3,27.2,6.97,3.48,0.0,0.0,0.0,26.0,0.0,summer,False,False,False,False,False,0.0,0.0
2024-12-07 21:32:55,89.4,18.0,6.94,3.5,0.0,0.0,0.0,26.0,0.0,summer,False,False,False,False,False,0.0,0.0
2024-12-07 22:02:55,88.6,24.7,6.88,3.43,0.0,0.0,0.0,26.0,0.0,summer,False,False,False,False,False,0.0,0.0
2024-12-07 22:32:55,87.3,17.6,6.77,3.48,0.0,0.0,0.0,26.0,0.0,summer,False,False,False,False,False,0.0,0.0
2024-12-07 23:02:55,87.1,23.4,6.73,3.45,0.0,0.0,0.0,26.0,0.0,summer,False,False,False,False,False,0.0,0.0
2024-12-07 23:32:55,85.9,26.9,6.74,3.42,0.0,0.0,0.0,26.0,0.0,summer,False,False,False,False,False,0.0,0.0
2024-12-08 00:02:55,84.9,23.7,6.68,3.5,0.0,0.0,0.0,26.0,0.0,summer,False,False,False,False,False,0.0,0.0
2024-12-08 00:32:55,84.7,28.2,6.76,3.43,0.0,0.0,0.0,26.0,0.0,summer,False,False,False,False,False,0.0,0.0
2024-12-08 01:02:55,83.2,26.4,6.83,3.5,0.0,0.0,0.0,26.0,0.0,summer,False,False,False,False,False,0.0,0.0
2024-12-08 01:32:55,81.6,30.2,6.84,3.5,0.0,0.0,0.0,24.4,48.7,summer,True,True,False,False,False,0.0,18.7
2024-12-08 02:02:55,90.1,29.5,6.81,3.46,0.0,0.0,0.0,24.4,0.0,summer,False,False,False,False,False,0.0,0.0
2024-12-08 02:32:55,88.2,36.2,6.87,3.5,0.0,0.0,0.0,22.3,36.5,summer,True,True,False,False,False,0.0,14.7
2024-12-08 03:02:55,95.0,29.8,6.86,3.5,0.0,0.0,0.0,22.3,0.0,summer,False,False,False,False,False,0.0,0.0
2024-12-08 03:32:55,93.3,23.4,6.85,3.43,0.0,0.0,0.0,22.3,0.0,summer,False,False,False,False,False,0.0,0.0
2024-12-08 04:02:55,92.0,22.4,6.88,3.36,0.0,0.0,0.0,22.3,0.0,summer,False,False,False,False,False,0.0,0.0
2024-12-08 04:32:55,91.1,27.8,6.89,3.42,0.0,0.0,0.0,22.3,0.0,summer,False,False,False,False,False,0.0,0.0
2024-12-08 05:02:55,91.1,32.2,6.92,3.39,0.0,0.0,0.0,21.2,57.4,summer,True,True,False,False,False,0.0,14.1
2024-12-08 05:32:55,95.0,21.6,6.86,3.43,0.0,0.0,0.0,21.2,0.0,summer,False,False,False,False,False,0.0,0.0
2024-12-08 06:02:55,93.1,31.2,6.87,3.5,0.0,0.0,0.0,18.2,40.8,summer,True,True,False,False,False,0.0,19.3
2024-12-08 06:32:55,95.0,27.2,6.9,3.5,0.0,0.0,0.0,28.1,0.0,summer,False,False,False,True,False,0.0,0.0
2024-12-08 07:02:55,94.1,21.4,6.93,3.5,0.0,0.0,0.0,28.1,0.0,summer,False,False,False,False,False,0.0,0.0
2024-12-08 07:32:55,93.7,19.0,6.88,3.49,0.0,0.0,0.0,28.1,0.0,summer,False,False,False,False,False,0.0,0.0
2024-12-08 08:02:55,93.3,28.9,6.82,3.46,0.0,0.0,0.0,28.1,0.0,summer,False,False,False,False,False,0.0,0.0
2024-12-08 08:32:55,92.7,24.8,6.86,3.38,0.0,0.0,0.0,28.1,0.0,summer,False,False,False,False,False,0.0,0.0
2024-12-08 09:02:55,92.6,33.8,6.85,3.37,0.0,0.0,0.0,26.5,26.6,summer,True,True,False,False,False,0.0,22.9
2024-12-08 09:32:55,95.0,23.5,6.82,3.41,0.0,0.0,0.0,26.5,0.0,summer,False,False,False,False,False,0.0,0.0
2024-12-08 10:02:55,93.4,32.0,6.81,3.44,0.0,0.0,0.0,24.0,34.0,summer,True,True,False,False,False,0.0,13.0
2024-12-08 10:32:55,95.0,32.6,6.86,3.41,0.0,0.0,0.0,22.7,58.2,summer,True,True,False,False,False,0.0,22.9
2024-12-08 11:02:55,95.0,28.1,6.77,3.39,0.0,0.0,0.0,22.7,0.0,summer,False,False,False,False,False,0.0,0.0
2024-12-08 11:32:55,94.5,25.3,6.74,3.39,0.0,0.0,0.0,22.7,0.0,summer,False,False,False,False,False,0.0,0.0
2024-12-08 12:02:55,93.3,27.1,6.72,3.34,0.0,0.0,0.0,22.7,0.0,summer,False,False,False,False,False,0.0,0.0
2024-12-08 12:32:55,92.9,17.9,6.77,3.28,0.0,0.0,0.0,22.7,0.0,summer,False,False,False,False,False,0.0,0.0
2024-12-08 13:02:55,91.2,27.9,6.78,3.32,0.0,0.0,0.0,22.7,0.0,summer,False,False,False,False,False,0.0,0.0
2024-12-08 13:32:55,90.1,29.0,6.84,3.25,0.0,0.0,0.0,22.7,0.0,summer,False,False,False,False,False,0.0,0.0
2024-12-08 14:02:55,88.5,25.2,6.91,3.33,0.0,0.0,0.0,22.7,0.0,summer,False,False,False,False,False,0.0,0.0
2024-12-08 14:32:55,87.5,27.9,6.88,3.28,0.0,0.0,0.0,22.7,0.0,summer,False,False,False,False,False,0.0,0.0
2024-12-08 15:02:55,87.2,28.5,6.92,3.34,0.0,0.0,0.0,22.7,0.0,summer,False,False,False,False,False,0.0,0.0
2024-12-08 15:32:55,85.4,21.1,6.97,3.34,0.0,0.0,0.0,22.7,0.0,summer,False,False,False,False,False,0.0,0.0
2024-12-08 16:02:55,83.8,34.1,7.01,3.37,0.0,0.0,0.0,20.9,44.9,summer,True,True,False,False,False,0.0,11.9
2024-12-08 16:32:55,90.5,24.3,7.05,3.43,0.0,0.0,0.0,20.9,0.0,summer,False,False,False,False,False,0.0,0.0
2024-12-08 17:02:55,88.8,24.0,7.15,3.39,0.0,0.0,0.0,20.9,0.0,summer,False,False,False,False,False,0.0,0.0
2024-12-08 17:32:55,88.2,13.7,7.04,3.37,0.0,0.0,0.0,20.9,0.0,summer,False,False,False,False,False,0.0,0.0
2024-12-08 18:02:55,87.4,19.1,7.04,3.33,0.0,0.0,0.0,20.9,0.0,summer,False,False,False,False,False,0.0,0.0
2024-12-08 18:32:55,87.0,31.4,7.03,3.34,0.0,0.0,0.0,18.7,44.2,summer,True,True,False,False,False,0.0,12.0
2024-12-08 19:02:55,91.9,25.8,7.07,3.28,0.0,0.0,0.0,30.3,0.0,summer,False,False,False,True,False,0.0,0.0
2024-12-08 19:32:55,90.9,24.4,7.1,3.28,0.0,0.0,0.0,30.3,0.0,summer,False,False,False,False,False,0.0,0.0
2024-12-08 20:02:55,90.0,32.2,7.07,3.27,0.0,0.0,0.0,27.7,25.7,summer,True,True,False,False,False,0.0,12.2
2024-12-08 20:32:55,95.0,16.7,7.1,3.25,0.0,0.0,0.0,27.7,0.0,summer,False,False,False,False,False,0.0,0.0
2024-12-08 21:02:55,93.2,22.3,7.18,3.23,0.0,0.0,0.0,27.7,0.0,summer,False,False,False,False,False,0.0,0.0
2024-12-08 21:32:55,92.5,28.0,7.2,3.15,0.0,0.0,0.0,27.7,0.0,summer,False,False,False,False,False,0.0,0.0
2024-12-08 22:02:55,91.4,22.4,7.1,3.17,0.0,0.0,0.0,27.7,0.0,summer,False,False,False,False,False,0.0,0.0
2024-12-08 22:32:55,91.0,30.3,7.07,3.14,0.0,0.0,0.0,24.9,30.9,summer,True,True,False,False,False,0.0,16.3
2024-12-08 23:02:55,95.0,25.7,7.05,3.12,0.0,0.0,0.0,24.9,0.0,summer,False,False,False,False,False,0.0,0.0
2024-12-08 23:32:55,94.8,22.5,7.03,3.09,0.0,0.0,0.0,24.9,0.0,summer,False,False,False,False,False,0.0,0.0
2024-12-09 00:02:55,93.2,24.6,7.03,3.16,0.0,0.0,0.0,24.9,0.0,summer,False,False,False,False,False,0.0,0.0
2024-12-09 00:32:55,93.1,22.1,6.99,3.16,0.0,0.0,0.0,24.9,0.0,summer,False,False,False,False,False,0.0,0.0
2024-12-09 01:02:55,92.7,28.6,6.96,3.13,0.0,0.0,0.0,24.9,0.0,summer,False,False,False,False,False,0.0,0.0
2024-12-09 01:32:55,90.8,20.2,7.05,3.11,0.0,0.0,0.0,24.9,0.0,summer,False,False,False,False,False,0.0,0.0
2024-12-09 02:02:55,90.1,32.9,7.03,3.04,0.0,0.0,0.0,23.4,46.1,summer,True,True,False,False,False,0.0,11.3
2024-12-09 02:32:55,95.0,21.5,7.0,3.1,0.0,0.0,0.0,23.4,0.0,summer,False,False,False,False,False,0.0,0.0
2024-12-09 03:02:55,94.0,26.6,7.01,3.13,0.0,0.0,0.0,23.4,0.0,summer,False,False,False,False,False,0.0,0.0
2024-12-09 03:32:55,92.0,33.9,7.01,3.24,0.0,0.0,0.0,21.1,54.3,summer,True,True,False,False,False,0.0,23.2
2024-12-09 04:02:55,95.0,28.4,7.05,3.23,0.0,0.0,0.0,21.1,0.0,summer,False,False,False,False,False,0.0,0.0
2024-12-09 04:32:55,93.8,29.4,7.06,3.23,0.0,0.0,0.0,21.1,0.0,summer,False,False,False,False,False,0.0,0.0
2024-12-09 05:02:55,92.6,31.5,7.07,3.26,0.0,0.0,0.0,20.1,49.5,summer,True,True,False,False,False,0.0,11.5
2024-12-09 05:32:55,95.0,25.8,7.08,3.29,0.0,0.0,0.0,20.1,0.0,summer,False,False,False,False,False,0.0,0.0
2024-12-09 06:02:55,94.6,34.8,7.14,3.3,0.0,0.0,0.0,19.0,59.5,summer,True,True,False,False,False,0.0,17.5
2024-12-09 06:32:55,95.0,20.6,7.12,3.33,0.0,0.0,0.0,26.8,0.0,summer,False,False,False,True,False,0.0,0.0
2024-12-09 07:02:55,93.4,25.3,7.13,3.23,0.0,0.0,0.0,26.8,0.0,summer,False,False,False,False,False,0.0,0.0
2024-12-09 07:32:55,92.3,28.8,7.22,3.25,0.0,0.0,0.0,26.8,0.0,summer,False,False,False,False,False,0.0,0.0
2024-12-09 08:02:55,90.8,22.5,7.23,3.3,0.0,0.0,0.0,26.8,0.0,summer,False,False,False,False,False,0.0,0.0
2024-12-09 08:32:55,89.4,36.2,7.15,3.28,0.0,0.0,0.0,24.3,35.0,summer,True,True,False,False,False,0.0,20.3
2024-12-09 09:02:55,95.0,31.8,7.14,3.32,0.0,0.0,0.0,22.2,55.1,summer,True,True,False,False,False,0.0,10.4
2024-12-09 09:32:55,95.0,29.3,7.12,3.38,0.0,0.0,0.0,22.2,0.0,summer,False,False,False,False,False,0.0,0.0
2024-12-09 10:02:55,94.5,28.4,7.11,3.4,0.0,0.0,0.0,22.2,0.0,summer,False,False,False,False,False,0.0,0.0
2024-12-09 10:32:55,93.2,30.2,7.06,3.31,0.0,0.0,0.0,20.6,25.7,summer,True,True,False,False,False,0.0,12.2
2024-12-09 11:02:55,95.0,30.8,7.07,3.26,0.0,0.0,0.0,19.1,51.9,summer,True,True,False,False,False,0.0,24.1
2024-12-09 11:32:55,95.0,27.9,7.0,3.33,0.0,0.0,0.0,27.9,0.0,summer,False,False,False,True,False,0.0,0.0
2024-12-09 12:02:55,94.5,32.0,7.02,3.29,0.0,0.0,0.0,26.6,35.3,summer,True,True,False,False,False,0.0,12.6
2024-12-09 12:32:55,95.0,25.8,7.0,3.3,0.0,0.0,0.0,26.6,0.0,summer,False,False,False,False,False,0.0,0.0
2024-12-09 13:02:55,93.5,35.2,7.02,3.32,0.0,0.0,0.0,25.2,42.8,summer,True,True,False,False,False,0.0,14.0
2024-12-09 13:32:55,95.0,26.2,7.08,3.25,0.0,0.0,0.0,25.2,0.0,summer,False,False,False,False,False,0.0,0.0
2024-12-09 14:02:55,94.3,19.8,7.06,3.36,0.0,0.0,0.0,25.2,0.0,summer,False,False,False,False,False,0.0,0.0
2024-12-09 14:32:55,94.0,17.9,7.08,3.39,0.0,0.0,0.0,25.2,0.0,summer,False,False,False,False,False,0.0,0.0
2024-12-09 15:02:55,93.8,27.1,7.04,3.35,0.0,0.0,0.0,25.2,0.0,summer,False,False,False,False,False,0.0,0.0
2024-12-09 15:32:55,93.4,19.8,7.02,3.33,0.0,0.0,0.0,25.2,0.0,summer,False,False,False,False,False,0.0,0.0
2024-12-09 16:02:55,92.9,27.0,6.98,3.35,0.0,0.0,0.0,25.2,0.0,summer,False,False,False,False,False,0.0,0.0
2024-12-09 16:32:55,91.7,26.3,6.97,3.35,0.0,0.0,0.0,25.2,0.0,summer,False,False,False,False,False,0.0,0.0
2024-12-09 17:02:55,89.9,29.3,6.97,3.38,0.0,0.0,0.0,25.2,0.0,summer,False,False,False,False,False,0.0,0.0
2024-12-09 17:32:55,88.7,29.3,6.96,3.33,0.0,0.0,0.0,25.2,0.0,summer,False,False,False,False,False,0.0,0.0
2024-12-09 18:02:55,87.3,25.3,6.94,3.3,0.0,0.0,0.0,25.2,0.0,summer,False,False,False,False,False,0.0,0.0
2024-12-09 18:32:55,86.5,27.6,6.82,3.26,0.0,0.0,0.0,25.2,0.0,summer,False,False,False,False,False,0.0,0.0
2024-12-09 19:02:55,85.3,16.2,6.88,3.3,0.0,0.0,0.0,25.2,0.0,summer,False,False,False,False,False,0.0,0.0
2024-12-09 19:32:55,83.7,26.3,6.94,3.32,0.0,0.0,0.0,25.2,0.0,summer,False,False,False,False,False,0.0,0.0
2024-12-09 20:02:55,83.5,23.4,6.9,3.34,0.0,0.0,0.0,25.2,0.0,summer,False,False,False,False,False,0.0,0.0
2024-12-09 20:32:55,82.4,24.0,6.83,3.41,0.0,0.0,0.0,25.2,0.0,summer,False,False,False,False,False,0.0,0.0
2024-12-09 21:02:55,80.5,23.2,6.82,3.5,0.0,0.0,0.0,25.2,0.0,summer,False,False,False,False,False,0.0,0.0
2024-12-09 21:32:55,79.6,29.8,6.79,3.45,0.0,0.0,0.0,25.2,0.0,summer,False,False,False,False,False,0.0,0.0
2024-12-09 22:02:55,78.1,21.1,6.8,3.42,0.0,0.0,0.0,25.2,0.0,summer,False,False,False,False,False,0.0,0.0
2024-12-09 22:32:55,76.7,31.1,6.73,3.4,0.0,0.0,0.0,22.5,24.4,summer,True,True,False,False,False,0.0,20.6
2024-12-09 23:02:55,83.4,22.7,6.76,3.45,0.0,0.0,0.0,22.5,0.0,summer,False,False,False,False,False,0.0,0.0
2024-12-09 23:32:55,82.2,25.4,6.69,3.48,0.0,0.0,0.0,22.5,0.0,summer,False,False,False,False,False,0.0,0.0
2024-12-10 00:02:55,82.1,32.7,6.7,3.42,0.0,0.0,0.0,20.9,47.6,summer,True,True,False,False,False,0.0,14.5
2024-12-10 00:32:55,89.6,26.9,6.71,3.48,0.0,0.0,0.0,20.9,0.0,summer,False,False,False,False,False,0.0,0.0
2024-12-10 01:02:55,88.6,25.6,6.67,3.5,0.0,0.0,0.0,20.9,0.0,summer,False,False,False,False,False,0.0,0.0
2024-12-10 01:32:55,87.2,32.5,6.56,3.5,0.0,0.0,0.0,18.4,25.7,summer,True,True,False,False,False,0.0,19.3
2024-12-10 02:02:55,95.0,25.0,6.55,3.49,0.0,0.0,0.0,31.3,0.0,summer,False,False,False,True,False,0.0,0.0
2024-12-10 02:32:55,94.0,28.6,6.52,3.45,0.0,0.0,0.0,31.3,0.0,summer,False,False,False,False,False,0.0,0.0
2024-12-10 03:02:55,93.6,24.2,6.47,3.46,0.0,0.0,0.0,31.3,0.0,summer,False,False,False,False,False,0.0,0.0
2024-12-10 03:32:55,92.6,29.7,6.56,3.42,0.0,0.0,0.0,31.3,0.0,summer,False,False,False,False,False,0.0,0.0
2024-12-10 04:02:55,91.4,25.8,6.59,3.44,0.0,0.0,0.0,31.3,0.0,summer,False,False,False,False,False,0.0,0.0
2024-12-10 04:32:55,90.7,28.1,6.65,3.4,0.0,0.0,0.0,31.3,0.0,summer,False,False,False,False,False,0.0,0.0
2024-12-10 05:02:55,89.5,26.2,6.61,3.37,0.0,0.0,0.0,31.3,0.0,summer,False,False,False,False,False,0.0,0.0
2024-12-10 05:32:55,88.3,26.4,6.58,3.34,0.0,0.0,0.0,31.3,0.0,summer,False,False,False,False,False,0.0,0.0
2024-12-10 06:02:55,87.5,31.5,6.61,3.32,0.0,0.0,0.0,29.1,48.9,summer,True,True,False,False,False,0.0,24.4
2024-12-10 06:32:55,95.0,26.5,6.64,3.38,0.0,0.0,0.0,29.1,0.0,summer,False,False,False,False,False,0.0,0.0
2024-12-10 07:02:55,93.8,22.2,6.63,3.38,0.0,0.0,0.0,29.1,0.0,summer,False,False,False,False,False,0.0,0.0
2024-12-10 07:32:55,92.3,28.9,6.62,3.35,0.0,0.0,0.0,29.1,0.0,summer,False,False,False,False,False,0.0,0.0
2024-12-10 08:02:55,92.2,31.8,6.66,3.35,0.0,0.0,0.0,26.5,24.7,summer,True,True,False,False,False,0.0,22.6
2024-12-10 08:32:55,95.0,25.3,6.66,3.32,0.0,0.0,0.0,26.5,0.0,summer,False,False,False,False,False,0.0,0.0
2024-12-10 09:02:55,94.2,23.5,6.65,3.41,0.0,0.0,0.0,26.5,0.0,summer,False,False,False,False,False,0.0,0.0
2024-12-10 09:32:55,93.1,23.7,6.59,3.34,0.0,0.0,0.0,26.5,0.0,summer,False,False,False,False,False,0.0,0.0
2024-12-10 10:02:55,92.7,26.5,6.64,3.42,0.0,0.0,0.0,26.5,0.0,summer,False,False,False,False,False,0.0,0.0
2024-12-10 10:32:55,92.1,28.7,6.55,3.45,0.0,0.0,0.0,26.5,0.0,summer,False,False,False,False,False,0.0,0.0
2024-12-10 11:02:55,91.4,38.4,6.6,3.45,0.0,0.0,0.0,25.3,50.6,summer,True,True,False,False,False,0.0,10.6
2024-12-10 11:32:55,95.0,31.2,6.58,3.5,0.0,0.0,0.0,23.2,28.5,summer,True,True,False,False,False,0.0,24.8
2024-12-10 12:02:55,95.0,31.4,6.52,3.5,0.0,0.0,0.0,21.7,30.0,summer,True,True,False,False,False,0.0,22.9
2024-12-10 12:32:55,95.0,21.8,6.57,3.5,0.0,0.0,0.0,21.7,0.0,summer,False,False,False,False,False,0.0,0.0
2024-12-10 13:02:55,94.3,35.4,6.58,3.48,0.0,0.0,0.0,20.4,55.1,summer,True,True,False,False,False,0.0,12.5
2024-12-10 13:32:55,95.0,28.1,6.58,3.5,0.0,0.0,0.0,20.4,0.0,summer,False,False,False,False,False,0.0,0.0
2024-12-10 14:02:55,93.7,27.7,6.63,3.5,0.0,0.0,0.0,20.4,0.0,summer,False,False,False,False,False,0.0,0.0
2024-12-10 14:32:55,91.8,27.0,6.62,3.5,0.0,0.0,0.0,20.4,0.0,summer,False,False,False,False,False,0.0,0.0
2024-12-10 15:02:55,90.8,37.6,6.6,3.39,0.0,0.0,0.0,18.0,51.2,summer,True,True,False,False,False,0.0,11.7
2024-12-10 15:32:55,95.0,18.6,6.6,3.38,0.0,0.0,0.0,29.7,0.0,summer,False,False,False,True,False,0.0,0.0
2024-12-10 16:02:55,93.4,26.7,6.62,3.46,0.0,0.0,0.0,29.7,0.0,summer,False,False,False,False,False,0.0,0.0
2024-12-10 16:32:55,92.2,25.5,6.54,3.46,0.0,0.0,0.0,29.7,0.0,summer,False,False,False,False,False,0.0,0.0
2024-12-10 17:02:55,91.0,27.0,6.55,3.37,0.0,0.0,0.0,29.7,0.0,summer,False,False,False,False,False,0.0,0.0
2024-12-10 17:32:55,89.1,29.7,6.43,3.42,0.0,0.0,0.0,29.7,0.0,summer,False,False,False,False,False,0.0,0.0
2024-12-10 18:02:55,89.1,21.9,6.38,3.49,0.0,0.0,0.0,29.7,0.0,summer,False,False,False,False,False,0.0,0.0
2024-12-10 18:32:55,87.7,27.1,6.39,3.5,0.0,0.0,0.0,29.7,0.0,summer,False,False,False,False,False,0.0,0.0
2024-12-10 19:02:55,85.7,28.9,6.38,3.5,0.0,0.0,0.0,29.7,0.0,summer,False,False,False,False,False,0.0,0.0
2024-12-10 19:32:55,84.6,33.4,6.33,3.49,0.0,0.0,0.0,27.7,44.6,summer,True,True,False,False,False,0.0,14.0
2024-12-10 20:02:55,88.8,24.0,6.29,3.5,0.0,0.0,0.0,27.7,0.0,summer,False,False,False,False,False,0.0,0.0
2024-12-10 20:32:55,88.5,27.5,6.25,3.48,0.0,0.0,0.0,27.7,0.0,summer,False,False,False,False,False,0.0,0.0
2024-12-10 21:02:55,86.6,25.3,6.3,3.5,0.0,0.0,0.0,27.7,0.0,summer,False,False,False,False,False,0.0,0.0
2024-12-10 21:32:55,85.3,29.6,6.34,3.48,0.0,0.0,0.0,27.7,0.0,summer,False,False,False,False,False,0.0,0.0
2024-12-10 22:02:55,84.1,33.9,6.34,3.5,0.0,0.0,0.0,25.3,31.5,summer,True,True,False,False,False,0.0,11.5
2024-12-10 22:32:55,90.7,15.1,6.26,3.5,0.0,0.0,0.0,25.3,0.0,summer,False,False,False,False,False,0.0,0.0
2024-12-10 23:02:55,89.3,25.0,6.3,3.39,0.0,0.0,0.0,25.3,0.0,summer,False,False,False,False,False,0.0,0.0
2024-12-10 23:32:55,88.2,23.3,6.34,3.34,0.0,0.0,0.0,25.3,0.0,summer,False,False,False,False,False,0.0,0.0
2024-12-11 00:02:55,86.4,21.9,6.31,3.36,0.0,0.0,0.0,25.3,0.0,summer,False,False,False,False,False,0.0,0.0
2024-12-11 00:32:55,85.7,37.6,6.33,3.32,0.0,0.0,0.0,24.2,23.6,summer,True,True,False,False,False,0.0,13.4
2024-12-11 01:02:55,94.1,23.1,6.36,3.34,0.0,0.0,0.0,24.2,0.0,summer,False,False,False,False,False,0.0,0.0
2024-12-11 01:32:55,94.0,20.5,6.34,3.32,0.0,0.0,0.0,24.2,0.0,summer,False,False,False,False,False,0.0,0.0
2024-12-11 02:02:55,93.1,31.6,6.34,3.26,0.0,0.0,0.0,23.1,23.9,summer,True,True,False,False,False,0.0,10.8
2024-12-11 02:32:55,95.0,31.3,6.34,3.23,0.0,0.0,0.0,20.7,40.6,summer,True,True,False,False,False,0.0,20.1
2024-12-11 03:02:55,95.0,27.7,6.43,3.12,0.0,0.0,0.0,20.7,0.0,summer,False,False,False,False,False,0.0,0.0
2024-12-11 03:32:55,94.5,26.8,6.43,3.12,0.0,0.0,0.0,20.7,0.0,summer,False,False,False,False,False,0.0,0.0
2024-12-11 04:02:55,92.6,25.8,6.44,3.12,0.0,0.0,0.0,20.7,0.0,summer,False,False,False,False,False,0.0,0.0
2024-12-11 04:32:55,92.2,33.1,6.43,3.12,0.0,0.0,0.0,18.0,29.7,summer,True,True,False,False,False,0.0,21.7
2024-12-11 05:02:55,95.0,26.6,6.38,3.07,0.0,0.0,0.0,32.5,0.0,summer,False,False,False,True,False,0.0,0.0
2024-12-11 05:32:55,93.4,18.9,6.3,2.97,0.0,0.0,0.0,32.5,0.0,summer,False,False,False,False,False,0.0,0.0
2024-12-11 06:02:55,91.9,20.2,6.29,2.93,0.0,0.0,0.0,32.5,0.0,summer,False,False,False,False,False,0.0,0.0
2024-12-11 06:32:55,90.0,23.9,6.28,3.01,0.0,0.0,0.0,32.5,0.0,summer,False,False,False,False,False,0.0,0.0
2024-12-11 07:02:55,89.7,25.6,6.22,2.99,0.0,0.0,0.0,32.5,0.0,summer,False,False,False,False,False,0.0,0.0
2024-12-11 07:32:55,87.9,28.7,6.18,2.93,0.0,0.0,0.0,32.5,0.0,summer,False,False,False,False,False,0.0,0.0
2024-12-11 08:02:55,87.5,27.6,6.12,3.02,0.0,0.0,0.0,32.5,0.0,summer,False,False,False,False,False,0.0,0.0
2024-12-11 08:32:55,87.0,30.6,6.13,3.06,0.0,0.0,0.0,30.3,42.2,summer,True,True,False,False,False,0.0,22.9
2024-12-11 09:02:55,91.4,38.9,6.11,3.1,0.0,0.0,0.0,28.5,25.9,summer,True,True,False,False,False,0.0,22.4
2024-12-11 09:32:55,95.0,26.3,6.14,3.15,0.0,0.0,0.0,28.5,0.0,summer,False,False,False,False,False,0.0,0.0
2024-12-11 10:02:55,94.6,25.0,6.27,3.06,0.0,0.0,0.0,28.5,0.0,summer,False,False,False,False,False,0.0,0.0
2024-12-11 10:32:55,94.6,32.1,6.21,3.03,0.0,0.0,0.0,25.7,54.4,summer,True,True,False,False,False,0.0,18.6
2024-12-11 11:02:55,95.0,24.2,6.19,3.04,0.0,0.0,0.0,25.7,0.0,summer,False,False,False,False,False,0.0,0.0
2024-12-11 11:32:55,93.6,25.9,6.15,3.06,0.0,0.0,0.0,25.7,0.0,summer,False,False,False,False,False,0.0,0.0
2024-12-11 12:02:55,92.6,20.5,6.11,3.17,0.0,0.0,0.0,25.7,0.0,summer,False,False,False,False,False,0.0,0.0
2024-12-11 12:32:55,90.8,30.6,6.18,3.2,0.0,0.0,0.0,24.5,58.0,summer,True,True,False,False,False,0.0,14.6
2024-12-11 13:02:55,95.0,27.8,6.15,3.14,0.0,0.0,0.0,24.5,0.0,summer,False,False,False,False,False,0.0,0.0
2024-12-11 13:32:55,94.3,24.2,6.12,3.15,0.0,0.0,0.0,24.5,0.0,summer,False,False,False,False,False,0.0,0.0
2024-12-11 14:02:55,94.3,27.8,6.12,3.17,0.0,0.0,0.0,24.5,0.0,summer,False,False,False,False,False,0.0,0.0
2024-12-11 14:32:55,93.9,21.2,6.15,3.14,0.0,0.0,0.0,24.5,0.0,summer,False,False,False,False,False,0.0,0.0
2024-12-11 15:02:55,92.9,27.1,6.2,3.05,0.0,0.0,0.0,24.5,0.0,summer,False,False,False,False,False,0.0,0.0
2024-12-11 15:32:55,91.1,23.0,6.21,3.14,0.0,0.0,0.0,24.5,0.0,summer,False,False,False,False,False,0.0,0.0
2024-12-11 16:02:55,90.0,27.8,6.15,3.25,0.0,0.0,0.0,24.5,0.0,summer,False,False,False,False,False,0.0,0.0
2024-12-11 16:32:55,88.6,21.5,6.12,3.27,0.0,0.0,0.0,24.5,0.0,summer,False,False,False,False,False,0.0,0.0
2024-12-11 17:02:55,88.5,26.4,6.15,3.21,0.0,0.0,0.0,24.5,0.0,summer,False,False,False,False,False,0.0,0.0
2024-12-11 17:32:55,87.7,24.9,6.13,3.31,0.0,0.0,0.0,24.5,0.0,summer,False,False,False,False,False,0.0,0.0
2024-12-11 18:02:55,86.0,28.9,6.15,3.32,0.0,0.0,0.0,24.5,0.0,summer,False,False,False,False,False,0.0,0.0
2024-12-11 18:32:55,85.2,32.4,6.11,3.3,0.0,0.0,0.0,22.8,32.3,summer,True,True,False,False,False,0.0,10.5
2024-12-11 19:02:55,93.7,27.4,6.08,3.36,0.0,0.0,0.0,22.8,0.0,summer,False,False,False,False,False,0.0,0.0
2024-12-11 19:32:55,91.8,24.6,6.07,3.37,0.0,0.0,0.0,22.8,0.0,summer,False,False,False,False,False,0.0,0.0
2024-12-11 20:02:55,89.9,25.1,6.04,3.41,0.0,0.0,0.0,22.8,0.0,summer,False,False,False,False,False,0.0,0.0
2024-12-11 20:32:55,88.0,32.5,6.16,3.43,0.0,0.0,0.0,20.4,42.4,summer,True,True,False,False,False,0.0,12.7
2024-12-11 21:02:55,92.8,29.0,6.09,3.39,0.0,0.0,0.0,20.4,0.0,summer,False,False,False,False,False,0.0,0.0
2024-12-11 21:32:55,92.2,13.3,6.1,3.4,0.0,0.0,0.0,20.4,0.0,summer,False,False,False,False,False,0.0,0.0
2024-12-11 22:02:55,90.3,26.9,6.12,3.36,0.0,0.0,0.0,20.4,0.0,summer,False,False,False,False,False,0.0,0.0
2024-12-11 22:32:55,90.0,21.1,6.14,3.34,0.0,0.0,0.0,20.4,0.0,summer,False,False,False,False,False,0.0,0.0
2024-12-11 23:02:55,88.6,28.4,6.18,3.26,0.0,0.0,0.0,20.4,0.0,summer,False,False,False,False,False,0.0,0.0
2024-12-11 23:32:55,87.6,18.4,6.26,3.27,0.0,0.0,0.0,20.4,0.0,summer,False,False,False,False,False,0.0,0.0
2024-12-12 00:02:55,86.5,24.4,6.31,3.33,0.0,0.0,0.0,20.4,0.0,summer,False,False,False,False,False,0.0,0.0
2024-12-12 00:32:55,86.1,24.1,6.32,3.27,0.0,0.0,0.0,20.4,0.0,summer,False,False,False,False,False,0.0,0.0
2024-12-12 01:02:55,84.2,27.4,6.25,3.24,0.0,0.0,0.0,20.4,0.0,summer,False,False,False,False,False,0.0,0.0
2024-12-12 01:32:55,82.3,38.3,6.28,3.27,0.0,0.0,0.0,18.4,26.4,summer,True,True,False,False,False,0.0,12.0
2024-12-12 02:02:55,87.0,32.1,6.27,3.21,0.0,0.0,0.0,21.7,49.9,summer,True,True,False,True,False,0.0,15.0
2024-12-12 02:32:55,94.4,22.9,6.31,3.22,0.0,0.0,0.0,21.7,0.0,summer,False,False,False,False,False,0.0,0.0
2024-12-12 03:02:55,93.2,29.3,6.39,3.24,0.0,0.0,0.0,21.7,0.0,summer,False,False,False,False,False,0.0,0.0
2024-12-12 03:32:55,92.7,31.2,6.43,3.25,0.0,0.0,0.0,20.7,23.0,summer,True,True,False,False,False,0.0,19.3
2024-12-12 04:02:55,95.0,29.2,6.53,3.27,0.0,0.0,0.0,20.7,0.0,summer,False,False,False,False,False,0.0,0.0
2024-12-12 04:32:55,93.4,31.8,6.48,3.22,0.0,0.0,0.0,17.8,51.3,summer,True,True,False,False,False,0.0,21.7
2024-12-12 05:02:55,95.0,29.5,6.45,3.21,0.0,0.0,0.0,29.5,0.0,summer,False,False,False,True,False,0.0,0.0
2024-12-12 05:32:55,93.3,19.4,6.44,3.3,0.0,0.0,0.0,29.5,0.0,summer,False,False,False,False,False,0.0,0.0
2024-12-12 06:02:55,93.2,29.0,6.38,3.3,0.0,0.0,0.0,29.5,0.0,summer,False,False,False,False,False,0.0,0.0
2024-12-12 06:32:55,91.9,27.9,6.43,3.3,0.0,0.0,0.0,29.5,0.0,summer,False,False,False,False,False,0.0,0.0
2024-12-12 07:02:55,90.9,19.9,6.42,3.33,0.0,0.0,0.0,29.5,0.0,summer,False,False,False,False,False,0.0,0.0
2024-12-12 07:32:55,90.7,28.5,6.3,3.31,0.0,0.0,0.0,29.5,0.0,summer,False,False,False,False,False,0.0,0.0
2024-12-12 08:02:55,90.1,29.0,6.28,3.42,0.0,0.0,0.0,29.5,0.0,summer,False,False,False,False,False,0.0,0.0
2024-12-12 08:32:55,88.9,28.7,6.29,3.45,0.0,0.0,0.0,29.5,0.0,summer,False,False,False,False,False,0.0,0.0
2024-12-12 09:02:55,88.2,23.7,6.34,3.43,0.0,0.0,0.0,29.5,0.0,summer,False,False,False,False,False,0.0,0.0
2024-12-12 09:32:55,86.9,24.6,6.31,3.41,0.0,0.0,0.0,29.5,0.0,summer,False,False,False,False,False,0.0,0.0
2024-12-12 10:02:55,86.0,33.4,6.27,3.42,0.0,0.0,0.0,27.9,56.4,summer,True,True,False,False,False,0.0,14.7
2024-12-12 10:32:55,94.7,29.7,6.26,3.35,0.0,0.0,0.0,27.9,0.0,summer,False,False,False,False,False,0.0,0.0
2024-12-12 11:02:55,94.4,34.3,6.19,3.35,0.0,0.0,0.0,25.3,28.8,summer,True,True,False,False,False,0.0,22.0
2024-12-12 11:32:55,95.0,35.7,6.17,3.28,0.0,0.0,0.0,23.0,20.7,summer,True,True,False,False,False,0.0,22.8
2024-12-12 12:02:55,95.0,25.8,6.11,3.27,0.0,0.0,0.0,23.0,0.0,summer,False,False,False,False,False,0.0,0.0
2024-12-12 12:32:55,94.4,23.6,6.14,3.26,0.0,0.0,0.0,23.0,0.0,summer,False,False,False,False,False,0.0,0.0
2024-12-12 13:02:55,93.5,30.0,6.03,3.24,0.0,0.0,0.0,23.0,0.0,summer,False,False,False,False,False,0.0,0.0
2024-12-12 13:32:55,92.4,29.1,5.99,3.18,0.0,0.0,0.0,23.0,0.0,summer,False,False,False,False,False,0.0,0.0
2024-12-12 14:02:55,91.7,24.6,5.95,3.25,0.0,0.0,0.0,23.0,0.0,summer,False,False,False,False,False,0.0,0.0
2024-12-12 14:32:55,91.3,24.9,6.02,3.27,0.0,0.0,0.0,23.0,0.0,summer,False,False,False,False,False,0.0,0.0
2024-12-12 15:02:55,91.3,24.8,6.08,3.18,0.0,0.0,0.0,23.0,0.0,summer,False,False,False,False,False,0.0,0.0
2024-12-12 15:32:55,90.0,22.8,6.03,3.22,0.0,0.0,0.0,23.0,0.0,summer,False,False,False,False,False,0.0,0.0
2024-12-12 16:02:55,90.0,25.6,6.0,3.21,0.0,0.0,0.0,23.0,0.0,summer,False,False,False,False,False,0.0,0.0
2024-12-12 16:32:55,89.1,28.0,6.01,3.16,0.0,0.0,0.0,23.0,0.0,summer,False,False,False,False,False,0.0,0.0
2024-12-12 17:02:55,88.8,30.8,6.03,3.17,0.0,0.0,0.0,20.4,30.0,summer,True,True,False,False,False,0.0,17.6
2024-12-12 17:32:55,95.0,28.3,6.02,3.11,0.0,0.0,0.0,20.4,0.0,summer,False,False,False,False,False,0.0,0.0
2024-12-12 18:02:55,93.1,20.0,6.08,3.09,0.0,0.0,0.0,20.4,0.0,summer,False,False,False,False,False,0.0,0.0
2024-12-12 18:32:55,91.4,28.5,6.01,3.09,0.0,0.0,0.0,20.4,0.0,summer,False,False,False,False,False,0.0,0.0
2024-12-12 19:02:55,89.9,26.4,6.05,3.09,0.0,0.0,0.0,20.4,0.0,summer,False,False,False,False,False,0.0,0.0
2024-12-12 19:32:55,89.3,29.3,6.11,3.11,0.0,0.0,0.0,20.4,0.0,summer,False,False,False,False,False,0.0,0.0
2024-12-12 20:02:55,88.7,22.3,6.19,3.02,0.0,0.0,0.0,20.4,0.0,summer,False,False,False,False,False,0.0,0.0
2024-12-12 20:32:55,87.6,29.3,6.24,3.02,0.0,0.0,0.0,20.4,0.0,summer,False,False,False,False,False,0.0,0.0
2024-12-12 21:02:55,85.6,24.6,6.22,2.98,0.0,0.0,0.0,20.4,0.0,summer,False,False,False,False,False,0.0,0.0
2024-12-12 21:32:55,84.1,32.3,6.22,3.0,0.0,0.0,0.0,18.7,23.6,summer,True,True,False,False,False,0.0,10.9
2024-12-12 22:02:55,92.3,20.5,6.24,2.99,0.0,0.0,0.0,28.5,0.0,summer,False,False,False,True,False,0.0,0.0
2024-12-12 22:32:55,90.4,31.2,6.25,3.03,0.0,0.0,0.0,27.4,23.8,summer,True,True,False,False,False,0.0,20.0
2024-12-12 23:02:55,95.0,22.4,6.26,3.08,0.0,0.0,0.0,27.4,0.0,summer,False,False,False,False,False,0.0,0.0
2024-12-12 23:32:55,93.4,26.5,6.27,3.16,0.0,0.0,0.0,27.4,0.0,summer,False,False,False,False,False,0.0,0.0
2024-12-13 00:02:55,93.0,40.0,6.35,3.19,0.0,0.0,0.0,24.8,43.3,summer,True,True,False,False,False,0.0,17.1
2024-12-13 00:32:55,95.0,28.9,6.49,3.16,0.0,0.0,0.0,24.8,0.0,summer,False,False,False,False,False,0.0,0.0
2024-12-13 01:02:55,94.7,24.5,6.57,3.17,0.0,0.0,0.0,24.8,0.0,summer,False,False,False,False,False,0.0,0.0
2024-12-13 01:32:55,94.0,25.5,6.49,3.11,0.0,0.0,0.0,24.8,0.0,summer,False,False,False,False,False,0.0,0.0
2024-12-13 02:02:55,93.2,31.3,6.44,3.12,0.0,0.0,0.0,22.9,27.1,summer,True,True,False,False,False,0.0,16.9
2024-12-13 02:32:55,95.0,24.4,6.44,3.1,0.0,0.0,0.0,22.9,0.0,summer,False,False,False,False,False,0.0,0.0
2024-12-13 03:02:55,93.3,38.6,6.43,3.12,0.0,0.0,0.0,20.4,30.0,summer,True,True,False,False,False,0.0,17.8
2024-12-13 03:32:55,95.0,23.1,6.37,3.05,0.0,0.0,0.0,20.4,0.0,summer,False,False,False,False,False,0.0,0.0
2024-12-13 04:02:55,93.3,26.4,6.43,3.03,0.0,0.0,0.0,20.4,0.0,summer,False,False,False,False,False,0.0,0.0
2024-12-13 04:32:55,92.3,34.3,6.42,2.96,0.0,0.0,0.0,18.4,36.5,summer,True,True,False,False,False,0.0,16.2
2024-12-13 05:02:55,95.0,31.4,6.43,2.98,0.0,0.0,0.0,23.0,41.2,summer,True,True,False,True,False,0.0,19.4
2024-12-13 05:32:55,95.0,30.2,6.5,2.93,0.0,0.0,0.0,21.7,41.9,summer,True,True,False,False,False,0.0,19.3
2024-12-13 06:02:55,95.0,23.7,6.51,3.07,0.0,0.0,0.0,21.7,0.0,summer,False,False,False,False,False,0.0,0.0
2024-12-13 06:32:55,93.4,26.6,6.53,3.08,0.0,0.0,0.0,21.7,0.0,summer,False,False,False,False,False,0.0,0.0
2024-12-13 07:02:55,92.7,38.3,6.45,3.11,0.0,0.0,0.0,20.4,59.0,summer,True,True,False,False,False,0.0,19.8
2024-12-13 07:32:55,95.0,27.7,6.43,3.01,0.0,0.0,0.0,20.4,0.0,summer,False,False,False,False,False,0.0,0.0
2024-12-13 08:02:55,93.0,24.5,6.4,2.92,0.0,0.0,0.0,20.4,0.0,summer,False,False,False,False,False,0.0,0.0
2024-12-13 08:32:55,91.9,36.1,6.39,2.95,0.0,0.0,0.0,17.8,41.7,summer,True,True,False,False,False,0.0,21.6
2024-12-13 09:02:55,95.0,20.8,6.45,2.99,0.0,0.0,0.0,29.9,0.0,summer,False,False,False,True,False,0.0,0.0
2024-12-13 09:32:55,94.6,23.4,6.38,3.04,0.0,0.0,0.0,29.9,0.0,summer,False,False,False,False,False,0.0,0.0
2024-12-13 10:02:55,94.1,13.9,6.36,3.03,0.0,0.0,0.0,29.9,0.0,summer,False,False,False,False,False,0.0,0.0
2024-12-13 10:32:55,93.8,21.2,6.43,3.05,0.0,0.0,0.0,29.9,0.0,summer,False,False,False,False,False,0.0,0.0
2024-12-13 11:02:55,92.8,28.9,6.51,3.03,0.0,0.0,0.0,29.9,0.0,summer,False,False,False,False,False,0.0,0.0
2024-12-13 11:32:55,90.8,23.0,6.5,3.06,0.0,0.0,0.0,29.9,0.0,summer,False,False,False,False,False,0.0,0.0
2024-12-13 12:02:55,90.3,33.2,6.62,3.06,0.0,0.0,0.0,27.2,32.3,summer,True,True,False,False,False,0.0,16.1
2024-12-13 12:32:55,95.0,22.6,6.63,3.07,0.0,0.0,0.0,27.2,0.0,summer,False,False,False,False,False,0.0,0.0
2024-12-13 13:02:55,94.0,19.7,6.68,3.1,0.0,0.0,0.0,27.2,0.0,summer,False,False,False,False,False,0.0,0.0
2024-12-13 13:32:55,92.3,19.9,6.7,3.1,0.0,0.0,0.0,27.2,0.0,summer,False,False,False,False,False,0.0,0.0
2024-12-13 14:02:55,92.0,23.6,6.77,3.11,0.0,0.0,0.0,27.2,0.0,summer,False,False,False,False,False,0.0,0.0
2024-12-13 14:32:55,90.6,25.9,6.73,3.06,0.0,0.0,0.0,27.2,0.0,summer,False,False,False,False,False,0.0,0.0
2024-12-13 15:02:55,89.1,26.7,6.69,3.07,0.0,0.0,0.0,27.2,0.0,summer,False,False,False,False,False,0.0,0.0
2024-12-13 15:32:55,87.2,24.1,6.67,3.07,0.0,0.0,0.0,27.2,0.0,summer,False,False,False,False,False,0.0,0.0
2024-12-13 16:02:55,87.1,18.7,6.68,3.11,0.0,0.0,0.0,27.2,0.0,summer,False,False,False,False,False,0.0,0.0
2024-12-13 16:32:55,85.3,26.4,6.66,3.13,0.0,0.0,0.0,27.2,0.0,summer,False,False,False,False,False,0.0,0.0
2024-12-13 17:02:55,83.7,27.8,6.66,3.12,0.0,0.0,0.0,27.2,0.0,summer,False,False,False,False,False,0.0,0.0
2024-12-13 17:32:55,83.5,26.0,6.69,3.17,0.0,0.0,0.0,27.2,0.0,summer,False,False,False,False,False,0.0,0.0
2024-12-13 18:02:55,81.9,34.4,6.64,3.16,0.0,0.0,0.0,24.3,59.0,summer,True,True,False,False,False,0.0,24.2
2024-12-13 18:32:55,91.6,27.5,6.66,3.2,0.0,0.0,0.0,24.3,0.0,summer,False,False,False,False,False,0.0,0.0
2024-12-13 19:02:55,90.8,22.8,6.66,3.19,0.0,0.0,0.0,24.3,0.0,summer,False,False,False,False,False,0.0,0.0
2024-12-13 19:32:55,89.6,24.5,6.67,3.26,0.0,0.0,0.0,24.3,0.0,summer,False,False,False,False,False,0.0,0.0
2024-12-13 20:02:55,88.3,27.2,6.65,3.28,0.0,0.0,0.0,24.3,0.0,summer,False,False,False,False,False,0.0,0.0
2024-12-13 20:32:55,88.2,21.9,6.62,3.36,0.0,0.0,0.0,24.3,0.0,summer,False,False,False,False,False,0.0,0.0
2024-12-13 21:02:55,86.2,18.8,6.7,3.38,0.0,0.0,0.0,24.3,0.0,summer,False,False,False,False,False,0.0,0.0
2024-12-13 21:32:55,85.0,24.6,6.75,3.37,0.0,0.0,0.0,24.3,0.0,summer,False,False,False,False,False,0.0,0.0
2024-12-13 22:02:55,83.9,30.3,6.76,3.34,0.0,0.0,0.0,22.9,57.7,summer,True,True,False,False,False,0.0,15.3
2024-12-13 22:32:55,93.8,27.9,6.74,3.29,0.0,0.0,0.0,22.9,0.0,summer,False,False,False,False,False,0.0,0.0
2024-12-13 23:02:55,93.2,29.7,6.69,3.26,0.0,0.0,0.0,22.9,0.0,summer,False,False,False,False,False,0.0,0.0
2024-12-13 23:32:55,92.3,22.7,6.69,3.23,0.0,0.0,0.0,22.9,0.0,summer,False,False,False,False,False,0.0,0.0
2024-12-14 00:02:55,90.8,29.9,6.59,3.35,0.0,0.0,0.0,22.9,0.0,summer,False,False,False,False,False,0.0,0.0
2024-12-14 00:32:55,89.4,23.3,6.62,3.31,0.0,0.0,0.0,22.9,0.0,summer,False,False,False,False,False,0.0,0.0
2024-12-14 01:02:55,87.8,23.6,6.63,3.35,0.0,0.0,0.0,22.9,0.0,summer,False,False,False,False,False,0.0,0.0
2024-12-14 01:32:55,85.9,27.4,6.72,3.33,0.0,0.0,0.0,22.9,0.0,summer,False,False,False,False,False,0.0,0.0
2024-12-14 02:02:55,85.7,26.6,6.77,3.29,0.0,0.0,0.0,22.9,0.0,summer,False,False,False,False,False,0.0,0.0
2024-12-14 02:32:55,83.7,32.1,6.73,3.34,0.0,0.0,0.0,21.6,43.5,summer,True,True,False,False,False,0.0,11.6
2024-12-14 03:02:55,89.7,36.2,6.72,3.31,0.0,0.0,0.0,19.2,42.3,summer,True,True,False,False,False,0.0,19.8
2024-12-14 03:32:55,95.0,21.3,6.68,3.31,0.0,0.0,0.0,29.1,0.0,summer,False,False,False,True,False,0.0,0.0
2024-12-14 04:02:55,94.0,21.0,6.79,3.34,0.0,0.0,0.0,29.1,0.0,summer,False,False,False,False,False,0.0,0.0
2024-12-14 04:32:55,93.7,20.9,6.81,3.37,0.0,0.0,0.0,29.1,0.0,summer,False,False,False,False,False,0.0,0.0
2024-12-14 05:02:55,92.4,25.1,6.89,3.42,0.0,0.0,0.0,29.1,0.0,summer,False,False,False,False,False,0.0,0.0
2024-12-14 05:32:55,90.8,29.7,6.92,3.41,0.0,0.0,0.0,29.1,0.0,summer,False,False,False,False,False,0.0,0.0
2024-12-14 06:02:55,89.8,27.9,6.93,3.49,0.0,0.0,0.0,29.1,0.0,summer,False,False,False,False,False,0.0,0.0
2024-12-14 06:32:55,87.9,27.2,6.96,3.47,0.0,0.0,0.0,29.1,0.0,summer,False,False,False,False,False,0.0,0.0
2024-12-14 07:02:55,86.6,34.3,6.97,3.46,0.0,0.0,0.0,26.1,24.5,summer,True,True,False,False,False,0.0,24.7
2024-12-14 07:32:55,95.0,21.9,7.02,3.5,0.0,0.0,0.0,26.1,0.0,summer,False,False,False,False,False,0.0,0.0
2024-12-14 08:02:55,94.1,34.9,7.03,3.47,0.0,0.0,0.0,23.9,39.3,summer,True,True,False,False,False,0.0,21.5
2024-12-14 08:32:55,95.0,27.0,7.04,3.39,0.0,0.0,0.0,23.9,0.0,summer,False,False,False,False,False,0.0,0.0
2024-12-14 09:02:55,93.3,20.1,6.96,3.31,0.0,0.0,0.0,23.9,0.0,summer,False,False,False,False,False,0.0,0.0
2024-12-14 09:32:55,92.0,21.6,6.9,3.38,0.0,0.0,0.0,23.9,0.0,summer,False,False,False,False,False,0.0,0.0
2024-12-14 10:02:55,91.8,29.7,6.89,3.39,0.0,0.0,0.0,23.9,0.0,summer,False,False,False,False,False,0.0,0.0
2024-12-14 10:32:55,90.2,24.2,6.92,3.37,0.0,0.0,0.0,23.9,0.0,summer,False,False,False,False,False,0.0,0.0
2024-12-14 11:02:55,89.2,16.6,7.0,3.38,0.0,0.0,0.0,23.9,0.0,summer,False,False,False,False,False,0.0,0.0
2024-12-14 11:32:55,87.6,28.0,6.97,3.38,0.0,0.0,0.0,23.9,0.0,summer,False,False,False,False,False,0.0,0.0
2024-12-14 12:02:55,87.4,24.2,6.9,3.34,0.0,0.0,0.0,23.9,0.0,summer,False,False,False,False,False,0.0,0.0
2024-12-14 12:32:55,87.0,23.1,6.95,3.3,0.0,0.0,0.0,23.9,0.0,summer,False,False,False,False,False,0.0,0.0
2024-12-14 13:02:55,86.3,21.1,6.9,3.29,0.0,0.0,0.0,23.9,0.0,summer,False,False,False,False,False,0.0,0.0
2024-12-14 13:32:55,84.5,29.5,6.98,3.29,0.0,0.0,0.0,23.9,0.0,summer,False,False,False,False,False,0.0,0.0
2024-12-14 14:02:55,84.3,22.2,6.97,3.31,0.0,0.0,0.0,23.9,0.0,summer,False,False,False,False,False,0.0,0.0
2024-12-14 14:32:55,82.4,37.4,7.06,3.33,0.0,0.0,0.0,21.5,35.1,summer,True,True,False,False,False,0.0,13.9
2024-12-14 15:02:55,88.9,26.4,7.03,3.35,0.0,0.0,0.0,21.5,0.0,summer,False,False,False,False,False,0.0,0.0
2024-12-14 15:32:55,87.5,29.1,7.08,3.29,0.0,0.0,0.0,21.5,0.0,summer,False,False,False,False,False,0.0,0.0
2024-12-14 16:02:55,86.8,29.5,7.06,3.32,0.0,0.0,0.0,21.5,0.0,summer,False,False,False,False,False,0.0,0.0
2024-12-14 16:32:55,86.6,26.0,7.1,3.33,0.0,0.0,0.0,21.5,0.0,summer,False,False,False,False,False,0.0,0.0
2024-12-14 17:02:55,85.9,29.2,7.06,3.3,0.0,0.0,0.0,21.5,0.0,summer,False,False,False,False,False,0.0,0.0
2024-12-14 17:32:55,84.1,28.9,7.06,3.31,0.0,0.0,0.0,21.5,0.0,summer,False,False,False,False,False,0.0,0.0
2024-12-14 18:02:55,82.4,27.5,7.12,3.27,0.0,0.0,0.0,21.5,0.0,summer,False,False,False,False,False,0.0,0.0
2024-12-14 18:32:55,81.1,18.1,7.12,3.24,0.0,0.0,0.0,21.5,0.0,summer,False,False,False,False,False,0.0,0.0
2024-12-14 19:02:55,80.9,31.6,7.17,3.24,0.0,0.0,0.0,18.8,21.1,summer,True,True,False,False,False,0.0,10.6
2024-12-14 19:32:55,87.0,29.0,7.19,3.28,0.0,0.0,0.0,30.8,0.0,summer,False,False,False,True,False,0.0,0.0
2024-12-14 20:02:55,85.4,22.9,7.18,3.35,0.0,0.0,0.0,30.8,0.0,summer,False,False,False,False,False,0.0,0.0
2024-12-14 20:32:55,84.7,13.4,7.13,3.29,0.0,0.0,0.0,30.8,0.0,summer,False,False,False,False,False,0.0,0.0
2024-12-14 21:02:55,83.9,30.9,7.23,3.31,0.0,0.0,0.0,28.8,30.4,summer,True,True,False,False,False,0.0,11.7
2024-12-14 21:32:55,93.5,30.3,7.25,3.24,0.0,0.0,0.0,26.5,34.6,summer,True,True,False,False,False,0.0,14.2
2024-12-14 22:02:55,95.0,28.5,7.22,3.2,0.0,0.0,0.0,26.5,0.0,summer,False,False,False,False,False,0.0,0.0
2024-12-14 22:32:55,93.4,31.9,7.23,3.18,0.0,0.0,0.0,23.7,40.6,summer,True,True,False,False,False,0.0,23.8
2024-12-14 23:02:55,95.0,27.1,7.17,3.07,0.0,0.0,0.0,23.7,0.0,summer,False,False,False,False,False,0.0,0.0
2024-12-14 23:32:55,93.5,26.0,7.27,3.0,0.0,0.0,0.0,23.7,0.0,summer,False,False,False,False,False,0.0,0.0
2024-12-15 00:02:55,91.7,20.6,7.24,3.06,0.0,0.0,0.0,23.7,0.0,summer,False,False,False,False,False,0.0,0.0
2024-12-15 00:32:55,91.1,25.1,7.34,3.0,0.0,0.0,0.0,23.7,0.0,summer,False,False,False,False,False,0.0,0.0
2024-12-15 01:02:55,89.2,27.9,7.45,3.07,0.0,0.0,0.0,23.7,0.0,summer,False,False,False,False,False,0.0,0.0
2024-12-15 01:32:55,88.6,26.6,7.46,3.07,0.0,0.0,0.0,23.7,0.0,summer,False,False,False,False,False,0.0,0.0
2024-12-15 02:02:55,88.0,20.8,7.44,3.06,0.0,0.0,0.0,23.7,0.0,summer,False,False,False,False,False,0.0,0.0
2024-12-15 02:32:55,87.2,30.1,7.51,2.95,0.0,0.0,0.0,21.3,50.9,summer,True,True,False,False,False,0.0,16.5
2024-12-15 03:02:55,95.0,33.6,7.49,2.88,0.0,0.0,0.0,20.2,45.2,summer,True,True,False,False,False,0.0,20.2
2024-12-15 03:32:55,95.0,25.4,7.49,2.88,0.0,0.0,0.0,20.2,0.0,summer,False,False,False,False,False,0.0,0.0
2024-12-15 04:02:55,94.5,26.3,7.55,2.92,0.0,0.0,0.0,20.2,0.0,summer,False,False,False,False,False,0.0,0.0
2024-12-15 04:32:55,94.4,22.2,7.48,2.99,0.0,0.0,0.0,20.2,0.0,summer,False,False,False,False,False,0.0,0.0
2024-12-15 05:02:55,93.1,26.3,7.41,3.01,0.0,0.0,0.0,20.2,0.0,summer,False,False,False,False,False,0.0,0.0
2024-12-15 05:32:55,92.8,26.4,7.44,2.91,0.0,0.0,0.0,20.2,0.0,summer,False,False,False,False,False,0.0,0.0
2024-12-15 06:02:55,91.3,29.1,7.45,2.87,0.0,0.0,0.0,20.2,0.0,summer,False,False,False,False,False,0.0,0.0
2024-12-15 06:32:55,90.7,29.6,7.49,2.87,0.0,0.0,0.0,20.2,0.0,summer,False,False,False,False,False,0.0,0.0
2024-12-15 07:02:55,89.2,26.8,7.46,2.93,0.0,0.0,0.0,20.2,0.0,summer,False,False,False,False,False,0.0,0.0
2024-12-15 07:32:55,87.8,28.1,7.45,2.96,0.0,0.0,0.0,20.2,0.0,summer,False,False,False,False,False,0.0,0.0
2024-12-15 08:02:55,87.7,24.5,7.43,3.01,0.0,0.0,0.0,20.2,0.0,summer,False,False,False,False,False,0.0,0.0
2024-12-15 08:32:55,87.3,28.2,7.38,3.06,0.0,0.0,0.0,20.2,0.0,summer,False,False,False,False,False,0.0,0.0
2024-12-15 09:02:55,86.5,35.3,7.33,3.09,0.0,0.0,0.0,18.7,37.6,summer,True,True,False,False,False,0.0,20.1
2024-12-15 09:32:55,94.7,21.8,7.31,3.11,0.0,0.0,0.0,30.2,0.0,summer,False,False,False,True,False,0.0,0.0
2024-12-15 10:02:55,94.7,18.5,7.32,3.11,0.0,0.0,0.0,30.2,0.0,summer,False,False,False,False,False,0.0,0.0
2024-12-15 10:32:55,93.1,22.5,7.38,3.11,0.0,0.0,0.0,30.2,0.0,summer,False,False,False,False,False,0.0,0.0
2024-12-15 11:02:55,91.5,24.6,7.37,3.11,0.0,0.0,0.0,30.2,0.0,summer,False,False,False,False,False,0.0,0.0
2024-12-15 11:32:55,90.3,26.3,7.39,3.18,0.0,0.0,0.0,30.2,0.0,summer,False,False,False,False,False,0.0,0.0
2024-12-15 12:02:55,89.5,25.1,7.3,3.09,0.0,0.0,0.0,30.2,0.0,summer,False,False,False,False,False,0.0,0.0
2024-12-15 12:32:55,87.9,23.0,7.33,3.17,0.0,0.0,0.0,30.2,0.0,summer,False,False,False,False,False,0.0,0.0
2024-12-15 13:02:55,87.7,28.4,7.36,3.2,0.0,0.0,0.0,30.2,0.0,summer,False,False,False,False,False,0.0,0.0
2024-12-15 13:32:55,86.1,19.6,7.34,3.27,0.0,0.0,0.0,30.2,0.0,summer,False,False,False,False,False,0.0,0.0
2024-12-15 14:02:55,84.6,33.9,7.28,3.3,0.0,0.0,0.0,28.4,33.3,summer,True,True,False,False,False,0.0,15.6
2024-12-15 14:32:55,94.2,25.8,7.32,3.24,0.0,0.0,0.0,28.4,0.0,summer,False,False,False,False,False,0.0,0.0
2024-12-15 15:02:55,93.3,22.7,7.33,3.23,0.0,0.0,0.0,28.4,0.0,summer,False,False,False,False,False,0.0,0.0
2024-12-15 15:32:55,92.1,19.7,7.29,3.27,0.0,0.0,0.0,28.4,0.0,summer,False,False,False,False,False,0.0,0.0
2024-12-15 16:02:55,90.5,28.5,7.28,3.3,0.0,0.0,0.0,28.4,0.0,summer,False,False,False,False,False,0.0,0.0
2024-12-15 16:32:55,90.1,38.1,7.29,3.33,0.0,0.0,0.0,27.2,47.4,summer,True,True,False,False,False,0.0,11.9
2024-12-15 17:02:55,94.9,27.4,7.29,3.28,0.0,0.0,0.0,27.2,0.0,summer,False,False,False,False,False,0.0,0.0
2024-12-15 17:32:55,94.6,23.2,7.29,3.33,0.0,0.0,0.0,27.2,0.0,summer,False,False,False,False,False,0.0,0.0
2024-12-15 18:02:55,93.7,28.9,7.31,3.32,0.0,0.0,0.0,27.2,0.0,summer,False,False,False,False,False,0.0,0.0
2024-12-15 18:32:55,92.1,25.5,7.27,3.29,0.0,0.0,0.0,27.2,0.0,summer,False,False,False,False,False,0.0,0.0
2024-12-15 19:02:55,90.2,34.0,7.24,3.32,0.0,0.0,0.0,24.5,33.0,summer,True,True,False,False,False,0.0,15.6
2024-12-15 19:32:55,95.0,32.3,7.15,3.31,0.0,0.0,0.0,23.0,38.5,summer,True,True,False,False,False,0.0,15.1
2024-12-15 20:02:55,95.0,31.7,7.1,3.29,0.0,0.0,0.0,21.9,41.0,summer,True,True,False,False,False,0.0,12.9
2024-12-15 20:32:55,95.0,24.1,7.0,3.36,0.0,0.0,0.0,21.9,0.0,summer,False,False,False,False,False,0.0,0.0
2024-12-15 21:02:55,93.4,31.7,7.0,3.43,0.0,0.0,0.0,19.7,35.4,summer,True,True,False,False,False,0.0,20.8
2024-12-15 21:32:55,95.0,30.0,6.94,3.47,0.0,0.0,0.0,25.8,23.4,summer,True,True,False,True,False,0.0,11.2
2024-12-15 22:02:55,95.0,32.8,6.92,3.5,0.0,0.0,0.0,24.4,54.1,summer,True,True,False,False,False,0.0,20.4
2024-12-15 22:32:55,95.0,18.9,6.9,3.5,0.0,0.0,0.0,24.4,0.0,summer,False,False,False,False,False,0.0,0.0
2024-12-15 23:02:55,93.4,23.2,6.93,3.46,0.0,0.0,0.0,24.4,0.0,summer,False,False,False,False,False,0.0,0.0
2024-12-15 23:32:55,92.8,24.4,6.95,3.47,0.0,0.0,0.0,24.4,0.0,summer,False,False,False,False,False,0.0,0.0
2024-12-16 00:02:55,91.6,26.5,6.87,3.46,0.0,0.0,0.0,24.4,0.0,summer,False,False,False,False,False,0.0,0.0
2024-12-16 00:32:55,89.7,25.9,6.92,3.38,0.0,0.0,0.0,24.4,0.0,summer,False,False,False,False,False,0.0,0.0
2024-12-16 01:02:55,88.8,23.0,7.0,3.5,0.0,0.0,0.0,24.4,0.0,summer,False,False,False,False,False,0.0,0.0
2024-12-16 01:32:55,87.8,27.3,6.92,3.42,0.0,0.0,0.0,24.4,0.0,summer,False,False,False,False,False,0.0,0.0
2024-12-16 02:02:55,86.2,29.2,6.89,3.31,0.0,0.0,0.0,24.4,0.0,summer,False,False,False,False,False,0.0,0.0
2024-12-16 02:32:55,86.0,30.2,6.89,3.38,0.0,0.0,0.0,23.2,47.4,summer,True,True,False,False,False,0.0,19.0
2024-12-16 03:02:55,91.0,28.5,6.87,3.42,0.0,0.0,0.0,23.2,0.0,summer,False,False,False,False,False,0.0,0.0
2024-12-16 03:32:55,90.2,27.9,6.94,3.38,0.0,0.0,0.0,23.2,0.0,summer,False,False,False,False,False,0.0,0.0
2024-12-16 04:02:55,88.2,29.4,6.83,3.39,0.0,0.0,0.0,23.2,0.0,summer,False,False,False,False,False,0.0,0.0
2024-12-16 04:32:55,86.3,30.9,6.77,3.29,0.0,0.0,0.0,21.5,45.3,summer,True,True,False,False,False,0.0,14.8
2024-12-16 05:02:55,90.4,25.4,6.77,3.32,0.0,0.0,0.0,21.5,0.0,summer,False,False,False,False,False,0.0,0.0
2024-12-16 05:32:55,90.4,17.9,6.77,3.28,0.0,0.0,0.0,21.5,0.0,summer,False,False,False,False,False,0.0,0.0
2024-12-16 06:02:55,89.8,31.2,6.67,3.23,0.0,0.0,0.0,18.7,49.2,summer,True,True,False,False,False,0.0,14.6
2024-12-16 06:32:55,95.0,26.3,6.71,3.15,0.0,0.0,0.0,27.3,0.0,summer,False,False,False,True,False,0.0,0.0
2024-12-16 07:02:55,93.4,35.6,6.64,3.13,0.0,0.0,0.0,24.8,20.9,summer,True,True,False,False,False,0.0,15.4
2024-12-16 07:32:55,95.0,22.1,6.65,3.12,0.0,0.0,0.0,24.8,0.0,summer,False,False,False,False,False,0.0,0.0
2024-12-16 08:02:55,93.2,34.7,6.57,3.16,0.0,0.0,0.0,23.2,31.6,summer,True,True,False,False,False,0.0,12.8
2024-12-16 08:32:55,95.0,25.3,6.57,3.1,0.0,0.0,0.0,23.2,0.0,summer,False,False,False,False,False,0.0,0.0
2024-12-16 09:02:55,93.2,31.9,6.51,3.09,0.0,0.0,0.0,22.2,37.0,summer,True,True,False,False,False,0.0,18.2
2024-12-16 09:32:55,95.0,36.5,6.53,3.07,0.0,0.0,0.0,20.3,44.4,summer,True,True,False,False,False,0.0,22.8
2024-12-16 10:02:55,95.0,27.3,6.46,3.1,0.0,0.0,0.0,20.3,0.0,summer,False,False,False,False,False,0.0,0.0
2024-12-16 10:32:55,93.4,27.7,6.49,3.07,0.0,0.0,0.0,20.3,0.0,summer,False,False,False,False,False,0.0,0.0
2024-12-16 11:02:55,91.9,22.2,6.54,3.09,0.0,0.0,0.0,20.3,0.0,summer,False,False,False,False,False,0.0,0.0
2024-12-16 11:32:55,91.9,26.4,6.56,3.01,0.0,0.0,0.0,20.3,0.0,summer,False,False,False,False,False,0.0,0.0
2024-12-16 12:02:55,91.1,31.6,6.56,3.05,0.0,0.0,0.0,17.5,44.0,summer,True,True,False,False,False,0.0,23.9
2024-12-16 12:32:55,95.0,33.0,6.59,3.03,0.0,0.0,0.0,27.9,49.4,summer,True,True,False,True,False,0.0,11.4
2024-12-16 13:02:55,95.0,27.6,6.55,2.99,0.0,0.0,0.0,27.9,0.0,summer,False,False,False,False,False,0.0,0.0
2024-12-16 13:32:55,94.5,13.9,6.44,2.97,0.0,0.0,0.0,27.9,0.0,summer,False,False,False,False,False,0.0,0.0
2024-12-16 14:02:55,93.4,25.9,6.53,2.89,0.0,0.0,0.0,27.9,0.0,summer,False,False,False,False,False,0.0,0.0
2024-12-16 14:32:55,91.5,28.7,6.59,2.87,0.0,0.0,0.0,27.9,0.0,summer,False,False,False,False,False,0.0,0.0
2024-12-16 15:02:55,89.6,24.4,6.57,2.89,0.0,0.0,0.0,27.9,0.0,summer,False,False,False,False,False,0.0,0.0
2024-12-16 15:32:55,87.9,20.0,6.57,2.87,0.0,0.0,0.0,27.9,0.0,summer,False,False,False,False,False,0.0,0.0
2024-12-16 16:02:55,87.2,30.1,6.57,2.85,0.0,0.0,0.0,25.1,32.4,summer,True,True,False,False,False,0.0,23.6
2024-12-16 16:32:55,95.0,28.2,6.64,2.94,0.0,0.0,0.0,25.1,0.0,summer,False,False,False,False,False,0.0,0.0
2024-12-16 17:02:55,94.1,26.9,6.76,3.02,0.0,0.0,0.0,25.1,0.0,summer,False,False,False,False,False,0.0,0.0
2024-12-16 17:32:55,92.2,25.4,6.81,2.97,0.0,0.0,0.0,25.1,0.0,summer,False,False,False,False,False,0.0,0.0
2024-12-16 18:02:55,91.3,24.1,6.82,3.04,0.0,0.0,0.0,25.1,0.0,summer,False,False,False,False,False,0.0,0.0
2024-12-16 18:32:55,90.8,21.9,6.83,2.97,0.0,0.0,0.0,25.1,0.0,summer,False,False,False,False,False,0.0,0.0
2024-12-16 19:02:55,89.7,31.7,6.78,2.92,0.0,0.0,0.0,22.7,22.7,summer,True,True,False,False,False,0.0,14.6
2024-12-16 19:32:55,95.0,35.4,6.88,2.92,0.0,0.0,0.0,21.0,29.3,summer,True,True,False,False,False,0.0,24.6
2024-12-16 20:02:55,95.0,22.9,6.96,2.88,0.0,0.0,0.0,21.0,0.0,summer,False,False,False,False,False,0.0,0.0
2024-12-16 20:32:55,94.7,32.5,7.03,2.93,0.0,0.0,0.0,18.9,59.5,summer,True,True,False,False,False,0.0,15.0
2024-12-16 21:02:55,95.0,25.2,7.01,2.93,0.0,0.0,0.0,24.0,0.0,summer,False,False,False,True,False,0.0,0.0
2024-12-16 21:32:55,93.7,22.7,6.98,2.88,0.0,0.0,0.0,24.0,0.0,summer,False,False,False,False,False,0.0,0.0
2024-12-16 22:02:55,91.9,25.8,7.0,2.92,0.0,0.0,0.0,24.0,0.0,summer,False,False,False,False,False,0.0,0.0
2024-12-16 22:32:55,90.1,23.6,7.04,2.91,0.0,0.0,0.0,24.0,0.0,summer,False,False,False,False,False,0.0,0.0
2024-12-16 23:02:55,89.8,24.4,7.1,2.94,0.0,0.0,0.0,24.0,0.0,summer,False,False,False,False,False,0.0,0.0
2024-12-16 23:32:55,88.6,26.1,7.09,2.96,0.0,0.0,0.0,24.0,0.0,summer,False,False,False,False,False,0.0,0.0
2024-12-17 00:02:55,87.6,22.6,7.11,2.98,0.0,0.0,0.0,24.0,0.0,summer,False,False,False,False,False,0.0,0.0
2024-12-17 00:32:55,85.8,24.1,7.17,2.94,0.0,0.0,0.0,24.0,0.0,summer,False,False,False,False,False,0.0,0.0
2024-12-17 01:02:55,85.3,30.2,7.23,3.02,0.0,0.0,0.0,23.0,29.2,summer,True,True,False,False,False,0.0,12.6
2024-12-17 01:32:55,91.5,23.6,7.31,3.04,0.0,0.0,0.0,23.0,0.0,summer,False,False,False,False,False,0.0,0.0
2024-12-17 02:02:55,90.8,35.7,7.35,3.0,0.0,0.0,0.0,20.5,48.0,summer,True,True,False,False,False,0.0,19.9
2024-12-17 02:32:55,95.0,30.5,7.27,3.01,0.0,0.0,0.0,19.1,20.3,summer,True,True,False,False,False,0.0,21.7
2024-12-17 03:02:55,95.0,32.3,7.2,2.97,0.0,0.0,0.0,26.9,49.0,summer,True,True,False,True,False,0.0,19.4
2024-12-17 03:32:55,95.0,24.1,7.25,3.07,0.0,0.0,0.0,26.9,0.0,summer,False,False,False,False,False,0.0,0.0
2024-12-17 04:02:55,93.5,33.1,7.26,3.13,0.0,0.0,0.0,24.3,53.3,summer,True,True,False,False,False,0.0,18.0
2024-12-17 04:32:55,95.0,26.9,7.2,3.06,0.0,0.0,0.0,24.3,0.0,summer,False,False,False,False,False,0.0,0.0
2024-12-17 05:02:55,94.2,27.1,7.23,3.08,0.0,0.0,0.0,24.3,0.0,summer,False,False,False,False,False,0.0,0.0
2024-12-17 05:32:55,93.8,32.7,7.22,3.08,0.0,0.0,0.0,23.0,24.4,summer,True,True,False,False,False,0.0,14.7
2024-12-17 06:02:55,95.0,27.3,7.32,3.1,0.0,0.0,0.0,23.0,0.0,summer,False,False,False,False,False,0.0,0.0
2024-12-17 06:32:55,93.7,26.5,7.21,3.06,0.0,0.0,0.0,23.0,0.0,summer,False,False,False,False,False,0.0,0.0
2024-12-17 07:02:55,93.1,22.6,7.19,3.1,0.0,0.0,0.0,23.0,0.0,summer,False,False,False,False,False,0.0,0.0
2024-12-17 07:32:55,92.9,30.5,7.23,3.02,0.0,0.0,0.0,21.4,28.3,summer,True,True,False,False,False,0.0,17.7
2024-12-17 08:02:55,95.0,27.2,7.28,3.0,0.0,0.0,0.0,21.4,0.0,summer,False,False,False,False,False,0.0,0.0
2024-12-17 08:32:55,93.3,23.4,7.34,2.98,0.0,0.0,0.0,21.4,0.0,summer,False,False,False,False,False,0.0,0.0
2024-12-17 09:02:55,92.7,28.4,7.34,3.0,0.0,0.0,0.0,21.4,0.0,summer,False,False,False,False,False,0.0,0.0
2024-12-17 09:32:55,91.3,24.8,7.39,3.02,0.0,0.0,0.0,21.4,0.0,summer,False,False,False,False,False,0.0,0.0
2024-12-17 10:02:55,90.4,19.8,7.34,2.93,0.0,0.0,0.0,21.4,0.0,summer,False,False,False,False,False,0.0,0.0
2024-12-17 10:32:55,89.6,34.4,7.39,2.94,0.0,0.0,0.0,18.6,55.6,summer,True,True,False,False,False,0.0,19.7
2024-12-17 11:02:55,95.0,20.4,7.45,2.88,0.0,0.0,0.0,29.7,0.0,summer,False,False,False,True,False,0.0,0.0
2024-12-17 11:32:55,93.1,22.7,7.45,2.86,0.0,0.0,0.0,29.7,0.0,summer,False,False,False,False,False,0.0,0.0
2024-12-17 12:02:55,91.5,30.5,7.49,2.74,0.0,0.0,0.0,27.0,55.6,summer,True,True,False,False,False,0.0,15.9
2024-12-17 12:32:55,95.0,33.2,7.48,2.68,0.0,0.0,0.0,24.3,42.4,summer,True,True,False,False,False,0.0,11.2
2024-12-17 13:02:55,95.0,26.7,7.49,2.7,0.0,0.0,0.0,24.3,0.0,summer,False,False,False,False,False,0.0,0.0
2024-12-17 13:32:55,93.1,27.1,7.4,2.68,0.0,0.0,0.0,24.3,0.0,summer,False,False,False,False,False,0.0,0.0
2024-12-17 14:02:55,92.3,31.8,7.44,2.72,0.0,0.0,0.0,21.3,29.6,summer,True,True,False,False,False,0.0,24.2
2024-12-17 14:32:55,95.0,33.5,7.49,2.69,0.0,0.0,0.0,20.1,47.1,summer,True,True,False,False,False,0.0,12.4
2024-12-17 15:02:55,95.0,31.8,7.42,2.71,0.0,0.0,0.0,19.1,26.3,summer,True,True,False,False,False,0.0,12.1
2024-12-17 15:32:55,95.0,32.1,7.38,2.65,0.0,0.0,0.0,24.6,56.2,summer,True,True,False,True,False,0.0,14.0
2024-12-17 16:02:55,95.0,20.1,7.31,2.73,0.0,0.0,0.0,24.6,0.0,summer,False,False,False,False,False,0.0,0.0
2024-12-17 16:32:55,94.5,35.0,7.3,2.73,0.0,0.0,0.0,22.9,55.2,summer,True,True,False,False,False,0.0,12.0
2024-12-17 17:02:55,95.0,22.6,7.22,2.74,0.0,0.0,0.0,22.9,0.0,summer,False,False,False,False,False,0.0,0.0
2024-12-17 17:32:55,93.4,23.5,7.27,2.66,0.0,0.0,0.0,22.9,0.0,summer,False,False,False,False,False,0.0,0.0
2024-12-17 18:02:55,93.2,26.9,7.27,2.67,0.0,0.0,0.0,22.9,0.0,summer,False,False,False,False,False,0.0,0.0
2024-12-17 18:32:55,91.9,24.7,7.24,2.76,0.0,0.0,0.0,22.9,0.0,summer,False,False,False,False,False,0.0,0.0
2024-12-17 19:02:55,90.6,24.0,7.2,2.74,0.0,0.0,0.0,22.9,0.0,summer,False,False,False,False,False,0.0,0.0
2024-12-17 19:32:55,90.2,35.6,7.2,2.69,0.0,0.0,0.0,21.8,52.7,summer,True,True,False,False,False,0.0,20.9
2024-12-17 20:02:55,95.0,28.6,7.26,2.71,0.0,0.0,0.0,21.8,0.0,summer,False,False,False,False,False,0.0,0.0
2024-12-17 20:32:55,94.9,26.7,7.26,2.64,0.0,0.0,0.0,21.8,0.0,summer,False,False,False,False,False,0.0,0.0
2024-12-17 21:02:55,93.4,31.5,7.35,2.69,0.0,0.0,0.0,20.0,45.8,summer,True,True,False,False,False,0.0,17.5
2024-12-17 21:32:55,95.0,29.0,7.36,2.7,0.0,0.0,0.0,20.0,0.0,summer,False,False,False,False,False,0.0,0.0
2024-12-17 22:02:55,93.9,28.9,7.34,2.74,0.0,0.0,0.0,20.0,0.0,summer,False,False,False,False,False,0.0,0.0
2024-12-17 22:32:55,93.9,30.3,7.4,2.79,0.0,0.0,0.0,17.9,30.9,summer,True,True,False,False,False,0.0,22.6
2024-12-17 23:02:55,95.0,28.3,7.39,2.84,0.0,0.0,0.0,25.6,0.0,summer,False,False,False,True,False,0.0,0.0
2024-12-17 23:32:55,93.8,32.5,7.43,2.79,0.0,0.0,0.0,23.6,43.6,summer,True,True,False,False,False,0.0,10.7
2024-12-18 00:02:55,95.0,33.3,7.42,2.76,0.0,0.0,0.0,20.9,58.2,summer,True,True,False,False,False,0.0,17.8
2024-12-18 00:32:55,95.0,30.7,7.5,2.73,0.0,0.0,0.0,18.0,33.6,summer,True,True,False,False,False,0.0,12.3
2024-12-18 01:02:55,95.0,25.7,7.51,2.67,0.0,0.0,0.0,32.9,0.0,summer,False,False,False,True,False,0.0,0.0
2024-12-18 01:32:55,94.1,31.8,7.55,2.58,0.0,0.0,0.0,30.0,56.2,summer,True,True,False,False,False,0.0,16.5
2024-12-18 02:02:55,95.0,32.4,7.57,2.55,0.0,0.0,0.0,28.1,52.4,summer,True,True,False,False,False,0.0,21.8
2024-12-18 02:32:55,95.0,26.0,7.57,2.56,0.0,0.0,0.0,28.1,0.0,summer,False,False,False,False,False,0.0,0.0
2024-12-18 03:02:55,93.3,17.2,7.58,2.57,0.0,0.0,0.0,28.1,0.0,summer,False,False,False,False,False,0.0,0.0
2024-12-18 03:32:55,91.8,25.9,7.62,2.59,0.0,0.0,0.0,28.1,0.0,summer,False,False,False,False,False,0.0,0.0
2024-12-18 04:02:55,89.9,27.3,7.57,2.51,0.0,0.0,0.0,28.1,0.0,summer,False,False,False,False,False,0.0,0.0
2024-12-18 04:32:55,88.2,13.9,7.62,2.47,0.0,0.0,0.0,28.1,0.0,summer,False,False,False,False,False,0.0,0.0
2024-12-18 05:02:55,87.4,23.9,7.55,2.43,0.0,0.0,0.0,28.1,0.0,summer,False,False,False,False,False,0.0,0.0
2024-12-18 05:32:55,86.3,27.9,7.6,2.38,0.0,0.0,0.0,28.1,0.0,summer,False,False,False,False,False,0.0,0.0
2024-12-18 06:02:55,84.9,29.0,7.62,2.29,0.0,0.0,0.0,28.1,0.0,summer,False,False,False,False,False,0.0,0.0
2024-12-18 06:32:55,82.9,28.3,7.53,2.18,0.0,0.0,0.0,28.1,0.0,summer,False,False,False,False,False,0.0,0.0
2024-12-18 07:02:55,82.8,26.4,7.51,2.18,0.0,0.0,0.0,28.1,0.0,summer,False,False,False,False,False,0.0,0.0
2024-12-18 07:32:55,81.1,23.1,7.43,2.3,0.0,0.0,0.0,28.1,0.0,summer,False,False,False,False,False,0.0,0.0
2024-12-18 08:02:55,80.6,23.0,7.41,2.35,0.0,0.0,0.0,28.1,0.0,summer,False,False,False,False,False,0.0,0.0
2024-12-18 08:32:55,80.1,31.2,7.34,2.33,0.0,0.0,0.0,25.4,55.2,summer,True,True,False,False,False,0.0,21.0
2024-12-18 09:02:55,86.7,31.5,7.3,2.28,0.0,0.0,0.0,24.1,27.7,summer,True,True,False,False,False,0.0,14.0
2024-12-18 09:32:55,90.9,19.6,7.3,2.36,0.0,0.0,0.0,24.1,0.0,summer,False,False,False,False,False,0.0,0.0
2024-12-18 10:02:55,90.8,36.3,7.35,2.37,0.0,0.0,0.0,22.5,34.6,summer,True,True,False,False,False,0.0,23.6
2024-12-18 10:32:55,95.0,29.2,7.39,2.4,0.0,0.0,0.0,22.5,0.0,summer,False,False,False,False,False,0.0,0.0
2024-12-18 11:02:55,94.8,23.6,7.37,2.38,0.0,0.0,0.0,22.5,0.0,summer,False,False,False,False,False,0.0,0.0
2024-12-18 11:32:55,94.5,24.2,7.29,2.54,0.0,0.0,0.0,22.5,0.0,summer,False,False,False,False,False,0.0,0.0
2024-12-18 12:02:55,93.8,30.2,7.35,2.49,0.0,0.0,0.0,20.0,23.4,summer,True,True,False,False,False,0.0,13.2
2024-12-18 12:32:55,95.0,30.3,7.35,2.53,0.0,0.0,0.0,26.1,22.4,summer,True,True,False,True,False,0.0,23.2
2024-12-18 13:02:55,95.0,27.3,7.33,2.62,0.0,0.0,0.0,26.1,0.0,summer,False,False,False,False,False,0.0,0.0
2024-12-18 13:32:55,94.3,26.5,7.27,2.68,0.0,0.0,0.0,26.1,0.0,summer,False,False,False,False,False,0.0,0.0
2024-12-18 14:02:55,93.2,27.0,7.24,2.64,0.0,0.0,0.0,26.1,0.0,summer,False,False,False,False,False,0.0,0.0
2024-12-18 14:32:55,91.6,22.8,7.27,2.68,0.0,0.0,0.0,26.1,0.0,summer,False,False,False,False,False,0.0,0.0
2024-12-18 15:02:55,90.0,19.3,7.24,2.7,0.0,0.0,0.0,26.1,0.0,summer,False,False,False,False,False,0.0,0.0
2024-12-18 15:32:55,89.5,24.8,7.24,2.7,0.0,0.0,0.0,26.1,0.0,summer,False,False,False,False,False,0.0,0.0
2024-12-18 16:02:55,89.0,18.4,7.32,2.72,0.0,0.0,0.0,26.1,0.0,summer,False,False,False,False,False,0.0,0.0
2024-12-18 16:32:55,87.8,27.9,7.26,2.69,0.0,0.0,0.0,26.1,0.0,summer,False,False,False,False,False,0.0,0.0
2024-12-18 17:02:55,86.8,31.4,7.27,2.68,0.0,0.0,0.0,24.0,23.6,summer,True,True,False,False,False,0.0,10.4
2024-12-18 17:32:55,95.0,27.4,7.3,2.73,0.0,0.0,0.0,24.0,0.0,summer,False,False,False,False,False,0.0,0.0
2024-12-18 18:02:55,94.2,26.8,7.26,2.84,0.0,0.0,0.0,24.0,0.0,summer,False,False,False,False,False,0.0,0.0
2024-12-18 18:32:55,92.9,28.1,7.25,2.8,0.0,0.0,0.0,24.0,0.0,summer,False,False,False,False,False,0.0,0.0
2024-12-18 19:02:55,91.2,28.9,7.1,2.8,0.0,0.0,0.0,24.0,0.0,summer,False,False,False,False,False,0.0,0.0
2024-12-18 19:32:55,90.3,31.9,7.18,2.74,0.0,0.0,0.0,21.3,35.9,summer,True,True,False,False,False,0.0,11.3
2024-12-18 20:02:55,95.0,30.9,7.11,2.74,0.0,0.0,0.0,18.6,56.5,summer,True,True,False,False,False,0.0,14.0
2024-12-18 20:32:55,95.0,30.8,7.11,2.79,0.0,0.0,0.0,23.3,39.5,summer,True,True,False,True,False,0.0,15.0
2024-12-18 21:02:55,95.0,25.5,7.13,2.84,0.0,0.0,0.0,23.3,0.0,summer,False,False,False,False,False,0.0,0.0
2024-12-18 21:32:55,94.5,15.3,7.24,2.84,0.0,0.0,0.0,23.3,0.0,summer,False,False,False,False,False,0.0,0.0
2024-12-18 22:02:55,94.0,29.3,7.34,2.76,0.0,0.0,0.0,23.3,0.0,summer,False,False,False,False,False,0.0,0.0
2024-12-18 22:32:55,94.0,32.9,7.29,2.75,0.0,0.0,0.0,20.4,56.2,summer,True,True,False,False,False,0.0,19.1
2024-12-18 23:02:55,95.0,9.5,7.3,2.69,0.0,0.0,0.0,20.4,0.0,summer,False,False,False,False,False,0.0,0.0
2024-12-18 23:32:55,94.3,24.8,7.34,2.68,0.0,0.0,0.0,20.4,0.0,summer,False,False,False,False,False,0.0,0.0
2024-12-19 00:02:55,93.7,27.0,7.25,2.74,0.0,0.0,0.0,20.4,0.0,summer,False,False,False,False,False,0.0,0.0
2024-12-19 00:32:55,92.4,29.8,7.28,2.8,0.0,0.0,0.0,20.4,0.0,summer,False,False,False,False,False,0.0,0.0
2024-12-19 01:02:55,91.0,22.9,7.3,2.82,0.0,0.0,0.0,20.4,0.0,summer,False,False,False,False,False,0.0,0.0
2024-12-19 01:32:55,90.0,31.8,7.27,2.78,0.0,0.0,0.0,19.2,38.2,summer,True,True,False,False,False,0.0,24.8
2024-12-19 02:02:55,95.0,22.1,7.39,2.79,0.0,0.0,0.0,28.4,0.0,summer,False,False,False,True,False,0.0,0.0
2024-12-19 02:32:55,94.0,28.2,7.35,2.84,0.0,0.0,0.0,28.4,0.0,summer,False,False,False,False,False,0.0,0.0
2024-12-19 03:02:55,93.1,40.0,7.32,2.84,0.0,0.0,0.0,25.6,50.0,summer,True,True,False,False,False,0.0,15.0
2024-12-19 03:32:55,95.0,30.2,7.32,2.85,0.0,0.0,0.0,23.8,32.5,summer,True,True,False,False,False,0.0,20.0
2024-12-19 04:02:55,95.0,21.3,7.33,2.85,0.0,0.0,0.0,23.8,0.0,summer,False,False,False,False,False,0.0,0.0
2024-12-19 04:32:55,94.6,26.3,7.3,2.85,0.0,0.0,0.0,23.8,0.0,summer,False,False,False,False,False,0.0,0.0
2024-12-19 05:02:55,94.4,31.0,7.32,2.91,0.0,0.0,0.0,21.5,54.3,summer,True,True,False,False,False,0.0,20.3
2024-12-19 05:32:55,95.0,26.1,7.36,2.91,0.0,0.0,0.0,21.5,0.0,summer,False,False,False,False,False,0.0,0.0
2024-12-19 06:02:55,94.1,26.3,7.37,2.84,0.0,0.0,0.0,21.5,0.0,summer,False,False,False,False,False,0.0,0.0
2024-12-19 06:32:55,93.7,30.2,7.29,2.85,0.0,0.0,0.0,20.5,58.7,summer,True,True,False,False,False,0.0,11.2
2024-12-19 07:02:55,95.0,27.9,7.34,2.81,0.0,0.0,0.0,20.5,0.0,summer,False,False,False,False,False,0.0,0.0
2024-12-19 07:32:55,94.4,31.9,7.39,2.7,0.0,0.0,0.0,17.9,30.1,summer,True,True,False,False,False,0.0,22.7
2024-12-19 08:02:55,95.0,38.5,7.49,2.73,0.0,0.0,0.0,23.4,36.7,summer,True,True,False,True,False,0.0,19.3
2024-12-19 08:32:55,95.0,26.6,7.44,2.69,0.0,0.0,0.0,23.4,0.0,summer,False,False,False,False,False,0.0,0.0
2024-12-19 09:02:55,93.1,29.1,7.37,2.57,0.0,0.0,0.0,23.4,0.0,summer,False,False,False,False,False,0.0,0.0
2024-12-19 09:32:55,92.5,11.9,7.39,2.55,0.0,0.0,0.0,23.4,0.0,summer,False,False,False,False,False,0.0,0.0
2024-12-19 10:02:55,91.3,28.3,7.37,2.48,0.0,0.0,0.0,23.4,0.0,summer,False,False,False,False,False,0.0,0.0
2024-12-19 10:32:55,90.7,25.3,7.47,2.42,0.0,0.0,0.0,23.4,0.0,summer,False,False,False,False,False,0.0,0.0
2024-12-19 11:02:55,89.6,24.8,7.45,2.49,0.0,0.0,0.0,23.4,0.0,summer,False,False,False,False,False,0.0,0.0
2024-12-19 11:32:55,88.9,28.7,7.48,2.52,0.0,0.0,0.0,23.4,0.0,summer,False,False,False,False,False,0.0,0.0
2024-12-19 12:02:55,87.4,28.8,7.43,2.62,0.0,0.0,0.0,23.4,0.0,summer,False,False,False,False,False,0.0,0.0
2024-12-19 12:32:55,86.4,21.5,7.5,2.58,0.0,0.0,0.0,23.4,0.0,summer,False,False,False,False,False,0.0,0.0
2024-12-19 13:02:55,84.9,35.3,7.55,2.58,0.0,0.0,0.0,21.1,56.5,summer,True,True,False,False,False,0.0,10.0
2024-12-19 13:32:55,92.3,25.8,7.57,2.59,0.0,0.0,0.0,21.1,0.0,summer,False,False,False,False,False,0.0,0.0
2024-12-19 14:02:55,90.6,20.8,7.51,2.52,0.0,0.0,0.0,21.1,0.0,summer,False,False,False,False,False,0.0,0.0
2024-12-19 14:32:55,89.6,30.9,7.51,2.52,0.0,0.0,0.0,18.9,23.2,summer,True,True,False,False,False,0.0,10.5
2024-12-19 15:02:55,95.0,27.2,7.45,2.49,0.0,0.0,0.0,30.9,0.0,summer,False,False,False,True,False,0.0,0.0
2024-12-19 15:32:55,93.2,34.6,7.38,2.49,0.0,0.0,0.0,29.4,33.8,summer,True,True,False,False,False,0.0,19.0
2024-12-19 16:02:55,95.0,23.8,7.38,2.51,0.0,0.0,0.0,29.4,0.0,summer,False,False,False,False,False,0.0,0.0
2024-12-19 16:32:55,94.9,28.4,7.34,2.47,0.0,0.0,0.0,29.4,0.0,summer,False,False,False,False,False,0.0,0.0
2024-12-19 17:02:55,94.2,39.5,7.35,2.53,0.0,0.0,0.0,26.4,25.2,summer,True,True,False,False,False,0.0,20.8
2024-12-19 17:32:55,95.0,26.9,7.3,2.53,0.0,0.0,0.0,26.4,0.0,summer,False,False,False,False,False,0.0,0.0
2024-12-19 18:02:55,94.2,30.3,7.39,2.6,0.0,0.0,0.0,25.4,53.2,summer,True,True,False,False,False,0.0,21.5
2024-12-19 18:32:55,95.0,28.3,7.43,2.61,0.0,0.0,0.0,25.4,0.0,summer,False,False,False,False,False,0.0,0.0
2024-12-19 19:02:55,94.2,26.6,7.54,2.61,0.0,0.0,0.0,25.4,0.0,summer,False,False,False,False,False,0.0,0.0
2024-12-19 19:32:55,93.2,34.5,7.54,2.71,0.0,0.0,0.0,22.7,48.2,summer,True,True,False,False,False,0.0,24.4
2024-12-19 20:02:55,95.0,26.4,7.62,2.8,0.0,0.0,0.0,22.7,0.0,summer,False,False,False,False,False,0.0,0.0
2024-12-19 20:32:55,93.8,21.4,7.74,2.84,0.0,0.0,0.0,22.7,0.0,summer,False,False,False,False,False,0.0,0.0
2024-12-19 21:02:55,93.0,29.6,7.79,2.83,0.0,0.0,0.0,22.7,0.0,summer,False,False,False,False,False,0.0,0.0
2024-12-19 21:32:55,91.2,26.5,7.71,2.93,0.0,0.0,0.0,22.7,0.0,summer,False,False,False,False,False,0.0,0.0
2024-12-19 22:02:55,89.6,24.5,7.64,2.95,0.0,0.0,0.0,22.7,0.0,summer,False,False,False,False,False,0.0,0.0
2024-12-19 22:32:55,88.7,29.8,7.66,2.92,0.0,0.0,0.0,22.7,0.0,summer,False,False,False,False,False,0.0,0.0
2024-12-19 23:02:55,86.9,20.9,7.71,2.89,0.0,0.0,0.0,22.7,0.0,summer,False,False,False,False,False,0.0,0.0
2024-12-19 23:32:55,85.5,18.8,7.74,2.9,0.0,0.0,0.0,22.7,0.0,summer,False,False,False,False,False,0.0,0.0
2024-12-20 00:02:55,84.4,24.7,7.82,2.99,0.0,0.0,0.0,22.7,0.0,summer,False,False,False,False,False,0.0,0.0
2024-12-20 00:32:55,82.9,32.1,7.84,2.96,0.0,0.0,0.0,20.2,58.4,summer,True,True,False,False,False,0.0,20.7
2024-12-20 01:02:55,88.2,24.6,7.87,2.95,0.0,0.0,0.0,20.2,0.0,summer,False,False,False,False,False,0.0,0.0
2024-12-20 01:32:55,87.9,35.4,7.95,2.99,0.0,0.0,0.0,19.0,21.4,summer,True,True,False,False,False,0.0,14.5
2024-12-20 02:02:55,93.8,22.3,7.87,2.89,0.0,0.0,0.0,27.0,0.0,summer,False,False,False,True,False,0.0,0.0
2024-12-20 02:32:55,93.0,21.7,7.96,2.85,0.0,0.0,0.0,27.0,0.0,summer,False,False,False,False,False,0.0,0.0
2024-12-20 03:02:55,91.8,23.2,7.94,2.86,0.0,0.0,0.0,27.0,0.0,summer,False,False,False,False,False,0.0,0.0
2024-12-20 03:32:55,91.4,27.9,7.96,2.94,0.0,0.0,0.0,27.0,0.0,summer,False,False,False,False,False,0.0,0.0
2024-12-20 04:02:55,89.8,25.1,8.02,2.89,0.0,0.0,0.0,27.0,0.0,summer,False,False,False,False,False,0.0,0.0
2024-12-20 04:32:55,89.7,31.8,8.05,2.88,0.0,0.0,0.0,24.8,37.7,summer,True,True,False,False,False,0.0,20.0
2024-12-20 05:02:55,95.0,25.9,8.01,2.89,0.0,0.0,0.0,24.8,0.0,summer,False,False,False,False,False,0.0,0.0
2024-12-20 05:32:55,93.4,21.4,8.01,2.89,0.0,0.0,0.0,24.8,0.0,summer,False,False,False,False,False,0.0,0.0
2024-12-20 06:02:55,92.4,27.0,7.89,2.9,0.0,0.0,0.0,24.8,0.0,summer,False,False,False,False,False,0.0,0.0
2024-12-20 06:32:55,90.5,20.1,7.9,2.91,0.0,0.0,0.0,24.8,0.0,summer,False,False,False,False,False,0.0,0.0
2024-12-20 07:02:55,88.8,28.7,8.0,2.92,0.0,0.0,0.0,24.8,0.0,summer,False,False,False,False,False,0.0,0.0
2024-12-20 07:32:55,87.6,35.3,8.0,2.96,0.0,0.0,0.0,22.1,57.7,summer,True,True,False,False,False,0.0,17.3
2024-12-20 08:02:55,91.6,24.1,8.01,3.01,0.0,0.0,0.0,22.1,0.0,summer,False,False,False,False,False,0.0,0.0
2024-12-20 08:32:55,90.6,28.4,8.05,2.98,0.0,0.0,0.0,22.1,0.0,summer,False,False,False,False,False,0.0,0.0
2024-12-20 09:02:55,89.4,20.3,8.01,2.97,0.0,0.0,0.0,22.1,0.0,summer,False,False,False,False,False,0.0,0.0
2024-12-20 09:32:55,88.8,25.1,8.08,2.93,0.0,0.0,0.0,22.1,0.0,summer,False,False,False,False,False,0.0,0.0
2024-12-20 10:02:55,88.3,28.3,8.13,2.94,0.0,0.0,0.0,22.1,0.0,summer,False,False,False,False,False,0.0,0.0
2024-12-20 10:32:55,86.8,28.3,8.2,2.92,0.0,0.0,0.0,22.1,0.0,summer,False,False,False,False,False,0.0,0.0
2024-12-20 11:02:55,86.2,23.5,8.15,2.94,0.0,0.0,0.0,22.1,0.0,summer,False,False,False,False,False,0.0,0.0
2024-12-20 11:32:55,85.2,29.5,8.17,2.9,0.0,0.0,0.0,22.1,0.0,summer,False,False,False,False,False,0.0,0.0
2024-12-20 12:02:55,84.5,29.3,8.09,2.85,0.0,0.0,0.0,22.1,0.0,summer,False,False,False,False,False,0.0,0.0
2024-12-20 12:32:55,83.2,26.9,8.02,2.92,0.0,0.0,0.0,22.1,0.0,summer,False,False,False,False,False,0.0,0.0
2024-12-20 13:02:55,82.5,26.8,8.03,2.79,0.0,0.0,0.0,22.1,0.0,summer,False,False,False,False,False,0.0,0.0
2024-12-20 13:32:55,81.0,30.9,8.1,2.78,0.0,0.0,0.0,20.0,24.6,summer,True,True,False,False,False,0.0,19.6
2024-12-20 14:02:55,89.7,19.4,8.09,2.86,0.0,0.0,0.0,20.0,0.0,summer,False,False,False,False,False,0.0,0.0
2024-12-20 14:32:55,88.8,26.8,8.06,2.9,0.0,0.0,0.0,20.0,0.0,summer,False,False,False,False,False,0.0,0.0
2024-12-20 15:02:55,88.1,21.4,8.17,2.85,0.0,0.0,0.0,20.0,0.0,summer,False,False,False,False,False,0.0,0.0
2024-12-20 15:32:55,86.7,24.3,8.16,2.77,0.0,0.0,0.0,20.0,0.0,summer,False,False,False,False,False,0.0,0.0
2024-12-20 16:02:55,85.5,28.9,8.13,2.73,0.0,0.0,0.0,20.0,0.0,summer,False,False,False,False,False,0.0,0.0
2024-12-20 16:32:55,83.6,26.2,8.15,2.74,0.0,0.0,0.0,20.0,0.0,summer,False,False,False,False,False,0.0,0.0
2024-12-20 17:02:55,83.0,28.9,8.18,2.82,0.0,0.0,0.0,20.0,0.0,summer,False,False,False,False,False,0.0,0.0
2024-12-20 17:32:55,81.6,20.6,8.17,2.85,0.0,0.0,0.0,20.0,0.0,summer,False,False,False,False,False,0.0,0.0
2024-12-20 18:02:55,80.1,24.3,8.17,2.88,0.0,0.0,0.0,20.0,0.0,summer,False,False,False,False,False,0.0,0.0
2024-12-20 18:32:55,79.5,27.4,8.15,2.88,0.0,0.0,0.0,20.0,0.0,summer,False,False,False,False,False,0.0,0.0
2024-12-20 19:02:55,78.4,23.5,8.1,2.89,0.0,0.0,0.0,20.0,0.0,summer,False,False,False,False,False,0.0,0.0
2024-12-20 19:32:55,76.6,23.1,8.09,2.9,0.0,0.0,0.0,20.0,0.0,summer,False,False,False,False,False,0.0,0.0
2024-12-20 20:02:55,75.3,26.6,8.07,2.93,0.0,0.0,0.0,20.0,0.0,summer,False,False,False,False,False,0.0,0.0
2024-12-20 20:32:55,73.8,20.4,8.1,2.83,0.0,0.0,0.0,20.0,0.0,summer,False,False,False,False,False,0.0,0.0
2024-12-20 21:02:55,72.0,31.3,8.15,2.81,0.0,0.0,0.0,18.0,46.7,summer,True,True,False,False,False,0.0,18.1
2024-12-20 21:32:55,79.5,28.9,8.04,2.87,0.0,0.0,0.0,24.4,0.0,summer,False,False,False,True,False,0.0,0.0
2024-12-20 22:02:55,78.6,32.2,7.92,2.85,0.0,0.0,0.0,22.5,52.8,summer,True,True,False,False,False,0.0,13.4
2024-12-20 22:32:55,86.0,30.8,7.94,2.81,0.0,0.0,0.0,20.7,50.1,summer,True,True,False,False,False,0.0,12.3
2024-12-20 23:02:55,93.9,38.4,7.88,2.83,0.0,0.0,0.0,19.0,42.1,summer,True,True,False,False,False,0.0,22.2
2024-12-20 23:32:55,95.0,22.7,7.94,2.9,0.0,0.0,0.0,24.5,0.0,summer,False,False,False,True,False,0.0,0.0
2024-12-21 00:02:55,93.6,35.8,7.96,2.95,0.0,0.0,0.0,21.8,21.2,summer,True,True,False,False,False,0.0,12.5
2024-12-21 00:32:55,95.0,27.5,7.9,2.96,0.0,0.0,0.0,21.8,0.0,summer,False,False,False,False,False,0.0,0.0
2024-12-21 01:02:55,93.6,17.2,7.95,2.96,0.0,0.0,0.0,21.8,0.0,summer,False,False,False,False,False,0.0,0.0
2024-12-21 01:32:55,91.7,30.3,7.95,3.0,0.0,0.0,0.0,18.9,53.7,summer,True,True,False,False,False,0.0,12.5
2024-12-21 02:02:55,95.0,28.2,7.94,3.0,0.0,0.0,0.0,25.3,0.0,summer,False,False,False,True,False,0.0,0.0
2024-12-21 02:32:55,93.4,27.4,8.04,2.96,0.0,0.0,0.0,25.3,0.0,summer,False,False,False,False,False,0.0,0.0
2024-12-21 03:02:55,91.8,32.6,7.95,2.94,0.0,0.0,0.0,24.2,43.4,summer,True,True,False,False,False,0.0,22.3
2024-12-21 03:32:55,95.0,30.3,7.97,2.91,0.0,0.0,0.0,22.4,42.9,summer,True,True,False,False,False,0.0,23.0
2024-12-21 04:02:55,95.0,27.1,7.97,2.91,0.0,0.0,0.0,22.4,0.0,summer,False,False,False,False,False,0.0,0.0
2024-12-21 04:32:55,94.1,32.6,7.98,2.93,0.0,0.0,0.0,21.1,56.2,summer,True,True,False,False,False,0.0,19.8
2024-12-21 05:02:55,95.0,16.0,7.92,2.92,0.0,0.0,0.0,21.1,0.0,summer,False,False,False,False,False,0.0,0.0
2024-12-21 05:32:55,94.1,31.5,7.9,2.91,0.0,0.0,0.0,19.4,45.1,summer,True,True,False,False,False,0.0,22.1
2024-12-21 06:02:55,95.0,34.3,7.94,2.97,0.0,0.0,0.0,30.8,20.3,summer,True,True,False,True,False,0.0,13.2
2024-12-21 06:32:55,95.0,32.8,8.04,2.9,0.0,0.0,0.0,28.3,57.4,summer,True,True,False,False,False,0.0,14.8
2024-12-21 07:02:55,95.0,24.9,8.04,2.87,0.0,0.0,0.0,28.3,0.0,summer,False,False,False,False,False,0.0,0.0
2024-12-21 07:32:55,94.9,32.4,8.15,2.93,0.0,0.0,0.0,26.8,27.2,summer,True,True,False,False,False,0.0,12.6
2024-12-21 08:02:55,95.0,19.5,8.15,2.95,0.0,0.0,0.0,26.8,0.0,summer,False,False,False,False,False,0.0,0.0
2024-12-21 08:32:55,94.6,31.4,8.1,2.99,0.0,0.0,0.0,25.0,28.7,summer,True,True,False,False,False,0.0,23.3
2024-12-21 09:02:55,95.0,32.6,8.09,3.02,0.0,0.0,0.0,22.6,22.3,summer,True,True,False,False,False,0.0,21.1
2024-12-21 09:32:55,95.0,21.9,8.07,3.0,0.0,0.0,0.0,22.6,0.0,summer,False,False,False,False,False,0.0,0.0
2024-12-21 10:02:55,94.4,32.7,8.08,2.97,0.0,0.0,0.0,20.9,58.5,summer,True,True,False,False,False,0.0,11.6
2024-12-21 10:32:55,95.0,25.0,8.06,2.99,0.0,0.0,0.0,20.9,0.0,summer,False,False,False,False,False,0.0,0.0
2024-12-21 11:02:55,93.0,22.5,8.05,3.04,0.0,0.0,0.0,20.9,0.0,summer,False,False,False,False,False,0.0,0.0
2024-12-21 11:32:55,91.1,32.8,8.08,3.0,0.0,0.0,0.0,19.1,35.4,summer,True,True,False,False,False,0.0,19.0
2024-12-21 12:02:55,95.0,31.5,8.12,2.97,0.0,0.0,0.0,27.5,29.2,summer,True,True,False,True,False,0.0,18.0
2024-12-21 12:32:55,95.0,34.1,8.18,2.98,0.0,0.0,0.0,25.0,49.6,summer,True,True,False,False,False,0.0,25.0
2024-12-21 13:02:55,95.0,23.5,8.18,2.91,0.0,0.0,0.0,25.0,0.0,summer,False,False,False,False,False,0.0,0.0
2024-12-21 13:32:55,94.6,25.2,8.14,3.0,0.0,0.0,0.0,25.0,0.0,summer,False,False,False,False,False,0.0,0.0
2024-12-21 14:02:55,94.1,23.3,8.18,3.04,0.0,0.0,0.0,25.0,0.0,summer,False,False,False,False,False,0.0,0.0
2024-12-21 14:32:55,93.9,23.6,8.1,3.09,0.0,0.0,0.0,25.0,0.0,summer,False,False,False,False,False,0.0,0.0
2024-12-21 15:02:55,92.6,23.1,8.13,3.1,0.0,0.0,0.0,25.0,0.0,summer,False,False,False,False,False,0.0,0.0
2024-12-21 15:32:55,91.6,29.1,8.18,3.07,0.0,0.0,0.0,25.0,0.0,summer,False,False,False,False,False,0.0,0.0
2024-12-21 16:02:55,90.8,28.6,8.17,3.16,0.0,0.0,0.0,25.0,0.0,summer,False,False,False,False,False,0.0,0.0
2024-12-21 16:32:55,89.1,33.1,8.17,3.22,0.0,0.0,0.0,22.5,58.5,summer,True,True,False,False,False,0.0,21.4
2024-12-21 17:02:55,95.0,34.3,8.14,3.19,0.0,0.0,0.0,19.6,50.9,summer,True,True,False,False,False,0.0,10.7
2024-12-21 17:32:55,95.0,18.5,8.17,3.18,0.0,0.0,0.0,30.4,0.0,summer,False,False,False,True,False,0.0,0.0
2024-12-21 18:02:55,94.3,32.2,8.13,3.17,0.0,0.0,0.0,28.5,42.8,summer,True,True,False,False,False,0.0,15.5
2024-12-21 18:32:55,95.0,29.1,8.16,3.16,0.0,0.0,0.0,28.5,0.0,summer,False,False,False,False,False,0.0,0.0
2024-12-21 19:02:55,94.9,30.7,8.23,3.11,0.0,0.0,0.0,25.7,30.4,summer,True,True,False,False,False,0.0,15.7
2024-12-21 19:32:55,95.0,24.0,8.25,3.09,0.0,0.0,0.0,25.7,0.0,summer,False,False,False,False,False,0.0,0.0
2024-12-21 20:02:55,93.0,21.5,8.26,3.18,0.0,0.0,0.0,25.7,0.0,summer,False,False,False,False,False,0.0,0.0
2024-12-21 20:32:55,92.1,21.5,8.27,3.2,0.0,0.0,0.0,25.7,0.0,summer,False,False,False,False,False,0.0,0.0
2024-12-21 21:02:55,91.3,28.1,8.23,3.18,0.0,0.0,0.0,25.7,0.0,summer,False,False,False,False,False,0.0,0.0
2024-12-21 21:32:55,89.3,26.1,8.23,3.24,0.0,0.0,0.0,25.7,0.0,summer,False,False,False,False,False,0.0,0.0
2024-12-21 22:02:55,89.2,26.9,8.22,3.29,0.0,0.0,0.0,25.7,0.0,summer,False,False,False,False,False,0.0,0.0
2024-12-21 22:32:55,88.9,20.6,8.36,3.22,0.0,0.0,0.0,25.7,0.0,summer,False,False,False,False,False,0.0,0.0
2024-12-21 23:02:55,87.1,37.8,8.34,3.19,0.0,0.0,0.0,22.7,51.1,summer,True,True,False,False,False,0.0,18.3
2024-12-21 23:32:55,92.3,32.0,8.42,3.27,0.0,0.0,0.0,21.0,45.1,summer,True,True,False,False,False,0.0,11.6
2024-12-22 00:02:55,95.0,22.7,8.38,3.27,0.0,0.0,0.0,21.0,0.0,summer,False,False,False,False,False,0.0,0.0
2024-12-22 00:32:55,94.1,17.2,8.47,3.23,0.0,0.0,0.0,21.0,0.0,summer,False,False,False,False,False,0.0,0.0
2024-12-22 01:02:55,93.3,19.2,8.41,3.2,0.0,0.0,0.0,21.0,0.0,summer,False,False,False,False,False,0.0,0.0
2024-12-22 01:32:55,91.6,26.3,8.44,3.12,0.0,0.0,0.0,21.0,0.0,summer,False,False,False,False,False,0.0,0.0
2024-12-22 02:02:55,90.2,30.1,8.47,3.12,0.0,0.0,0.0,18.2,43.3,summer,True,True,False,False,False,0.0,19.9
2024-12-22 02:32:55,95.0,33.8,8.45,3.07,0.0,0.0,0.0,25.7,50.7,summer,True,True,False,True,False,0.0,12.1
2024-12-22 03:02:55,95.0,31.4,8.48,3.09,0.0,0.0,0.0,22.9,33.0,summer,True,True,False,False,False,0.0,17.9
2024-12-22 03:32:55,95.0,19.9,8.4,3.1,0.0,0.0,0.0,22.9,0.0,summer,False,False,False,False,False,0.0,0.0
2024-12-22 04:02:55,94.6,32.4,8.4,3.06,0.0,0.0,0.0,20.7,57.4,summer,True,True,False,False,False,0.0,20.7
2024-12-22 04:32:55,95.0,22.4,8.43,3.07,0.0,0.0,0.0,20.7,0.0,summer,False,False,False,False,False,0.0,0.0
2024-12-22 05:02:55,93.1,37.9,8.47,3.02,0.0,0.0,0.0,19.1,42.2,summer,True,True,False,False,False,0.0,19.2
2024-12-22 05:32:55,95.0,38.8,8.5,3.05,0.0,0.0,0.0,28.0,52.5,summer,True,True,False,True,False,0.0,22.6
2024-12-22 06:02:55,95.0,18.2,8.43,3.09,0.0,0.0,0.0,28.0,0.0,summer,False,False,False,False,False,0.0,0.0
2024-12-22 06:32:55,94.5,28.4,8.37,3.09,0.0,0.0,0.0,28.0,0.0,summer,False,False,False,False,False,0.0,0.0
2024-12-22 07:02:55,93.4,34.8,8.32,3.07,0.0,0.0,0.0,26.9,38.4,summer,True,True,False,False,False,0.0,19.9
2024-12-22 07:32:55,95.0,29.8,8.33,2.99,0.0,0.0,0.0,26.9,0.0,summer,False,False,False,False,False,0.0,0.0
2024-12-22 08:02:55,94.1,31.0,8.26,3.03,0.0,0.0,0.0,25.6,32.3,summer,True,True,False,False,False,0.0,20.1
2024-12-22 08:32:55,95.0,24.9,8.32,3.1,0.0,0.0,0.0,25.6,0.0,summer,False,False,False,False,False,0.0,0.0
2024-12-22 09:02:55,94.0,28.4,8.22,3.01,0.0,0.0,0.0,25.6,0.0,summer,False,False,False,False,False,0.0,0.0
2024-12-22 09:32:55,92.2,28.7,8.21,2.93,0.0,0.0,0.0,25.6,0.0,summer,False,False,False,False,False,0.0,0.0
2024-12-22 10:02:55,92.1,20.7,8.21,2.89,0.0,0.0,0.0,25.6,0.0,summer,False,False,False,False,False,0.0,0.0
2024-12-22 10:32:55,90.8,27.7,8.27,2.89,0.0,0.0,0.0,25.6,0.0,summer,False,False,False,False,False,0.0,0.0
2024-12-22 11:02:55,89.8,29.1,8.23,2.87,0.0,0.0,0.0,25.6,0.0,summer,False,False,False,False,False,0.0,0.0
2024-12-22 11:32:55,88.7,29.8,8.25,2.9,0.0,0.0,0.0,25.6,0.0,summer,False,False,False,False,False,0.0,0.0
2024-12-22 12:02:55,86.9,24.4,8.24,2.89,0.0,0.0,0.0,25.6,0.0,summer,False,False,False,False,False,0.0,0.0
2024-12-22 12:32:55,85.6,29.0,8.16,2.93,0.0,0.0,0.0,25.6,0.0,summer,False,False,False,False,False,0.0,0.0
2024-12-22 13:02:55,83.7,30.4,8.21,2.91,0.0,0.0,0.0,24.2,53.8,summer,True,True,False,False,False,0.0,18.1
2024-12-22 13:32:55,88.7,27.3,8.16,2.9,0.0,0.0,0.0,24.2,0.0,summer,False,False,False,False,False,0.0,0.0
2024-12-22 14:02:55,87.6,28.6,8.23,2.83,0.0,0.0,0.0,24.2,0.0,summer,False,False,False,False,False,0.0,0.0
2024-12-22 14:32:55,86.0,31.3,8.28,2.83,0.0,0.0,0.0,21.9,31.5,summer,True,True,False,False,False,0.0,21.6
2024-12-22 15:02:55,95.0,29.4,8.29,2.79,0.0,0.0,0.0,21.9,0.0,summer,False,False,False,False,False,0.0,0.0
2024-12-22 15:32:55,93.2,24.2,8.36,2.89,0.0,0.0,0.0,21.9,0.0,summer,False,False,False,False,False,0.0,0.0
2024-12-22 16:02:55,93.0,30.4,8.31,2.97,0.0,0.0,0.0,19.7,27.1,summer,True,True,False,False,False,0.0,20.9
2024-12-22 16:32:55,95.0,29.4,8.27,2.94,0.0,0.0,0.0,30.1,0.0,summer,False,False,False,True,False,0.0,0.0
2024-12-22 17:02:55,93.1,26.8,8.35,2.96,0.0,0.0,0.0,30.1,0.0,summer,False,False,False,False,False,0.0,0.0
2024-12-22 17:32:55,93.0,17.5,8.32,2.96,0.0,0.0,0.0,30.1,0.0,summer,False,False,False,False,False,0.0,0.0
2024-12-22 18:02:55,92.6,27.4,8.24,2.89,0.0,0.0,0.0,30.1,0.0,summer,False,False,False,False,False,0.0,0.0
2024-12-22 18:32:55,91.0,24.6,8.23,2.91,0.0,0.0,0.0,30.1,0.0,summer,False,False,False,False,False,0.0,0.0
2024-12-22 19:02:55,89.1,30.8,8.15,2.91,0.0,0.0,0.0,28.8,48.4,summer,True,True,False,False,False,0.0,14.0
2024-12-22 19:32:55,95.0,24.4,8.17,2.93,0.0,0.0,0.0,28.8,0.0,summer,False,False,False,False,False,0.0,0.0
2024-12-22 20:02:55,93.6,27.7,8.19,2.96,0.0,0.0,0.0,28.8,0.0,summer,False,False,False,False,False,0.0,0.0
2024-12-22 20:32:55,92.7,30.2,8.18,2.94,0.0,0.0,0.0,26.4,47.8,summer,True,True,False,False,False,0.0,11.6
2024-12-22 21:02:55,95.0,26.0,8.22,2.9,0.0,0.0,0.0,26.4,0.0,summer,False,False,False,False,False,0.0,0.0
2024-12-22 21:32:55,93.5,29.3,8.21,2.89,0.0,0.0,0.0,26.4,0.0,summer,False,False,False,False,False,0.0,0.0
2024-12-22 22:02:55,92.0,19.9,8.24,2.82,0.0,0.0,0.0,26.4,0.0,summer,False,False,False,False,False,0.0,0.0
2024-12-22 22:32:55,91.5,24.1,8.26,2.81,0.0,0.0,0.0,26.4,0.0,summer,False,False,False,False,False,0.0,0.0
2024-12-22 23:02:55,90.1,31.1,8.31,2.76,0.0,0.0,0.0,24.0,57.9,summer,True,True,False,False,False,0.0,24.3
2024-12-22 23:32:55,94.5,35.0,8.42,2.71,0.0,0.0,0.0,21.5,43.0,summer,True,True,False,False,False,0.0,15.4
2024-12-23 00:02:55,95.0,20.9,8.37,2.75,0.0,0.0,0.0,21.5,0.0,summer,False,False,False,False,False,0.0,0.0
2024-12-23 00:32:55,94.5,23.4,8.46,2.66,0.0,0.0,0.0,21.5,0.0,summer,False,False,False,False,False,0.0,0.0
2024-12-23 01:02:55,93.2,26.8,8.49,2.69,0.0,0.0,0.0,21.5,0.0,summer,False,False,False,False,False,0.0,0.0
2024-12-23 01:32:55,92.7,33.0,8.5,2.61,0.0,0.0,0.0,18.8,53.6,summer,True,True,False,False,False,0.0,17.3
2024-12-23 02:02:55,95.0,30.8,8.5,2.65,0.0,0.0,0.0,22.8,43.8,summer,True,True,False,True,False,0.0,11.4
2024-12-23 02:32:55,95.0,16.9,8.5,2.66,0.0,0.0,0.0,22.8,0.0,summer,False,False,False,False,False,0.0,0.0
2024-12-23 03:02:55,94.9,28.7,8.5,2.68,0.0,0.0,0.0,22.8,0.0,summer,False,False,False,False,False,0.0,0.0
2024-12-23 03:32:55,93.2,30.3,8.5,2.7,0.0,0.0,0.0,21.7,32.2,summer,True,True,False,False,False,0.0,16.3
2024-12-23 04:02:55,95.0,28.1,8.5,2.69,0.0,0.0,0.0,21.7,0.0,summer,False,False,False,False,False,0.0,0.0
2024-12-23 04:32:55,94.1,28.1,8.5,2.69,0.0,0.0,0.0,21.7,0.0,summer,False,False,False,False,False,0.0,0.0
2024-12-23 05:02:55,93.0,31.4,8.5,2.68,0.0,0.0,0.0,20.6,27.4,summer,True,True,False,False,False,0.0,15.4
2024-12-23 05:32:55,95.0,24.1,8.4,2.67,0.0,0.0,0.0,20.6,0.0,summer,False,False,False,False,False,0.0,0.0
2024-12-23 06:02:55,93.1,34.2,8.39,2.65,0.0,0.0,0.0,18.1,28.5,summer,True,True,False,False,False,0.0,17.6
2024-12-23 06:32:55,95.0,32.9,8.36,2.68,0.0,0.0,0.0,29.6,34.0,summer,True,True,False,True,False,0.0,18.1
2024-12-23 07:02:55,95.0,25.2,8.38,2.7,0.0,0.0,0.0,29.6,0.0,summer,False,False,False,False,False,0.0,0.0
2024-12-23 07:32:55,93.3,24.7,8.46,2.78,0.0,0.0,0.0,29.6,0.0,summer,False,False,False,False,False,0.0,0.0
2024-12-23 08:02:55,93.0,32.6,8.42,2.85,0.0,0.0,0.0,26.7,25.4,summer,True,True,False,False,False,0.0,18.9
2024-12-23 08:32:55,95.0,29.9,8.44,2.84,0.0,0.0,0.0,26.7,0.0,summer,False,False,False,False,False,0.0,0.0
2024-12-23 09:02:55,94.4,31.3,8.46,2.81,0.0,0.0,0.0,24.2,46.9,summer,True,True,False,False,False,0.0,11.2
2024-12-23 09:32:55,95.0,26.6,8.49,2.82,0.0,0.0,0.0,24.2,0.0,summer,False,False,False,False,False,0.0,0.0
2024-12-23 10:02:55,94.5,20.8,8.43,2.81,0.0,0.0,0.0,24.2,0.0,summer,False,False,False,False,False,0.0,0.0
2024-12-23 10:32:55,94.1,31.2,8.42,2.91,0.0,0.0,0.0,22.4,24.2,summer,True,True,False,False,False,0.0,15.8
2024-12-23 11:02:55,95.0,32.5,8.38,2.88,0.0,0.0,0.0,21.0,21.3,summer,True,True,False,False,False,0.0,23.4
2024-12-23 11:32:55,95.0,24.5,8.35,2.96,0.0,0.0,0.0,21.0,0.0,summer,False,False,False,False,False,0.0,0.0
2024-12-23 12:02:55,94.9,24.2,8.43,2.95,0.0,0.0,0.0,21.0,0.0,summer,False,False,False,False,False,0.0,0.0
2024-12-23 12:32:55,94.2,20.7,8.48,2.89,0.0,0.0,0.0,21.0,0.0,summer,False,False,False,False,False,0.0,0.0
2024-12-23 13:02:55,93.3,30.7,8.5,2.92,0.0,0.0,0.0,19.1,48.1,summer,True,True,False,False,False,0.0,20.7
2024-12-23 13:32:55,95.0,31.2,8.5,2.93,0.0,0.0,0.0,21.8,52.6,summer,True,True,False,True,False,0.0,19.4
2024-12-23 14:02:55,95.0,17.1,8.47,2.94,0.0,0.0,0.0,21.8,0.0,summer,False,False,False,False,False,0.0,0.0
2024-12-23 14:32:55,94.7,31.9,8.48,2.93,0.0,0.0,0.0,18.9,28.7,summer,True,True,False,False,False,0.0,21.7
2024-12-23 15:02:55,95.0,31.8,8.5,2.91,0.0,0.0,0.0,29.3,24.7,summer,True,True,False,True,False,0.0,12.9
2024-12-23 15:32:55,95.0,26.3,8.5,2.91,0.0,0.0,0.0,29.3,0.0,summer,False,False,False,False,False,0.0,0.0
2024-12-23 16:02:55,94.7,30.8,8.47,2.94,0.0,0.0,0.0,26.7,45.0,summer,True,True,False,False,False,0.0,14.2
2024-12-23 16:32:55,95.0,27.6,8.5,2.82,0.0,0.0,0.0,26.7,0.0,summer,False,False,False,False,False,0.0,0.0
2024-12-23 17:02:55,93.3,33.2,8.4,2.84,0.0,0.0,0.0,24.6,32.8,summer,True,True,False,False,False,0.0,20.6
2024-12-23 17:32:55,95.0,29.9,8.32,2.78,0.0,0.0,0.0,24.6,0.0,summer,False,False,False,False,False,0.0,0.0
2024-12-23 18:02:55,93.2,22.6,8.3,2.77,0.0,0.0,0.0,24.6,0.0,summer,False,False,False,False,False,0.0,0.0
2024-12-23 18:32:55,92.5,12.8,8.3,2.77,0.0,0.0,0.0,24.6,0.0,summer,False,False,False,False,False,0.0,0.0
2024-12-23 19:02:55,90.7,23.0,8.26,2.7,0.0,0.0,0.0,24.6,0.0,summer,False,False,False,False,False,0.0,0.0
2024-12-23 19:32:55,89.3,27.1,8.25,2.65,0.0,0.0,0.0,24.6,0.0,summer,False,False,False,False,False,0.0,0.0
2024-12-23 20:02:55,87.5,23.1,8.21,2.7,0.0,0.0,0.0,24.6,0.0,summer,False,False,False,False,False,0.0,0.0
2024-12-23 20:32:55,87.4,18.6,8.21,2.69,0.0,0.0,0.0,24.6,0.0,summer,False,False,False,False,False,0.0,0.0
2024-12-23 21:02:55,85.6,26.4,8.19,2.66,0.0,0.0,0.0,24.6,0.0,summer,False,False,False,False,False,0.0,0.0
2024-12-23 21:32:55,84.0,25.6,8.13,2.65,0.0,0.0,0.0,24.6,0.0,summer,False,False,False,False,False,0.0,0.0
2024-12-23 22:02:55,82.5,24.5,8.16,2.51,0.0,0.0,0.0,24.6,0.0,summer,False,False,False,False,False,0.0,0.0
2024-12-23 22:32:55,80.6,24.0,8.21,2.51,0.0,0.0,0.0,24.6,0.0,summer,False,False,False,False,False,0.0,0.0
2024-12-23 23:02:55,79.0,34.4,8.15,2.48,0.0,0.0,0.0,22.7,34.7,summer,True,True,False,False,False,0.0,20.4
2024-12-23 23:32:55,87.8,25.3,8.15,2.48,0.0,0.0,0.0,22.7,0.0,summer,False,False,False,False,False,0.0,0.0
2024-12-24 00:02:55,86.4,18.1,8.18,2.41,0.0,0.0,0.0,22.7,0.0,summer,False,False,False,False,False,0.0,0.0
2024-12-24 00:32:55,85.1,26.1,8.19,2.29,0.0,0.0,0.0,22.7,0.0,summer,False,False,False,False,False,0.0,0.0
2024-12-24 01:02:55,84.7,23.2,8.19,2.28,0.0,0.0,0.0,22.7,0.0,summer,False,False,False,False,False,0.0,0.0
2024-12-24 01:32:55,84.3,25.9,8.24,2.43,0.0,0.0,0.0,22.7,0.0,summer,False,False,False,False,False,0.0,0.0
2024-12-24 02:02:55,84.2,29.3,8.2,2.43,0.0,0.0,0.0,22.7,0.0,summer,False,False,False,False,False,0.0,0.0
2024-12-24 02:32:55,83.1,34.7,8.2,2.45,0.0,0.0,0.0,19.9,33.3,summer,True,True,False,False,False,0.0,10.4
2024-12-24 03:02:55,90.0,40.0,8.2,2.42,0.0,0.0,0.0,26.6,30.9,summer,True,True,False,True,False,0.0,11.0
2024-12-24 03:32:55,95.0,21.1,8.17,2.42,0.0,0.0,0.0,26.6,0.0,summer,False,False,False,False,False,0.0,0.0
2024-12-24 04:02:55,94.5,26.8,8.17,2.3,0.0,0.0,0.0,26.6,0.0,summer,False,False,False,False,False,0.0,0.0
2024-12-24 04:32:55,92.8,28.9,8.22,2.35,0.0,0.0,0.0,26.6,0.0,summer,False,False,False,False,False,0.0,0.0
2024-12-24 05:02:55,92.2,25.5,8.25,2.31,0.0,0.0,0.0,26.6,0.0,summer,False,False,False,False,False,0.0,0.0
2024-12-24 05:32:55,90.6,29.9,8.34,2.26,0.0,0.0,0.0,26.6,0.0,summer,False,False,False,False,False,0.0,0.0
2024-12-24 06:02:55,90.2,32.9,8.37,2.24,0.0,0.0,0.0,24.2,25.4,summer,True,True,False,False,False,0.0,10.8
2024-12-24 06:32:55,95.0,28.4,8.42,2.34,0.0,0.0,0.0,24.2,0.0,summer,False,False,False,False,False,0.0,0.0
2024-12-24 07:02:55,94.2,19.5,8.31,2.27,0.0,0.0,0.0,24.2,0.0,summer,False,False,False,False,False,0.0,0.0
2024-12-24 07:32:55,93.5,29.8,8.36,2.34,0.0,0.0,0.0,24.2,0.0,summer,False,False,False,False,False,0.0,0.0
2024-12-24 08:02:55,93.0,33.3,8.29,2.41,0.0,0.0,0.0,21.3,23.5,summer,True,True,False,False,False,0.0,19.3
2024-12-24 08:32:55,95.0,28.1,8.31,2.35,0.0,0.0,0.0,21.3,0.0,summer,False,False,False,False,False,0.0,0.0
2024-12-24 09:02:55,94.8,26.1,8.25,2.4,0.0,0.0,0.0,21.3,0.0,summer,False,False,False,False,False,0.0,0.0
2024-12-24 09:32:55,94.7,26.4,8.25,2.45,0.0,0.0,0.0,21.3,0.0,summer,False,False,False,False,False,0.0,0.0
2024-12-24 10:02:55,93.6,25.0,8.23,2.44,0.0,0.0,0.0,21.3,0.0,summer,False,False,False,False,False,0.0,0.0
2024-12-24 10:32:55,93.5,21.9,8.18,2.43,0.0,0.0,0.0,21.3,0.0,summer,False,False,False,False,False,0.0,0.0
2024-12-24 11:02:55,93.1,31.9,8.17,2.41,0.0,0.0,0.0,20.0,43.8,summer,True,True,False,False,False,0.0,18.4
2024-12-24 11:32:55,95.0,20.9,8.17,2.43,0.0,0.0,0.0,20.0,0.0,summer,False,False,False,False,False,0.0,0.0
2024-12-24 12:02:55,93.8,22.6,8.1,2.44,0.0,0.0,0.0,20.0,0.0,summer,False,False,False,False,False,0.0,0.0
2024-12-24 12:32:55,92.5,22.4,8.05,2.41,0.0,0.0,0.0,20.0,0.0,summer,False,False,False,False,False,0.0,0.0
2024-12-24 13:02:55,91.6,22.9,7.96,2.45,0.0,0.0,0.0,20.0,0.0,summer,False,False,False,False,False,0.0,0.0
2024-12-24 13:32:55,90.1,26.3,7.87,2.48,0.0,0.0,0.0,20.0,0.0,summer,False,False,False,False,False,0.0,0.0
2024-12-24 14:02:55,89.8,17.7,7.93,2.48,0.0,0.0,0.0,20.0,0.0,summer,False,False,False,False,False,0.0,0.0
2024-12-24 14:32:55,89.2,29.9,7.95,2.42,0.0,0.0,0.0,20.0,0.0,summer,False,False,False,False,False,0.0,0.0
2024-12-24 15:02:55,88.5,24.6,7.98,2.38,0.0,0.0,0.0,20.0,0.0,summer,False,False,False,False,False,0.0,0.0
2024-12-24 15:32:55,87.1,37.0,7.92,2.4,0.0,0.0,0.0,17.1,29.5,summer,True,True,False,False,False,0.0,24.3
2024-12-24 16:02:55,95.0,30.0,7.94,2.37,0.0,0.0,0.0,26.2,59.6,summer,True,True,False,True,False,0.0,16.0
2024-12-24 16:32:55,95.0,23.5,7.91,2.37,0.0,0.0,0.0,26.2,0.0,summer,False,False,False,False,False,0.0,0.0
2024-12-24 17:02:55,94.9,24.9,7.99,2.33,0.0,0.0,0.0,26.2,0.0,summer,False,False,False,False,False,0.0,0.0
2024-12-24 17:32:55,94.0,33.5,7.98,2.27,0.0,0.0,0.0,24.4,51.9,summer,True,True,False,False,False,0.0,17.3
2024-12-24 18:02:55,95.0,32.6,7.98,2.27,0.0,0.0,0.0,22.2,50.0,summer,True,True,False,False,False,0.0,17.4
2024-12-24 18:32:55,95.0,21.9,7.94,2.27,0.0,0.0,0.0,22.2,0.0,summer,False,False,False,False,False,0.0,0.0
2024-12-24 19:02:55,94.3,17.4,7.98,2.23,0.0,0.0,0.0,22.2,0.0,summer,False,False,False,False,False,0.0,0.0
2024-12-24 19:32:55,93.0,33.5,7.86,2.22,0.0,0.0,0.0,21.1,45.5,summer,True,True,False,False,False,0.0,21.7
2024-12-24 20:02:55,95.0,35.8,7.89,2.27,0.0,0.0,0.0,19.1,57.1,summer,True,True,False,False,False,0.0,14.8
2024-12-24 20:32:55,95.0,27.6,7.93,2.3,0.0,0.0,0.0,27.6,0.0,summer,False,False,False,True,False,0.0,0.0
2024-12-24 21:02:55,93.9,22.9,7.97,2.28,0.0,0.0,0.0,27.6,0.0,summer,False,False,False,False,False,0.0,0.0
2024-12-24 21:32:55,93.7,19.7,8.01,2.27,0.0,0.0,0.0,27.6,0.0,summer,False,False,False,False,False,0.0,0.0
2024-12-24 22:02:55,93.6,23.9,7.93,2.27,0.0,0.0,0.0,27.6,0.0,summer,False,False,False,False,False,0.0,0.0
2024-12-24 22:32:55,92.4,29.3,7.88,2.32,0.0,0.0,0.0,27.6,0.0,summer,False,False,False,False,False,0.0,0.0
2024-12-24 23:02:55,92.2,29.2,7.87,2.42,0.0,0.0,0.0,27.6,0.0,summer,False,False,False,False,False,0.0,0.0
2024-12-24 23:32:55,90.7,21.9,7.9,2.46,0.0,0.0,0.0,27.6,0.0,summer,False,False,False,False,False,0.0,0.0
2024-12-25 00:02:55,88.8,23.2,7.96,2.44,0.0,0.0,0.0,27.6,0.0,summer,False,False,False,False,False,0.0,0.0
2024-12-25 00:32:55,87.0,24.4,7.98,2.37,0.0,0.0,0.0,27.6,0.0,summer,False,False,False,False,False,0.0,0.0
2024-12-25 01:02:55,86.6,20.0,8.03,2.43,0.0,0.0,0.0,27.6,0.0,summer,False,False,False,False,False,0.0,0.0
2024-12-25 01:32:55,84.7,31.9,7.99,2.47,0.0,0.0,0.0,26.0,50.0,summer,True,True,False,False,False,0.0,14.8
2024-12-25 02:02:55,89.6,23.6,8.04,2.44,0.0,0.0,0.0,26.0,0.0,summer,False,False,False,False,False,0.0,0.0
2024-12-25 02:32:55,88.2,34.6,8.01,2.39,0.0,0.0,0.0,25.0,26.4,summer,True,True,False,False,False,0.0,14.3
2024-12-25 03:02:55,93.1,28.5,8.08,2.47,0.0,0.0,0.0,25.0,0.0,summer,False,False,False,False,False,0.0,0.0
2024-12-25 03:32:55,91.8,23.4,8.03,2.54,0.0,0.0,0.0,25.0,0.0,summer,False,False,False,False,False,0.0,0.0
2024-12-25 04:02:55,89.9,30.6,8.05,2.58,0.0,0.0,0.0,22.3,45.0,summer,True,True,False,False,False,0.0,15.9
2024-12-25 04:32:55,94.9,30.3,8.03,2.6,0.0,0.0,0.0,19.4,47.2,summer,True,True,False,False,False,0.0,10.1
2024-12-25 05:02:55,95.0,32.6,8.09,2.6,0.0,0.0,0.0,29.3,35.2,summer,True,True,False,True,False,0.0,18.5
2024-12-25 05:32:55,95.0,28.6,8.14,2.59,0.0,0.0,0.0,29.3,0.0,summer,False,False,False,False,False,0.0,0.0
2024-12-25 06:02:55,94.0,31.6,8.17,2.49,0.0,0.0,0.0,28.3,39.8,summer,True,True,False,False,False,0.0,20.4
2024-12-25 06:32:55,95.0,32.4,8.14,2.46,0.0,0.0,0.0,26.5,55.0,summer,True,True,False,False,False,0.0,24.6
2024-12-25 07:02:55,95.0,17.9,8.14,2.49,0.0,0.0,0.0,26.5,0.0,summer,False,False,False,False,False,0.0,0.0
2024-12-25 07:32:55,93.6,23.0,8.13,2.49,0.0,0.0,0.0,26.5,0.0,summer,False,False,False,False,False,0.0,0.0
2024-12-25 08:02:55,91.8,25.6,8.1,2.52,0.0,0.0,0.0,26.5,0.0,summer,False,False,False,False,False,0.0,0.0
2024-12-25 08:32:55,91.1,23.7,8.01,2.48,0.0,0.0,0.0,26.5,0.0,summer,False,False,False,False,False,0.0,0.0
2024-12-25 09:02:55,89.3,31.4,8.03,2.46,0.0,0.0,0.0,23.6,41.3,summer,True,True,False,False,False,0.0,17.9
2024-12-25 09:32:55,95.0,20.9,7.92,2.43,0.0,0.0,0.0,23.6,0.0,summer,False,False,False,False,False,0.0,0.0
2024-12-25 10:02:55,93.3,40.0,7.89,2.48,0.0,0.0,0.0,21.1,38.9,summer,True,True,False,False,False,0.0,14.1
2024-12-25 10:32:55,95.0,27.9,7.82,2.43,0.0,0.0,0.0,21.1,0.0,summer,False,False,False,False,False,0.0,0.0
2024-12-25 11:02:55,94.8,27.3,7.82,2.4,0.0,0.0,0.0,21.1,0.0,summer,False,False,False,False,False,0.0,0.0
2024-12-25 11:32:55,94.5,29.0,7.84,2.34,0.0,0.0,0.0,21.1,0.0,summer,False,False,False,False,False,0.0,0.0
2024-12-25 12:02:55,94.4,31.9,7.81,2.33,0.0,0.0,0.0,18.4,47.4,summer,True,True,False,False,False,0.0,24.2
2024-12-25 12:32:55,95.0,23.8,7.74,2.35,0.0,0.0,0.0,28.9,0.0,summer,False,False,False,True,False,0.0,0.0
2024-12-25 13:02:55,94.7,31.7,7.79,2.34,0.0,0.0,0.0,27.5,24.3,summer,True,True,False,False,False,0.0,14.5
2024-12-25 13:32:55,95.0,26.6,7.82,2.33,0.0,0.0,0.0,27.5,0.0,summer,False,False,False,False,False,0.0,0.0
2024-12-25 14:02:55,93.2,32.9,7.79,2.33,0.0,0.0,0.0,25.7,48.7,summer,True,True,False,False,False,0.0,20.9
2024-12-25 14:32:55,95.0,30.8,7.74,2.32,0.0,0.0,0.0,23.4,54.0,summer,True,True,False,False,False,0.0,10.2
2024-12-25 15:02:55,95.0,32.1,7.72,2.25,0.0,0.0,0.0,20.5,23.8,summer,True,True,False,False,False,0.0,20.8
2024-12-25 15:32:55,95.0,24.7,7.7,2.26,0.0,0.0,0.0,20.5,0.0,summer,False,False,False,False,False,0.0,0.0
2024-12-25 16:02:55,93.6,19.3,7.65,2.22,0.0,0.0,0.0,20.5,0.0,summer,False,False,False,False,False,0.0,0.0
2024-12-25 16:32:55,92.6,30.2,7.67,2.18,0.0,0.0,0.0,18.1,22.3,summer,True,True,False,False,False,0.0,24.5
2024-12-25 17:02:55,95.0,16.6,7.73,2.15,0.0,0.0,0.0,25.3,0.0,summer,False,False,False,True,False,0.0,0.0
2024-12-25 17:32:55,94.3,20.6,7.9,2.23,0.0,0.0,0.0,25.3,0.0,summer,False,False,False,False,False,0.0,0.0
2024-12-25 18:02:55,94.1,23.6,7.91,2.26,0.0,0.0,0.0,25.3,0.0,summer,False,False,False,False,False,0.0,0.0
2024-12-25 18:32:55,92.9,28.6,7.91,2.31,0.0,0.0,0.0,25.3,0.0,summer,False,False,False,False,False,0.0,0.0
2024-12-25 19:02:55,92.8,21.2,7.88,2.32,0.0,0.0,0.0,25.3,0.0,summer,False,False,False,False,False,0.0,0.0
2024-12-25 19:32:55,91.4,25.7,7.93,2.26,0.0,0.0,0.0,25.3,0.0,summer,False,False,False,False,False,0.0,0.0
2024-12-25 20:02:55,89.7,29.1,7.87,2.23,0.0,0.0,0.0,25.3,0.0,summer,False,False,False,False,False,0.0,0.0
2024-12-25 20:32:55,89.3,29.1,7.91,2.22,0.0,0.0,0.0,25.3,0.0,summer,False,False,False,False,False,0.0,0.0
2024-12-25 21:02:55,87.3,26.6,7.89,2.22,0.0,0.0,0.0,25.3,0.0,summer,False,False,False,False,False,0.0,0.0
2024-12-25 21:32:55,86.7,31.5,7.86,2.11,0.0,0.0,0.0,23.1,34.2,summer,True,True,False,False,False,0.0,17.5
2024-12-25 22:02:55,93.1,27.6,7.83,2.15,0.0,0.0,0.0,23.1,0.0,summer,False,False,False,False,False,0.0,0.0
2024-12-25 22:32:55,93.0,27.1,7.85,2.19,0.0,0.0,0.0,23.1,0.0,summer,False,False,False,False,False,0.0,0.0
2024-12-25 23:02:55,92.0,24.2,7.86,2.18,0.0,0.0,0.0,23.1,0.0,summer,False,False,False,False,False,0.0,0.0
2024-12-25 23:32:55,90.8,22.0,7.85,2.26,0.0,0.0,0.0,23.1,0.0,summer,False,False,False,False,False,0.0,0.0
2024-12-26 00:02:55,90.4,25.1,7.8,2.26,0.0,0.0,0.0,23.1,0.0,summer,False,False,False,False,False,0.0,0.0
2024-12-26 00:32:55,88.5,29.0,7.79,2.29,0.0,0.0,0.0,23.1,0.0,summer,False,False,False,False,False,0.0,0.0
2024-12-26 01:02:55,86.6,28.5,7.83,2.22,0.0,0.0,0.0,23.1,0.0,summer,False,False,False,False,False,0.0,0.0
2024-12-26 01:32:55,86.6,23.4,7.83,2.27,0.0,0.0,0.0,23.1,0.0,summer,False,False,False,False,False,0.0,0.0
2024-12-26 02:02:55,84.8,29.5,7.87,2.27,0.0,0.0,0.0,23.1,0.0,summer,False,False,False,False,False,0.0,0.0
2024-12-26 02:32:55,83.0,26.7,7.84,2.24,0.0,0.0,0.0,23.1,0.0,summer,False,False,False,False,False,0.0,0.0
2024-12-26 03:02:55,83.0,21.8,7.82,2.23,0.0,0.0,0.0,23.1,0.0,summer,False,False,False,False,False,0.0,0.0
2024-12-26 03:32:55,82.8,31.6,7.72,2.2,0.0,0.0,0.0,20.7,51.6,summer,True,True,False,False,False,0.0,20.4
2024-12-26 04:02:55,89.9,33.1,7.77,2.24,0.0,0.0,0.0,19.6,54.4,summer,True,True,False,False,False,0.0,22.8
2024-12-26 04:32:55,95.0,24.3,7.84,2.19,0.0,0.0,0.0,26.5,0.0,summer,False,False,False,True,False,0.0,0.0
2024-12-26 05:02:55,93.8,17.9,7.81,2.19,0.0,0.0,0.0,26.5,0.0,summer,False,False,False,False,False,0.0,0.0
2024-12-26 05:32:55,93.8,34.0,7.78,2.12,0.0,0.0,0.0,24.1,34.4,summer,True,True,False,False,False,0.0,15.6
2024-12-26 06:02:55,95.0,30.3,7.72,2.09,0.0,0.0,0.0,21.6,20.6,summer,True,True,False,False,False,0.0,23.1
2024-12-26 06:32:55,95.0,36.1,7.75,2.05,0.0,0.0,0.0,19.8,52.6,summer,True,True,False,False,False,0.0,20.5
2024-12-26 07:02:55,95.0,33.3,7.77,2.08,0.0,0.0,0.0,29.7,29.2,summer,True,True,False,True,False,0.0,18.2
2024-12-26 07:32:55,95.0,28.1,7.77,2.06,0.0,0.0,0.0,29.7,0.0,summer,False,False,False,False,False,0.0,0.0
2024-12-26 08:02:55,94.6,24.1,7.81,2.13,0.0,0.0,0.0,29.7,0.0,summer,False,False,False,False,False,0.0,0.0
2024-12-26 08:32:55,93.7,30.5,7.73,2.09,0.0,0.0,0.0,27.8,58.5,summer,True,True,False,False,False,0.0,10.8
2024-12-26 09:02:55,95.0,28.6,7.62,2.2,0.0,0.0,0.0,27.8,0.0,summer,False,False,False,False,False,0.0,0.0
2024-12-26 09:32:55,94.1,20.4,7.61,2.33,0.0,0.0,0.0,27.8,0.0,summer,False,False,False,False,False,0.0,0.0
2024-12-26 10:02:55,92.6,28.7,7.61,2.3,0.0,0.0,0.0,27.8,0.0,summer,False,False,False,False,False,0.0,0.0
2024-12-26 10:32:55,90.9,29.3,7.58,2.35,0.0,0.0,0.0,27.8,0.0,summer,False,False,False,False,False,0.0,0.0
2024-12-26 11:02:55,90.3,32.3,7.43,2.33,0.0,0.0,0.0,25.6,20.4,summer,True,True,False,False,False,0.0,21.3
2024-12-26 11:32:55,95.0,24.2,7.37,2.33,0.0,0.0,0.0,25.6,0.0,summer,False,False,False,False,False,0.0,0.0
2024-12-26 12:02:55,94.2,33.0,7.45,2.29,0.0,0.0,0.0,24.5,46.7,summer,True,True,False,False,False,0.0,13.2
2024-12-26 12:32:55,95.0,29.5,7.49,2.27,0.0,0.0,0.0,24.5,0.0,summer,False,False,False,False,False,0.0,0.0
2024-12-26 13:02:55,93.1,34.0,7.55,2.31,0.0,0.0,0.0,22.2,26.6,summer,True,True,False,False,False,0.0,20.5
2024-12-26 13:32:55,95.0,25.2,7.45,2.31,0.0,0.0,0.0,22.2,0.0,summer,False,False,False,False,False,0.0,0.0
2024-12-26 14:02:55,94.5,25.3,7.5,2.36,0.0,0.0,0.0,22.2,0.0,summer,False,False,False,False,False,0.0,0.0
2024-12-26 14:32:55,93.0,25.2,7.55,2.33,0.0,0.0,0.0,22.2,0.0,summer,False,False,False,False,False,0.0,0.0
2024-12-26 15:02:55,91.8,19.3,7.52,2.33,0.0,0.0,0.0,22.2,0.0,summer,False,False,False,False,False,0.0,0.0
2024-12-26 15:32:55,90.6,28.4,7.56,2.37,0.0,0.0,0.0,22.2,0.0,summer,False,False,False,False,False,0.0,0.0
2024-12-26 16:02:55,89.1,32.1,7.56,2.35,0.0,0.0,0.0,20.0,25.9,summer,True,True,False,False,False,0.0,16.4
2024-12-26 16:32:55,95.0,29.0,7.54,2.33,0.0,0.0,0.0,20.0,0.0,summer,False,False,False,False,False,0.0,0.0
2024-12-26 17:02:55,94.3,36.0,7.53,2.34,0.0,0.0,0.0,18.2,59.6,summer,True,True,False,False,False,0.0,22.7
2024-12-26 17:32:55,95.0,26.7,7.5,2.31,0.0,0.0,0.0,23.9,0.0,summer,False,False,False,True,False,0.0,0.0
2024-12-26 18:02:55,94.0,27.5,7.45,2.32,0.0,0.0,0.0,23.9,0.0,summer,False,False,False,False,False,0.0,0.0
2024-12-26 18:32:55,93.0,30.8,7.43,2.32,0.0,0.0,0.0,21.6,24.2,summer,True,True,False,False,False,0.0,23.6
2024-12-26 19:02:55,95.0,26.9,7.37,2.43,0.0,0.0,0.0,21.6,0.0,summer,False,False,False,False,False,0.0,0.0
2024-12-26 19:32:55,94.0,25.0,7.38,2.41,0.0,0.0,0.0,21.6,0.0,summer,False,False,False,False,False,0.0,0.0
2024-12-26 20:02:55,92.8,26.1,7.49,2.37,0.0,0.0,0.0,21.6,0.0,summer,False,False,False,False,False,0.0,0.0
2024-12-26 20:32:55,92.5,26.0,7.58,2.35,0.0,0.0,0.0,21.6,0.0,summer,False,False,False,False,False,0.0,0.0
2024-12-26 21:02:55,91.9,28.0,7.49,2.36,0.0,0.0,0.0,21.6,0.0,summer,False,False,False,False,False,0.0,0.0
2024-12-26 21:32:55,91.5,20.4,7.47,2.34,0.0,0.0,0.0,21.6,0.0,summer,False,False,False,False,False,0.0,0.0
2024-12-26 22:02:55,90.6,20.9,7.49,2.35,0.0,0.0,0.0,21.6,0.0,summer,False,False,False,False,False,0.0,0.0
2024-12-26 22:32:55,90.4,27.2,7.58,2.34,0.0,0.0,0.0,21.6,0.0,summer,False,False,False,False,False,0.0,0.0
2024-12-26 23:02:55,88.9,30.6,7.53,2.38,0.0,0.0,0.0,19.9,39.3,summer,True,True,False,False,False,0.0,24.6
2024-12-26 23:32:55,94.3,33.1,7.59,2.35,0.0,0.0,0.0,27.0,36.7,summer,True,True,False,True,False,0.0,18.1
2024-12-27 00:02:55,95.0,28.3,7.64,2.33,0.0,0.0,0.0,27.0,0.0,summer,False,False,False,False,False,0.0,0.0
2024-12-27 00:32:55,93.4,26.1,7.68,2.3,0.0,0.0,0.0,27.0,0.0,summer,False,False,False,False,False,0.0,0.0
2024-12-27 01:02:55,93.3,35.9,7.73,2.34,0.0,0.0,0.0,25.9,34.6,summer,True,True,False,False,False,0.0,16.8
2024-12-27 01:32:55,95.0,26.8,7.66,2.27,0.0,0.0,0.0,25.9,0.0,summer,False,False,False,False,False,0.0,0.0
2024-12-27 02:02:55,94.5,22.1,7.59,2.28,0.0,0.0,0.0,25.9,0.0,summer,False,False,False,False,False,0.0,0.0
2024-12-27 02:32:55,94.0,22.1,7.58,2.33,0.0,0.0,0.0,25.9,0.0,summer,False,False,False,False,False,0.0,0.0
2024-12-27 03:02:55,93.5,22.4,7.57,2.32,0.0,0.0,0.0,25.9,0.0,summer,False,False,False,False,False,0.0,0.0
2024-12-27 03:32:55,93.0,20.3,7.55,2.3,0.0,0.0,0.0,25.9,0.0,summer,False,False,False,False,False,0.0,0.0
2024-12-27 04:02:55,92.4,23.4,7.49,2.28,0.0,0.0,0.0,25.9,0.0,summer,False,False,False,False,False,0.0,0.0
2024-12-27 04:32:55,92.2,19.7,7.52,2.23,0.0,0.0,0.0,25.9,0.0,summer,False,False,False,False,False,0.0,0.0
2024-12-27 05:02:55,92.2,28.8,7.54,2.22,0.0,0.0,0.0,25.9,0.0,summer,False,False,False,False,False,0.0,0.0
2024-12-27 05:32:55,91.1,27.4,7.52,2.23,0.0,0.0,0.0,25.9,0.0,summer,False,False,False,False,False,0.0,0.0
2024-12-27 06:02:55,89.7,27.3,7.48,2.18,0.0,0.0,0.0,25.9,0.0,summer,False,False,False,False,False,0.0,0.0
2024-12-27 06:32:55,89.1,29.3,7.54,2.12,0.0,0.0,0.0,25.9,0.0,summer,False,False,False,False,False,0.0,0.0
2024-12-27 07:02:55,87.3,27.5,7.5,2.07,0.0,0.0,0.0,25.9,0.0,summer,False,False,False,False,False,0.0,0.0
2024-12-27 07:32:55,86.1,23.4,7.59,2.0,0.0,0.0,0.0,25.9,0.0,summer,False,False,False,False,False,0.0,0.0
2024-12-27 08:02:55,85.0,20.7,7.61,1.91,0.0,0.0,0.0,25.9,0.0,summer,False,False,False,False,False,0.0,0.0
2024-12-27 08:32:55,84.6,16.9,7.59,1.95,0.0,0.0,0.0,25.9,0.0,summer,False,False,False,False,False,0.0,0.0
2024-12-27 09:02:55,83.4,24.7,7.61,1.92,0.0,0.0,0.0,25.9,0.0,summer,False,False,False,False,False,0.0,0.0
2024-12-27 09:32:55,81.4,24.3,7.58,1.92,0.0,0.0,0.0,25.9,0.0,summer,False,False,False,False,False,0.0,0.0
2024-12-27 10:02:55,81.0,18.6,7.56,1.93,0.0,0.0,0.0,25.9,0.0,summer,False,False,False,False,False,0.0,0.0
2024-12-27 10:32:55,79.8,34.4,7.65,1.86,0.0,0.0,0.0,23.9,27.8,summer,True,True,False,False,False,0.0,14.8
2024-12-27 11:02:55,84.7,30.7,7.71,1.81,0.0,0.0,0.0,22.3,31.2,summer,True,True,False,False,False,0.0,18.0
2024-12-27 11:32:55,91.1,28.4,7.74,1.85,0.0,0.0,0.0,22.3,0.0,summer,False,False,False,False,False,0.0,0.0
2024-12-27 12:02:55,90.9,23.2,7.82,1.85,0.0,0.0,0.0,22.3,0.0,summer,False,False,False,False,False,0.0,0.0
2024-12-27 12:32:55,89.3,31.2,7.83,1.79,0.0,0.0,0.0,20.4,39.4,summer,True,True,False,False,False,0.0,18.0
2024-12-27 13:02:55,95.0,26.6,7.86,1.83,0.0,0.0,0.0,20.4,0.0,summer,False,False,False,False,False,0.0,0.0
2024-12-27 13:32:55,93.1,32.2,7.93,1.84,0.0,0.0,0.0,17.6,40.9,summer,True,True,False,False,False,0.0,13.4
2024-12-27 14:02:55,95.0,29.5,7.86,1.8,0.0,0.0,0.0,32.3,0.0,summer,False,False,False,True,False,0.0,0.0
2024-12-27 14:32:55,93.1,29.6,7.94,1.79,0.0,0.0,0.0,32.3,0.0,summer,False,False,False,False,False,0.0,0.0
2024-12-27 15:02:55,92.2,27.6,7.97,1.74,0.0,0.0,0.0,32.3,0.0,summer,False,False,False,False,False,0.0,0.0
2024-12-27 15:32:55,92.0,28.0,7.96,1.83,0.0,0.0,0.0,32.3,0.0,summer,False,False,False,False,False,0.0,0.0
2024-12-27 16:02:55,91.9,36.2,7.99,1.92,0.0,0.0,0.0,29.9,35.9,summer,True,True,False,False,False,0.0,16.7
2024-12-27 16:32:55,95.0,22.8,8.05,1.81,0.0,0.0,0.0,29.9,0.0,summer,False,False,False,False,False,0.0,0.0
2024-12-27 17:02:55,94.9,29.1,8.01,1.81,0.0,0.0,0.0,29.9,0.0,summer,False,False,False,False,False,0.0,0.0
2024-12-27 17:32:55,94.3,27.2,7.92,1.78,0.0,0.0,0.0,29.9,0.0,summer,False,False,False,False,False,0.0,0.0
2024-12-27 18:02:55,93.6,29.8,7.99,1.82,0.0,0.0,0.0,29.9,0.0,summer,False,False,False,False,False,0.0,0.0
2024-12-27 18:32:55,92.1,28.1,7.97,1.8,0.0,0.0,0.0,29.9,0.0,summer,False,False,False,False,False,0.0,0.0
2024-12-27 19:02:55,91.1,23.6,7.95,1.77,0.0,0.0,0.0,29.9,0.0,summer,False,False,False,False,False,0.0,0.0
2024-12-27 19:32:55,89.6,34.1,7.95,1.78,0.0,0.0,0.0,28.2,40.0,summer,True,True,False,False,False,0.0,21.1
2024-12-27 20:02:55,93.9,28.6,8.02,1.77,0.0,0.0,0.0,28.2,0.0,summer,False,False,False,False,False,0.0,0.0
2024-12-27 20:32:55,93.8,27.8,7.92,1.82,0.0,0.0,0.0,28.2,0.0,summer,False,False,False,False,False,0.0,0.0
2024-12-27 21:02:55,93.2,25.1,7.9,1.82,0.0,0.0,0.0,28.2,0.0,summer,False,False,False,False,False,0.0,0.0
2024-12-27 21:32:55,92.5,22.6,7.96,1.88,0.0,0.0,0.0,28.2,0.0,summer,False,False,False,False,False,0.0,0.0
2024-12-27 22:02:55,90.8,25.4,7.91,1.89,0.0,0.0,0.0,28.2,0.0,summer,False,False,False,False,False,0.0,0.0
2024-12-27 22:32:55,89.9,33.5,7.9,1.94,0.0,0.0,0.0,25.2,55.2,summer,True,True,False,False,False,0.0,14.3
2024-12-27 23:02:55,94.7,35.2,7.92,2.03,0.0,0.0,0.0,22.8,47.1,summer,True,True,False,False,False,0.0,22.6
2024-12-27 23:32:55,95.0,24.9,7.81,2.06,0.0,0.0,0.0,22.8,0.0,summer,False,False,False,False,False,0.0,0.0
2024-12-28 00:02:55,93.6,28.8,7.81,2.01,0.0,0.0,0.0,22.8,0.0,summer,False,False,False,False,False,0.0,0.0
2024-12-28 00:32:55,93.5,25.8,7.77,2.08,0.0,0.0,0.0,22.8,0.0,summer,False,False,False,False,False,0.0,0.0
2024-12-28 01:02:55,91.7,29.2,7.76,2.15,0.0,0.0,0.0,22.8,0.0,summer,False,False,False,False,False,0.0,0.0
2024-12-28 01:32:55,89.8,28.0,7.82,2.15,0.0,0.0,0.0,22.8,0.0,summer,False,False,False,False,False,0.0,0.0
2024-12-28 02:02:55,88.0,23.7,7.8,2.14,0.0,0.0,0.0,22.8,0.0,summer,False,False,False,False,False,0.0,0.0
2024-12-28 02:32:55,87.6,27.1,7.77,2.16,0.0,0.0,0.0,22.8,0.0,summer,False,False,False,False,False,0.0,0.0
2024-12-28 03:02:55,86.7,24.2,7.76,2.12,0.0,0.0,0.0,22.8,0.0,summer,False,False,False,False,False,0.0,0.0
2024-12-28 03:32:55,86.6,27.2,7.75,2.05,0.0,0.0,0.0,22.8,0.0,summer,False,False,False,False,False,0.0,0.0
2024-12-28 04:02:55,86.5,26.2,7.72,2.01,0.0,0.0,0.0,22.8,0.0,summer,False,False,False,False,False,0.0,0.0
2024-12-28 04:32:55,85.2,34.3,7.74,2.03,0.0,0.0,0.0,21.6,59.8,summer,True,True,False,False,False,0.0,15.5
2024-12-28 05:02:55,90.3,27.7,7.74,1.99,0.0,0.0,0.0,21.6,0.0,summer,False,False,False,False,False,0.0,0.0
2024-12-28 05:32:55,89.8,36.2,7.77,1.92,0.0,0.0,0.0,19.8,20.7,summer,True,True,False,False,False,0.0,11.1
2024-12-28 06:02:55,95.0,25.3,7.73,1.87,0.0,0.0,0.0,33.3,0.0,summer,False,False,False,True,False,0.0,0.0
2024-12-28 06:32:55,94.6,29.3,7.7,1.87,0.0,0.0,0.0,33.3,0.0,summer,False,False,False,False,False,0.0,0.0
2024-12-28 07:02:55,93.8,29.1,7.7,1.87,0.0,0.0,0.0,33.3,0.0,summer,False,False,False,False,False,0.0,0.0
2024-12-28 07:32:55,92.6,27.3,7.64,1.83,0.0,0.0,0.0,33.3,0.0,summer,False,False,False,False,False,0.0,0.0
2024-12-28 08:02:55,91.8,30.6,7.67,1.79,0.0,0.0,0.0,31.8,21.5,summer,True,True,False,False,False,0.0,20.4
2024-12-28 08:32:55,95.0,30.7,7.73,1.76,0.0,0.0,0.0,29.2,43.0,summer,True,True,False,False,False,0.0,22.5
2024-12-28 09:02:55,95.0,26.4,7.79,1.74,0.0,0.0,0.0,29.2,0.0,summer,False,False,False,False,False,0.0,0.0
2024-12-28 09:32:55,94.4,35.4,7.75,1.7,0.0,0.0,0.0,26.7,28.8,summer,True,True,False,False,False,0.0,13.3
2024-12-28 10:02:55,95.0,28.2,7.67,1.67,0.0,0.0,0.0,26.7,0.0,summer,False,False,False,False,False,0.0,0.0
2024-12-28 10:32:55,94.4,34.3,7.66,1.77,0.0,0.0,0.0,25.3,35.3,summer,True,True,False,False,False,0.0,21.3
2024-12-28 11:02:55,95.0,24.2,7.72,1.83,0.0,0.0,0.0,25.3,0.0,summer,False,False,False,False,False,0.0,0.0
2024-12-28 11:32:55,94.3,30.0,7.78,1.8,0.0,0.0,0.0,24.3,51.2,summer,True,True,False,False,False,0.0,16.9
2024-12-28 12:02:55,95.0,34.7,7.65,1.8,0.0,0.0,0.0,21.7,38.8,summer,True,True,False,False,False,0.0,24.0
2024-12-28 12:32:55,95.0,17.6,7.57,1.79,0.0,0.0,0.0,21.7,0.0,summer,False,False,False,False,False,0.0,0.0
2024-12-28 13:02:55,94.8,27.3,7.6,1.65,0.0,0.0,0.0,21.7,0.0,summer,False,False,False,False,False,0.0,0.0
2024-12-28 13:32:55,94.1,30.6,7.69,1.64,0.0,0.0,0.0,20.4,47.6,summer,True,True,False,False,False,0.0,13.9
2024-12-28 14:02:55,95.0,26.7,7.77,1.63,0.0,0.0,0.0,20.4,0.0,summer,False,False,False,False,False,0.0,0.0
2024-12-28 14:32:55,94.0,22.7,7.75,1.63,0.0,0.0,0.0,20.4,0.0,summer,False,False,False,False,False,0.0,0.0
2024-12-28 15:02:55,92.7,27.7,7.7,1.51,0.0,0.0,0.0,20.4,0.0,summer,False,False,False,False,False,0.0,0.0
2024-12-28 15:32:55,90.8,25.1,7.69,1.51,0.0,0.0,0.0,20.4,0.0,summer,False,False,False,False,False,0.0,0.0
2024-12-28 16:02:55,89.1,23.6,7.69,1.42,0.0,0.0,0.0,20.4,0.0,summer,False,False,False,False,False,0.0,0.0
2024-12-28 16:32:55,87.4,33.6,7.7,1.43,0.0,0.0,0.0,18.8,46.1,summer,True,True,False,False,False,0.0,17.4
2024-12-28 17:02:55,95.0,31.2,7.65,1.48,0.0,0.0,0.0,27.4,31.9,summer,True,True,False,True,False,0.0,16.7
2024-12-28 17:32:55,95.0,23.4,7.7,1.49,0.0,0.0,0.0,27.4,0.0,summer,False,False,False,False,False,0.0,0.0
2024-12-28 18:02:55,93.1,19.4,7.7,1.46,0.0,0.0,0.0,27.4,0.0,summer,False,False,False,False,False,0.0,0.0
2024-12-28 18:32:55,91.2,19.8,7.64,1.5,0.0,0.0,0.0,27.4,0.0,summer,False,False,False,False,False,0.0,0.0
2024-12-28 19:02:55,89.3,22.5,7.64,1.53,0.0,0.0,0.0,27.4,0.0,summer,False,False,False,False,False,0.0,0.0
2024-12-28 19:32:55,88.8,23.1,7.7,1.48,0.0,0.0,0.0,27.4,0.0,summer,False,False,False,False,False,0.0,0.0
2024-12-28 20:02:55,87.4,27.6,7.68,1.51,0.0,0.0,0.0,27.4,0.0,summer,False,False,False,False,False,0.0,0.0
2024-12-28 20:32:55,86.3,34.8,7.56,1.48,0.0,0.0,0.0,26.1,46.2,summer,True,True,False,False,False,0.0,14.1
2024-12-28 21:02:55,92.8,30.0,7.57,1.48,0.0,0.0,0.0,25.0,46.9,summer,True,True,False,False,False,0.0,18.1
2024-12-28 21:32:55,95.0,33.5,7.47,1.45,0.0,0.0,0.0,22.8,50.9,summer,True,True,False,False,False,0.0,13.2
2024-12-28 22:02:55,95.0,27.0,7.51,1.45,0.0,0.0,0.0,22.8,0.0,summer,False,False,False,False,False,0.0,0.0
2024-12-28 22:32:55,93.1,27.7,7.43,1.5,0.0,0.0,0.0,22.8,0.0,summer,False,False,False,False,False,0.0,0.0
2024-12-28 23:02:55,91.2,31.4,7.35,1.53,0.0,0.0,0.0,21.8,20.9,summer,True,True,False,False,False,0.0,15.8
2024-12-28 23:32:55,95.0,28.7,7.33,1.58,0.0,0.0,0.0,21.8,0.0,summer,False,False,False,False,False,0.0,0.0
2024-12-29 00:02:55,94.6,30.6,7.33,1.51,0.0,0.0,0.0,19.9,22.3,summer,True,True,False,False,False,0.0,18.3
2024-12-29 00:32:55,95.0,20.0,7.25,1.5,0.0,0.0,0.0,34.6,0.0,summer,False,False,False,True,False,0.0,0.0
2024-12-29 01:02:55,94.1,32.6,7.33,1.42,0.0,0.0,0.0,32.4,44.5,summer,True,True,False,False,False,0.0,23.8
2024-12-29 01:32:55,95.0,30.7,7.38,1.47,0.0,0.0,0.0,29.6,50.1,summer,True,True,False,False,False,0.0,11.3
2024-12-29 02:02:55,95.0,26.7,7.37,1.54,0.0,0.0,0.0,29.6,0.0,summer,False,False,False,False,False,0.0,0.0
2024-12-29 02:32:55,95.0,22.5,7.33,1.6,0.0,0.0,0.0,29.6,0.0,summer,False,False,False,False,False,0.0,0.0
2024-12-29 03:02:55,93.7,27.7,7.32,1.57,0.0,0.0,0.0,29.6,0.0,summer,False,False,False,False,False,0.0,0.0
2024-12-29 03:32:55,93.7,25.0,7.28,1.58,0.0,0.0,0.0,29.6,0.0,summer,False,False,False,False,False,0.0,0.0
2024-12-29 04:02:55,92.2,24.3,7.29,1.57,0.0,0.0,0.0,29.6,0.0,summer,False,False,False,False,False,0.0,0.0
2024-12-29 04:32:55,91.3,29.0,7.27,1.56,0.0,0.0,0.0,29.6,0.0,summer,False,False,False,False,False,0.0,0.0
2024-12-29 05:02:55,89.9,31.4,7.29,1.62,0.0,0.0,0.0,26.8,33.6,summer,True,True,False,False,False,0.0,11.5
2024-12-29 05:32:55,95.0,31.1,7.31,1.6,0.0,0.0,0.0,25.6,42.3,summer,True,True,False,False,False,0.0,17.5
2024-12-29 06:02:55,95.0,28.3,7.27,1.57,0.0,0.0,0.0,25.6,0.0,summer,False,False,False,False,False,0.0,0.0
2024-12-29 06:32:55,93.3,25.7,7.29,1.54,0.0,0.0,0.0,25.6,0.0,summer,False,False,False,False,False,0.0,0.0
2024-12-29 07:02:55,93.3,27.3,7.39,1.53,0.0,0.0,0.0,25.6,0.0,summer,False,False,False,False,False,0.0,0.0
2024-12-29 07:32:55,92.6,37.9,7.4,1.5,0.0,0.0,0.0,23.0,42.6,summer,True,True,False,False,False,0.0,17.4
2024-12-29 08:02:55,95.0,20.7,7.43,1.61,0.0,0.0,0.0,23.0,0.0,summer,False,False,False,False,False,0.0,0.0
2024-12-29 08:32:55,93.4,22.3,7.39,1.55,0.0,0.0,0.0,23.0,0.0,summer,False,False,False,False,False,0.0,0.0
2024-12-29 09:02:55,92.1,21.5,7.45,1.55,0.0,0.0,0.0,23.0,0.0,summer,False,False,False,False,False,0.0,0.0
2024-12-29 09:32:55,90.8,27.2,7.43,1.59,0.0,0.0,0.0,23.0,0.0,summer,False,False,False,False,False,0.0,0.0
2024-12-29 10:02:55,88.9,34.2,7.37,1.54,0.0,0.0,0.0,20.6,57.8,summer,True,True,False,False,False,0.0,10.7
2024-12-29 10:32:55,94.0,27.0,7.38,1.57,0.0,0.0,0.0,20.6,0.0,summer,False,False,False,False,False,0.0,0.0
2024-12-29 11:02:55,94.0,23.6,7.28,1.58,0.0,0.0,0.0,20.6,0.0,summer,False,False,False,False,False,0.0,0.0
2024-12-29 11:32:55,92.3,18.4,7.33,1.64,0.0,0.0,0.0,20.6,0.0,summer,False,False,False,False,False,0.0,0.0
2024-12-29 12:02:55,92.1,22.0,7.27,1.61,0.0,0.0,0.0,20.6,0.0,summer,False,False,False,False,False,0.0,0.0
2024-12-29 12:32:55,91.6,27.7,7.23,1.6,0.0,0.0,0.0,20.6,0.0,summer,False,False,False,False,False,0.0,0.0
2024-12-29 13:02:55,89.8,26.1,7.26,1.51,0.0,0.0,0.0,20.6,0.0,summer,False,False,False,False,False,0.0,0.0
2024-12-29 13:32:55,88.1,22.7,7.36,1.48,0.0,0.0,0.0,20.6,0.0,summer,False,False,False,False,False,0.0,0.0
2024-12-29 14:02:55,87.8,20.2,7.35,1.52,0.0,0.0,0.0,20.6,0.0,summer,False,False,False,False,False,0.0,0.0
2024-12-29 14:32:55,87.0,27.6,7.31,1.44,0.0,0.0,0.0,20.6,0.0,summer,False,False,False,False,False,0.0,0.0
2024-12-29 15:02:55,85.5,25.2,7.26,1.41,0.0,0.0,0.0,20.6,0.0,summer,False,False,False,False,False,0.0,0.0
2024-12-29 15:32:55,83.6,36.5,7.27,1.38,0.0,0.0,0.0,19.3,35.2,summer,True,True,False,False,False,0.0,13.2
2024-12-29 16:02:55,92.8,21.9,7.3,1.42,0.0,0.0,0.0,33.8,0.0,summer,False,False,False,True,False,0.0,0.0
2024-12-29 16:32:55,91.5,27.1,7.34,1.47,0.0,0.0,0.0,33.8,0.0,summer,False,False,False,False,False,0.0,0.0
2024-12-29 17:02:55,89.8,21.1,7.32,1.54,0.0,0.0,0.0,33.8,0.0,summer,False,False,False,False,False,0.0,0.0
2024-12-29 17:32:55,89.1,21.7,7.29,1.55,0.0,0.0,0.0,33.8,0.0,summer,False,False,False,False,False,0.0,0.0
2024-12-29 18:02:55,87.2,24.0,7.36,1.59,0.0,0.0,0.0,33.8,0.0,summer,False,False,False,False,False,0.0,0.0
2024-12-29 18:32:55,85.4,26.3,7.35,1.66,0.0,0.0,0.0,33.8,0.0,summer,False,False,False,False,False,0.0,0.0
2024-12-29 19:02:55,83.8,26.5,7.25,1.72,0.0,0.0,0.0,33.8,0.0,summer,False,False,False,False,False,0.0,0.0
2024-12-29 19:32:55,81.9,19.8,7.25,1.69,0.0,0.0,0.0,33.8,0.0,summer,False,False,False,False,False,0.0,0.0
2024-12-29 20:02:55,80.3,25.0,7.19,1.7,0.0,0.0,0.0,33.8,0.0,summer,False,False,False,False,False,0.0,0.0
2024-12-29 20:32:55,78.5,28.2,7.24,1.8,0.0,0.0,0.0,33.8,0.0,summer,False,False,False,False,False,0.0,0.0
2024-12-29 21:02:55,77.5,23.9,7.27,1.7,0.0,0.0,0.0,33.8,0.0,summer,False,False,False,False,False,0.0,0.0
2024-12-29 21:32:55,76.3,22.5,7.31,1.84,0.0,0.0,0.0,33.8,0.0,summer,False,False,False,False,False,0.0,0.0
2024-12-29 22:02:55,75.0,31.3,7.27,1.85,0.0,0.0,0.0,31.1,57.6,summer,True,True,False,False,False,0.0,15.9
2024-12-29 22:32:55,84.2,26.6,7.27,1.83,0.0,0.0,0.0,31.1,0.0,summer,False,False,False,False,False,0.0,0.0
2024-12-29 23:02:55,82.6,22.9,7.3,1.75,0.0,0.0,0.0,31.1,0.0,summer,False,False,False,False,False,0.0,0.0
2024-12-29 23:32:55,82.5,26.9,7.29,1.83,0.0,0.0,0.0,31.1,0.0,summer,False,False,False,False,False,0.0,0.0
2024-12-30 00:02:55,81.1,21.2,7.27,1.78,0.0,0.0,0.0,31.1,0.0,summer,False,False,False,False,False,0.0,0.0
2024-12-30 00:32:55,80.7,23.6,7.27,1.74,0.0,0.0,0.0,31.1,0.0,summer,False,False,False,False,False,0.0,0.0
2024-12-30 01:02:55,80.6,29.6,7.29,1.81,0.0,0.0,0.0,31.1,0.0,summer,False,False,False,False,False,0.0,0.0
2024-12-30 01:32:55,80.4,23.0,7.31,1.86,0.0,0.0,0.0,31.1,0.0,summer,False,False,False,False,False,0.0,0.0
2024-12-30 02:02:55,79.8,28.1,7.32,1.88,0.0,0.0,0.0,31.1,0.0,summer,False,False,False,False,False,0.0,0.0
2024-12-30 02:32:55,78.8,24.4,7.31,1.85,0.0,0.0,0.0,31.1,0.0,summer,False,False,False,False,False,0.0,0.0
2024-12-30 03:02:55,77.3,27.6,7.22,1.87,0.0,0.0,0.0,31.1,0.0,summer,False,False,False,False,False,0.0,0.0
2024-12-30 03:32:55,75.9,24.4,7.22,1.82,0.0,0.0,0.0,31.1,0.0,summer,False,False,False,False,False,0.0,0.0
2024-12-30 04:02:55,74.7,27.7,7.18,1.79,0.0,0.0,0.0,31.1,0.0,summer,False,False,False,False,False,0.0,0.0
2024-12-30 04:32:55,73.1,39.6,7.27,1.86,0.0,0.0,0.0,28.7,55.2,summer,True,True,False,False,False,0.0,24.4
2024-12-30 05:02:55,81.0,32.0,7.26,1.85,0.0,0.0,0.0,27.5,36.1,summer,True,True,False,False,False,0.0,10.8
2024-12-30 05:32:55,86.4,32.1,7.26,1.94,0.0,0.0,0.0,24.6,23.9,summer,True,True,False,False,False,0.0,14.4
2024-12-30 06:02:55,91.9,30.2,7.22,1.95,0.0,0.0,0.0,23.4,28.8,summer,True,True,False,False,False,0.0,19.8
2024-12-30 06:32:55,95.0,27.5,7.25,2.04,0.0,0.0,0.0,23.4,0.0,summer,False,False,False,False,False,0.0,0.0
2024-12-30 07:02:55,94.7,35.4,7.18,2.01,0.0,0.0,0.0,20.8,39.2,summer,True,True,False,False,False,0.0,23.1
2024-12-30 07:32:55,95.0,30.9,7.23,2.03,0.0,0.0,0.0,18.7,32.9,summer,True,True,False,False,False,0.0,14.8
2024-12-30 08:02:55,95.0,30.6,7.26,2.11,0.0,0.0,0.0,28.5,21.7,summer,True,True,False,True,False,0.0,24.8
2024-12-30 08:32:55,95.0,30.6,7.14,2.11,0.0,0.0,0.0,26.2,42.2,summer,True,True,False,False,False,0.0,17.4
2024-12-30 09:02:55,95.0,27.2,7.04,2.11,0.0,0.0,0.0,26.2,0.0,summer,False,False,False,False,False,0.0,0.0
2024-12-30 09:32:55,93.3,35.4,6.99,2.13,0.0,0.0,0.0,23.8,49.6,summer,True,True,False,False,False,0.0,15.4
2024-12-30 10:02:55,95.0,24.2,7.0,2.08,0.0,0.0,0.0,23.8,0.0,summer,False,False,False,False,False,0.0,0.0
2024-12-30 10:32:55,93.0,27.7,6.84,2.04,0.0,0.0,0.0,23.8,0.0,summer,False,False,False,False,False,0.0,0.0
2024-12-30 11:02:55,92.2,16.8,6.86,2.01,0.0,0.0,0.0,23.8,0.0,summer,False,False,False,False,False,0.0,0.0
2024-12-30 11:32:55,91.0,26.8,6.94,2.12,0.0,0.0,0.0,23.8,0.0,summer,False,False,False,False,False,0.0,0.0
2024-12-30 12:02:55,90.7,28.2,6.87,2.19,0.0,0.0,0.0,23.8,0.0,summer,False,False,False,False,False,0.0,0.0
2024-12-30 12:32:55,89.9,24.2,6.76,2.18,0.0,0.0,0.0,23.8,0.0,summer,False,False,False,False,False,0.0,0.0
2024-12-30 13:02:55,89.1,24.0,6.77,2.17,0.0,0.0,0.0,23.8,0.0,summer,False,False,False,False,False,0.0,0.0
2024-12-30 13:32:55,88.9,26.9,6.75,2.2,0.0,0.0,0.0,23.8,0.0,summer,False,False,False,False,False,0.0,0.0
2024-12-30 14:02:55,87.7,24.4,6.7,2.2,0.0,0.0,0.0,23.8,0.0,summer,False,False,False,False,False,0.0,0.0
2024-12-30 14:32:55,87.1,27.8,6.81,2.23,0.0,0.0,0.0,23.8,0.0,summer,False,False,False,False,False,0.0,0.0
2024-12-30 15:02:55,85.7,37.7,6.76,2.26,0.0,0.0,0.0,21.5,21.5,summer,True,True,False,False,False,0.0,20.8
2024-12-30 15:32:55,91.9,18.9,6.74,2.17,0.0,0.0,0.0,21.5,0.0,summer,False,False,False,False,False,0.0,0.0
2024-12-30 16:02:55,90.2,25.6,6.82,2.13,0.0,0.0,0.0,21.5,0.0,summer,False,False,False,False,False,0.0,0.0
2024-12-30 16:32:55,89.3,33.8,6.82,2.03,0.0,0.0,0.0,19.7,57.4,summer,True,True,False,False,False,0.0,13.2
2024-12-30 17:02:55,95.0,29.9,6.81,2.12,0.0,0.0,0.0,27.3,0.0,summer,False,False,False,True,False,0.0,0.0
2024-12-30 17:32:55,93.4,23.6,6.85,2.03,0.0,0.0,0.0,27.3,0.0,summer,False,False,False,False,False,0.0,0.0
2024-12-30 18:02:55,92.3,32.3,6.78,2.03,0.0,0.0,0.0,25.7,56.7,summer,True,True,False,False,False,0.0,10.9
2024-12-30 18:32:55,95.0,29.4,6.84,1.96,0.0,0.0,0.0,25.7,0.0,summer,False,False,False,False,False,0.0,0.0
2024-12-30 19:02:55,94.7,26.7,6.83,1.94,0.0,0.0,0.0,25.7,0.0,summer,False,False,False,False,False,0.0,0.0
2024-12-30 19:32:55,93.9,25.2,6.76,1.97,0.0,0.0,0.0,25.7,0.0,summer,False,False,False,False,False,0.0,0.0
2024-12-30 20:02:55,93.8,20.6,6.76,2.05,0.0,0.0,0.0,25.7,0.0,summer,False,False,False,False,False,0.0,0.0
2024-12-30 20:32:55,93.4,30.7,6.8,2.06,0.0,0.0,0.0,22.8,38.1,summer,True,True,False,False,False,0.0,15.1
2024-12-30 21:02:55,95.0,17.9,6.76,2.0,0.0,0.0,0.0,22.8,0.0,summer,False,False,False,False,False,0.0,0.0
2024-12-30 21:32:55,93.5,32.2,6.71,1.92,0.0,0.0,0.0,19.9,51.1,summer,True,True,False,False,False,0.0,19.1
2024-12-30 22:02:55,95.0,23.7,6.7,1.88,0.0,0.0,0.0,26.3,0.0,summer,False,False,False,True,False,0.0,0.0
2024-12-30 22:32:55,93.1,27.3,6.67,1.89,0.0,0.0,0.0,26.3,0.0,summer,False,False,False,False,False,0.0,0.0
2024-12-30 23:02:55,91.7,27.0,6.69,1.91,0.0,0.0,0.0,26.3,0.0,summer,False,False,False,False,False,0.0,0.0
2024-12-30 23:32:55,90.0,35.6,6.65,1.84,0.0,0.0,0.0,24.8,29.9,summer,True,True,False,False,False,0.0,13.3
2024-12-31 00:02:55,95.0,19.7,6.64,1.85,0.0,0.0,0.0,24.8,0.0,summer,False,False,False,False,False,0.0,0.0
2024-12-31 00:32:55,93.9,29.7,6.58,1.81,0.0,0.0,0.0,24.8,0.0,summer,False,False,False,False,False,0.0,0.0
2024-12-31 01:02:55,92.6,29.5,6.55,1.89,0.0,0.0,0.0,24.8,0.0,summer,False,False,False,False,False,0.0,0.0
2024-12-31 01:32:55,91.0,28.6,6.52,1.85,0.0,0.0,0.0,24.8,0.0,summer,False,False,False,False,False,0.0,0.0
2024-12-31 02:02:55,89.1,26.9,6.49,1.87,0.0,0.0,0.0,24.8,0.0,summer,False,False,False,False,False,0.0,0.0
2024-12-31 02:32:55,87.2,37.2,6.47,1.95,0.0,0.0,0.0,22.2,21.0,summer,True,True,False,False,False,0.0,17.6
2024-12-31 03:02:55,93.2,27.0,6.52,2.03,0.0,0.0,0.0,22.2,0.0,summer,False,False,False,False,False,0.0,0.0
2024-12-31 03:32:55,93.1,35.1,6.51,1.95,0.0,0.0,0.0,21.2,46.1,summer,True,True,False,False,False,0.0,14.7
2024-12-31 04:02:55,95.0,27.7,6.51,1.91,0.0,0.0,0.0,21.2,0.0,summer,False,False,False,False,False,0.0,0.0
2024-12-31 04:32:55,93.3,25.8,6.51,1.87,0.0,0.0,0.0,21.2,0.0,summer,False,False,False,False,False,0.0,0.0
2024-12-31 05:02:55,92.0,28.5,6.56,1.88,0.0,0.0,0.0,21.2,0.0,summer,False,False,False,False,False,0.0,0.0
2024-12-31 05:32:55,91.0,30.2,6.52,1.89,0.0,0.0,0.0,19.9,36.5,summer,True,True,False,False,False,0.0,16.1
2024-12-31 06:02:55,95.0,31.7,6.57,1.88,0.0,0.0,0.0,26.2,42.5,summer,True,True,False,True,False,0.0,20.2
2024-12-31 06:32:55,95.0,25.1,6.6,1.95,0.0,0.0,0.0,26.2,0.0,summer,False,False,False,False,False,0.0,0.0
2024-12-31 07:02:55,94.6,33.3,6.63,1.95,0.0,0.0,0.0,24.6,44.3,summer,True,True,False,False,False,0.0,12.8
2024-12-31 07:32:55,95.0,28.0,6.56,2.06,0.0,0.0,0.0,24.6,0.0,summer,False,False,False,False,False,0.0,0.0
2024-12-31 08:02:55,93.7,24.6,6.55,2.19,0.0,0.0,0.0,24.6,0.0,summer,False,False,False,False,False,0.0,0.0
2024-12-31 08:32:55,92.4,29.0,6.64,2.33,0.0,0.0,0.0,24.6,0.0,summer,False,False,False,False,False,0.0,0.0
2024-12-31 09:02:55,90.5,33.7,6.7,2.33,0.0,0.0,0.0,22.7,22.6,summer,True,True,False,False,False,0.0,11.8
2024-12-31 09:32:55,95.0,29.9,6.76,2.31,0.0,0.0,0.0,22.7,0.0,summer,False,False,False,False,False,0.0,0.0
2024-12-31 10:02:55,93.4,30.2,6.74,2.28,0.0,0.0,0.0,20.4,58.4,summer,True,True,False,False,False,0.0,20.7
2024-12-31 10:32:55,95.0,32.2,6.81,2.27,0.0,0.0,0.0,18.2,31.1,summer,True,True,False,False,False,0.0,24.0
2024-12-31 11:02:55,95.0,24.4,6.78,2.26,0.0,0.0,0.0,31.1,0.0,summer,False,False,False,True,False,0.0,0.0
2024-12-31 11:32:55,94.6,22.8,6.79,2.24,0.0,0.0,0.0,31.1,0.0,summer,False,False,False,False,False,0.0,0.0
2024-12-31 12:02:55,92.8,27.0,6.79,2.2,0.0,0.0,0.0,31.1,0.0,summer,False,False,False,False,False,0.0,0.0
2024-12-31 12:32:55,92.7,27.0,6.86,2.11,0.0,0.0,0.0,31.1,0.0,summer,False,False,False,False,False,0.0,0.0
2024-12-31 13:02:55,91.6,27.1,6.86,2.2,0.0,0.0,0.0,31.1,0.0,summer,False,False,False,False,False,0.0,0.0
2024-12-31 13:32:55,89.7,34.8,6.81,2.2,0.0,0.0,0.0,28.6,46.8,summer,True,True,False,False,False,0.0,12.3
2024-12-31 14:02:55,95.0,22.5,6.94,2.24,0.0,0.0,0.0,28.6,0.0,summer,False,False,False,False,False,0.0,0.0
2024-12-31 14:32:55,94.7,32.1,6.88,2.3,0.0,0.0,0.0,26.7,32.7,summer,True,True,False,False,False,0.0,16.5
2024-12-31 15:02:55,95.0,26.8,6.81,2.28,0.0,0.0,0.0,26.7,0.0,summer,False,False,False,False,False,0.0,0.0
2024-12-31 15:32:55,94.9,25.6,6.92,2.3,0.0,0.0,0.0,26.7,0.0,summer,False,False,False,False,False,0.0,0.0
2024-12-31 16:02:55,93.9,28.5,6.93,2.18,0.0,0.0,0.0,26.7,0.0,summer,False,False,False,False,False,0.0,0.0
2024-12-31 16:32:55,92.2,25.6,6.92,2.16,0.0,0.0,0.0,26.7,0.0,summer,False,False,False,False,False,0.0,0.0
2024-12-31 17:02:55,90.8,28.0,6.93,2.11,0.0,0.0,0.0,26.7,0.0,summer,False,False,False,False,False,0.0,0.0
2024-12-31 17:32:55,90.4,21.4,6.94,2.12,0.0,0.0,0.0,26.7,0.0,summer,False,False,False,False,False,0.0,0.0
2024-12-31 18:02:55,88.7,27.4,6.93,2.06,0.0,0.0,0.0,26.7,0.0,summer,False,False,False,False,False,0.0,0.0
2024-12-31 18:32:55,87.5,19.7,6.95,2.02,0.0,0.0,0.0,26.7,0.0,summer,False,False,False,False,False,0.0,0.0
2024-12-31 19:02:55,87.3,22.5,7.03,2.06,0.0,0.0,0.0,26.7,0.0,summer,False,False,False,False,False,0.0,0.0
2024-12-31 19:32:55,87.0,24.6,6.93,2.07,0.0,0.0,0.0,26.7,0.0,summer,False,False,False,False,False,0.0,0.0
2024-12-31 20:02:55,85.2,31.2,6.9,2.15,0.0,0.0,0.0,25.2,33.4,summer,True,True,False,False,False,0.0,24.1
2024-12-31 20:32:55,92.6,32.1,6.93,2.11,0.0,0.0,0.0,22.2,23.6,summer,True,True,False,False,False,0.0,15.0
2024-12-31 21:02:55,95.0,32.1,6.94,2.06,0.0,0.0,0.0,21.0,53.9,summer,True,True,False,False,False,0.0,24.0
2024-12-31 21:32:55,95.0,27.9,6.94,1.99,0.0,0.0,0.0,21.0,0.0,summer,False,False,False,False,False,0.0,0.0
2024-12-31 22:02:55,93.0,31.9,6.99,1.98,0.0,0.0,0.0,18.5,29.4,summer,True,True,False,False,False,0.0,24.9
2024-12-31 22:32:55,95.0,27.9,6.96,2.0,0.0,0.0,0.0,29.2,0.0,summer,False,False,False,True,False,0.0,0.0
2024-12-31 23:02:55,93.7,15.1,6.94,2.03,0.0,0.0,0.0,29.2,0.0,summer,False,False,False,False,False,0.0,0.0
2024-12-31 23:32:55,92.2,25.7,6.95,2.06,0.0,0.0,0.0,29.2,0.0,summer,False,False,False,False,False,0.0,0.0
2025-01-01 00:02:55,90.3,30.1,6.9,2.05,0.0,0.0,0.0,26.9,37.6,summer,True,True,False,False,False,0.0,22.5
2025-01-01 00:32:55,95.0,21.4,6.94,2.1,0.0,0.0,0.0,26.9,0.0,summer,False,False,False,False,False,0.0,0.0
2025-01-01 01:02:55,93.6,25.6,6.93,2.08,0.0,0.0,0.0,26.9,0.0,summer,False,False,False,False,False,0.0,0.0
2025-01-01 01:32:55,93.3,22.6,6.96,1.96,0.0,0.0,0.0,26.9,0.0,summer,False,False,False,False,False,0.0,0.0
2025-01-01 02:02:55,93.3,27.4,6.93,2.04,0.0,0.0,0.0,26.9,0.0,summer,False,False,False,False,False,0.0,0.0
2025-01-01 02:32:55,92.9,25.2,6.84,2.04,0.0,0.0,0.0,26.9,0.0,summer,False,False,False,False,False,0.0,0.0
2025-01-01 03:02:55,92.1,21.8,6.77,2.07,0.0,0.0,0.0,26.9,0.0,summer,False,False,False,False,False,0.0,0.0
2025-01-01 03:32:55,91.2,23.9,6.72,2.06,0.0,0.0,0.0,26.9,0.0,summer,False,False,False,False,False,0.0,0.0
2025-01-01 04:02:55,89.8,25.1,6.74,2.03,0.0,0.0,0.0,26.9,0.0,summer,False,False,False,False,False,0.0,0.0
2025-01-01 04:32:55,88.9,28.4,6.68,2.08,0.0,0.0,0.0,26.9,0.0,summer,False,False,False,False,False,0.0,0.0
2025-01-01 05:02:55,87.3,31.3,6.76,2.09,0.0,0.0,0.0,24.8,20.9,summer,True,True,False,False,False,0.0,17.3
2025-01-01 05:32:55,93.5,33.9,6.79,2.06,0.0,0.0,0.0,23.3,56.2,summer,True,True,False,False,False,0.0,14.6
2025-01-01 06:02:55,95.0,24.2,6.87,2.13,0.0,0.0,0.0,23.3,0.0,summer,False,False,False,False,False,0.0,0.0
2025-01-01 06:32:55,94.2,36.3,6.86,2.13,0.0,0.0,0.0,20.7,35.6,summer,True,True,False,False,False,0.0,12.2
2025-01-01 07:02:55,95.0,27.9,6.88,2.17,0.0,0.0,0.0,20.7,0.0,summer,False,False,False,False,False,0.0,0.0
2025-01-01 07:32:55,93.6,22.4,6.9,2.18,0.0,0.0,0.0,20.7,0.0,summer,False,False,False,False,False,0.0,0.0
2025-01-01 08:02:55,92.4,26.8,6.87,2.14,0.0,0.0,0.0,20.7,0.0,summer,False,False,False,False,False,0.0,0.0
2025-01-01 08:32:55,90.7,25.6,6.85,2.13,0.0,0.0,0.0,20.7,0.0,summer,False,False,False,False,False,0.0,0.0
2025-01-01 09:02:55,89.1,16.7,6.89,2.14,0.0,0.0,0.0,20.7,0.0,summer,False,False,False,False,False,0.0,0.0
2025-01-01 09:32:55,87.8,33.2,6.93,2.05,0.0,0.0,0.0,19.0,27.2,summer,True,True,False,False,False,0.0,14.8
2025-01-01 10:02:55,93.8,32.7,6.86,2.05,0.0,0.0,0.0,25.1,37.4,summer,True,True,False,True,False,0.0,15.9
2025-01-01 10:32:55,95.0,28.4,6.85,2.0,0.0,0.0,0.0,25.1,0.0,summer,False,False,False,False,False,0.0,0.0
2025-01-01 11:02:55,93.5,34.8,6.83,2.0,0.0,0.0,0.0,23.9,53.8,summer,True,True,False,False,False,0.0,21.6
2025-01-01 11:32:55,95.0,28.7,6.75,2.05,0.0,0.0,0.0,23.9,0.0,summer,False,False,False,False,False,0.0,0.0
2025-01-01 12:02:55,93.5,28.0,6.77,2.04,0.0,0.0,0.0,23.9,0.0,summer,False,False,False,False,False,0.0,0.0
2025-01-01 12:32:55,91.9,29.6,6.85,1.99,0.0,0.0,0.0,23.9,0.0,summer,False,False,False,False,False,0.0,0.0
2025-01-01 13:02:55,91.0,26.4,6.74,1.97,0.0,0.0,0.0,23.9,0.0,summer,False,False,False,False,False,0.0,0.0
2025-01-01 13:32:55,89.4,26.1,6.73,2.05,0.0,0.0,0.0,23.9,0.0,summer,False,False,False,False,False,0.0,0.0
2025-01-01 14:02:55,88.7,33.7,6.77,2.04,0.0,0.0,0.0,22.6,47.7,summer,True,True,False,False,False,0.0,10.3
2025-01-01 14:32:55,93.1,29.7,6.81,2.03,0.0,0.0,0.0,22.6,0.0,summer,False,False,False,False,False,0.0,0.0
2025-01-01 15:02:55,92.0,29.7,6.76,2.09,0.0,0.0,0.0,22.6,0.0,summer,False,False,False,False,False,0.0,0.0
2025-01-01 15:32:55,91.1,29.2,6.76,2.12,0.0,0.0,0.0,22.6,0.0,summer,False,False,False,False,False,0.0,0.0
2025-01-01 16:02:55,89.7,24.4,6.68,2.21,0.0,0.0,0.0,22.6,0.0,summer,False,False,False,False,False,0.0,0.0
2025-01-01 16:32:55,87.9,30.4,6.6,2.11,0.0,0.0,0.0,20.2,25.0,summer,True,True,False,False,False,0.0,14.0
2025-01-01 17:02:55,95.0,25.9,6.61,2.15,0.0,0.0,0.0,20.2,0.0,summer,False,False,False,False,False,0.0,0.0
2025-01-01 17:32:55,94.3,24.6,6.66,2.13,0.0,0.0,0.0,20.2,0.0,summer,False,False,False,False,False,0.0,0.0
2025-01-01 18:02:55,93.4,34.3,6.64,2.12,0.0,0.0,0.0,19.0,54.9,summer,True,True,False,False,False,0.0,22.1
2025-01-01 18:32:55,95.0,15.7,6.7,2.1,0.0,0.0,0.0,28.8,0.0,summer,False,False,False,True,False,0.0,0.0
2025-01-01 19:02:55,94.5,21.0,6.73,2.16,0.0,0.0,0.0,28.8,0.0,summer,False,False,False,False,False,0.0,0.0
2025-01-01 19:32:55,93.0,16.9,6.68,2.2,0.0,0.0,0.0,28.8,0.0,summer,False,False,False,False,False,0.0,0.0
2025-01-01 20:02:55,91.2,36.8,6.73,2.19,0.0,0.0,0.0,26.2,37.4,summer,True,True,False,False,False,0.0,15.8
2025-01-01 20:32:55,95.0,27.1,6.71,2.2,0.0,0.0,0.0,26.2,0.0,summer,False,False,False,False,False,0.0,0.0
2025-01-01 21:02:55,94.9,24.8,6.69,2.25,0.0,0.0,0.0,26.2,0.0,summer,False,False,False,False,False,0.0,0.0
2025-01-01 21:32:55,93.0,32.1,6.66,2.29,0.0,0.0,0.0,23.5,24.2,summer,True,True,False,False,False,0.0,20.8
2025-01-01 22:02:55,95.0,32.2,6.62,2.27,0.0,0.0,0.0,21.7,59.5,summer,True,True,False,False,False,0.0,23.4
2025-01-01 22:32:55,95.0,27.4,6.66,2.28,0.0,0.0,0.0,21.7,0.0,summer,False,False,False,False,False,0.0,0.0
2025-01-01 23:02:55,93.7,34.4,6.6,2.3,0.0,0.0,0.0,19.3,59.9,summer,True,True,False,False,False,0.0,12.8
2025-01-01 23:32:55,95.0,23.6,6.63,2.31,0.0,0.0,0.0,25.3,0.0,summer,False,False,False,True,False,0.0,0.0
2025-01-02 00:02:55,93.3,40.0,6.65,2.38,0.0,0.0,0.0,22.3,47.6,summer,True,True,False,False,False,0.0,22.2
2025-01-02 00:32:55,95.0,33.9,6.71,2.4,0.0,0.0,0.0,20.9,25.7,summer,True,True,False,False,False,0.0,24.5
2025-01-02 01:02:55,95.0,22.1,6.65,2.34,0.0,0.0,0.0,20.9,0.0,summer,False,False,False,False,False,0.0,0.0
2025-01-02 01:32:55,94.5,27.3,6.71,2.35,0.0,0.0,0.0,20.9,0.0,summer,False,False,False,False,False,0.0,0.0
2025-01-02 02:02:55,93.2,25.9,6.74,2.31,0.0,0.0,0.0,20.9,0.0,summer,False,False,False,False,False,0.0,0.0
2025-01-02 02:32:55,92.6,19.5,6.75,2.25,0.0,0.0,0.0,20.9,0.0,summer,False,False,False,False,False,0.0,0.0
2025-01-02 03:02:55,92.1,27.4,6.78,2.21,0.0,0.0,0.0,20.9,0.0,summer,False,False,False,False,False,0.0,0.0
2025-01-02 03:32:55,91.3,27.0,6.76,2.3,0.0,0.0,0.0,20.9,0.0,summer,False,False,False,False,False,0.0,0.0
2025-01-02 04:02:55,91.1,31.9,6.85,2.25,0.0,0.0,0.0,18.4,25.0,summer,True,True,False,False,False,0.0,19.1
2025-01-02 04:32:55,95.0,26.1,6.9,2.29,0.0,0.0,0.0,32.1,0.0,summer,False,False,False,True,False,0.0,0.0
2025-01-02 05:02:55,94.9,33.0,6.9,2.34,0.0,0.0,0.0,29.8,33.7,summer,True,True,False,False,False,0.0,13.2
2025-01-02 05:32:55,95.0,24.4,6.96,2.38,0.0,0.0,0.0,29.8,0.0,summer,False,False,False,False,False,0.0,0.0
2025-01-02 06:02:55,93.7,34.0,6.84,2.31,0.0,0.0,0.0,27.0,20.2,summer,True,True,False,False,False,0.0,24.7
2025-01-02 06:32:55,95.0,39.0,6.92,2.23,0.0,0.0,0.0,24.5,20.3,summer,True,True,False,False,False,0.0,15.2
2025-01-02 07:02:55,95.0,35.0,6.95,2.27,0.0,0.0,0.0,21.8,42.1,summer,True,True,False,False,False,0.0,17.0
2025-01-02 07:32:55,95.0,21.9,6.95,2.33,0.0,0.0,0.0,21.8,0.0,summer,False,False,False,False,False,0.0,0.0
2025-01-02 08:02:55,93.0,20.1,7.07,2.36,0.0,0.0,0.0,21.8,0.0,summer,False,False,False,False,False,0.0,0.0
2025-01-02 08:32:55,91.8,36.2,6.96,2.54,0.0,0.0,0.0,19.7,44.4,summer,True,True,False,False,False,0.0,15.9
2025-01-02 09:02:55,95.0,30.3,6.86,2.58,0.0,0.0,0.0,23.4,20.1,summer,True,True,False,True,False,0.0,10.4
2025-01-02 09:32:55,95.0,26.7,6.97,2.56,0.0,0.0,0.0,23.4,0.0,summer,False,False,False,False,False,0.0,0.0
2025-01-02 10:02:55,93.1,26.8,6.93,2.55,0.0,0.0,0.0,23.4,0.0,summer,False,False,False,False,False,0.0,0.0
2025-01-02 10:32:55,92.1,24.1,6.98,2.56,0.0,0.0,0.0,23.4,0.0,summer,False,False,False,False,False,0.0,0.0
2025-01-02 11:02:55,90.7,22.9,6.98,2.61,0.0,0.0,0.0,23.4,0.0,summer,False,False,False,False,False,0.0,0.0
2025-01-02 11:32:55,90.3,26.7,6.98,2.57,0.0,0.0,0.0,23.4,0.0,summer,False,False,False,False,False,0.0,0.0
2025-01-02 12:02:55,89.9,31.1,6.9,2.6,0.0,0.0,0.0,21.0,49.3,summer,True,True,False,False,False,0.0,23.9
2025-01-02 12:32:55,95.0,27.6,6.83,2.59,0.0,0.0,0.0,21.0,0.0,summer,False,False,False,False,False,0.0,0.0
2025-01-02 13:02:55,95.0,23.5,6.8,2.55,0.0,0.0,0.0,21.0,0.0,summer,False,False,False,False,False,0.0,0.0
2025-01-02 13:32:55,93.3,22.5,6.85,2.55,0.0,0.0,0.0,21.0,0.0,summer,False,False,False,False,False,0.0,0.0
2025-01-02 14:02:55,92.3,24.2,6.88,2.52,0.0,0.0,0.0,21.0,0.0,summer,False,False,False,False,False,0.0,0.0
2025-01-02 14:32:55,91.5,33.8,6.81,2.42,0.0,0.0,0.0,19.9,56.6,summer,True,True,False,False,False,0.0,22.0
2025-01-02 15:02:55,95.0,33.5,6.81,2.44,0.0,0.0,0.0,24.9,59.1,summer,True,True,False,True,False,0.0,13.5
2025-01-02 15:32:55,95.0,29.9,6.82,2.38,0.0,0.0,0.0,24.9,0.0,summer,False,False,False,False,False,0.0,0.0
2025-01-02 16:02:55,94.3,28.2,6.81,2.38,0.0,0.0,0.0,24.9,0.0,summer,False,False,False,False,False,0.0,0.0
2025-01-02 16:32:55,93.2,31.3,6.72,2.33,0.0,0.0,0.0,21.9,36.9,summer,True,True,False,False,False,0.0,20.9
2025-01-02 17:02:55,95.0,27.3,6.71,2.35,0.0,0.0,0.0,21.9,0.0,summer,False,False,False,False,False,0.0,0.0
2025-01-02 17:32:55,94.9,23.6,6.7,2.4,0.0,0.0,0.0,21.9,0.0,summer,False,False,False,False,False,0.0,0.0
2025-01-02 18:02:55,94.9,36.3,6.75,2.48,0.0,0.0,0.0,20.5,52.9,summer,True,True,False,False,False,0.0,13.7
2025-01-02 18:32:55,95.0,28.7,6.8,2.45,0.0,0.0,0.0,20.5,0.0,summer,False,False,False,False,False,0.0,0.0
2025-01-02 19:02:55,93.4,28.5,6.84,2.54,0.0,0.0,0.0,20.5,0.0,summer,False,False,False,False,False,0.0,0.0
2025-01-02 19:32:55,93.0,32.0,6.95,2.54,0.0,0.0,0.0,18.1,26.7,summer,True,True,False,False,False,0.0,22.4
2025-01-02 20:02:55,95.0,28.4,6.98,2.48,0.0,0.0,0.0,33.0,0.0,summer,False,False,False,True,False,0.0,0.0
2025-01-02 20:32:55,94.9,28.4,6.99,2.38,0.0,0.0,0.0,33.0,0.0,summer,False,False,False,False,False,0.0,0.0
2025-01-02 21:02:55,93.8,31.5,7.0,2.36,0.0,0.0,0.0,30.2,56.4,summer,True,True,False,False,False,0.0,15.3
2025-01-02 21:32:55,95.0,25.5,6.96,2.41,0.0,0.0,0.0,30.2,0.0,summer,False,False,False,False,False,0.0,0.0
2025-01-02 22:02:55,93.6,22.9,7.02,2.42,0.0,0.0,0.0,30.2,0.0,summer,False,False,False,False,False,0.0,0.0
2025-01-02 22:32:55,93.5,15.5,7.09,2.47,0.0,0.0,0.0,30.2,0.0,summer,False,False,False,False,False,0.0,0.0
2025-01-02 23:02:55,92.5,34.3,7.07,2.54,0.0,0.0,0.0,28.3,21.8,summer,True,True,False,False,False,0.0,19.6
2025-01-02 23:32:55,95.0,24.5,7.0,2.6,0.0,0.0,0.0,28.3,0.0,summer,False,False,False,False,False,0.0,0.0
2025-01-03 00:02:55,94.5,26.2,7.0,2.58,0.0,0.0,0.0,28.3,0.0,summer,False,False,False,False,False,0.0,0.0
2025-01-03 00:32:55,93.8,31.8,6.96,2.68,0.0,0.0,0.0,25.6,58.6,summer,True,True,False,False,False,0.0,19.8
2025-01-03 01:02:55,95.0,25.3,6.87,2.68,0.0,0.0,0.0,25.6,0.0,summer,False,False,False,False,False,0.0,0.0
2025-01-03 01:32:55,94.0,28.5,6.83,2.7,0.0,0.0,0.0,25.6,0.0,summer,False,False,False,False,False,0.0,0.0
2025-01-03 02:02:55,92.9,30.6,6.81,2.77,0.0,0.0,0.0,23.4,51.8,summer,True,True,False,False,False,0.0,13.5
2025-01-03 02:32:55,95.0,26.6,6.8,2.71,0.0,0.0,0.0,23.4,0.0,summer,False,False,False,False,False,0.0,0.0
2025-01-03 03:02:55,93.6,29.2,6.83,2.66,0.0,0.0,0.0,23.4,0.0,summer,False,False,False,False,False,0.0,0.0
2025-01-03 03:32:55,93.1,31.6,6.87,2.63,0.0,0.0,0.0,21.0,35.6,summer,True,True,False,False,False,0.0,18.4
2025-01-03 04:02:55,95.0,26.1,6.89,2.54,0.0,0.0,0.0,21.0,0.0,summer,False,False,False,False,False,0.0,0.0
2025-01-03 04:32:55,93.9,33.9,6.79,2.62,0.0,0.0,0.0,19.0,48.3,summer,True,True,False,False,False,0.0,20.8
2025-01-03 05:02:55,95.0,28.1,6.81,2.61,0.0,0.0,0.0,27.5,0.0,summer,False,False,False,True,False,0.0,0.0
2025-01-03 05:32:55,93.0,23.1,6.71,2.63,0.0,0.0,0.0,27.5,0.0,summer,False,False,False,False,False,0.0,0.0
2025-01-03 06:02:55,92.8,20.9,6.62,2.68,0.0,0.0,0.0,27.5,0.0,summer,False,False,False,False,False,0.0,0.0
2025-01-03 06:32:55,91.4,21.9,6.61,2.6,0.0,0.0,0.0,27.5,0.0,summer,False,False,False,False,False,0.0,0.0
2025-01-03 07:02:55,90.5,31.8,6.65,2.63,0.0,0.0,0.0,25.4,31.6,summer,True,True,False,False,False,0.0,22.3
2025-01-03 07:32:55,94.7,30.5,6.68,2.6,0.0,0.0,0.0,23.0,37.1,summer,True,True,False,False,False,0.0,14.7
2025-01-03 08:02:55,95.0,31.5,6.7,2.58,0.0,0.0,0.0,21.9,34.0,summer,True,True,False,False,False,0.0,14.5
2025-01-03 08:32:55,95.0,33.1,6.69,2.61,0.0,0.0,0.0,19.5,34.4,summer,True,True,False,False,False,0.0,21.4
2025-01-03 09:02:55,95.0,29.2,6.67,2.67,0.0,0.0,0.0,34.3,0.0,summer,False,False,False,True,False,0.0,0.0
2025-01-03 09:32:55,95.0,31.7,6.69,2.65,0.0,0.0,0.0,31.5,43.5,summer,True,True,False,False,False,0.0,23.5
2025-01-03 10:02:55,95.0,23.7,6.76,2.64,0.0,0.0,0.0,31.5,0.0,summer,False,False,False,False,False,0.0,0.0
2025-01-03 10:32:55,94.4,29.6,6.74,2.56,0.0,0.0,0.0,31.5,0.0,summer,False,False,False,False,False,0.0,0.0
2025-01-03 11:02:55,93.7,25.5,6.75,2.57,0.0,0.0,0.0,31.5,0.0,summer,False,False,False,False,False,0.0,0.0
2025-01-03 11:32:55,93.1,29.9,6.81,2.53,0.0,0.0,0.0,31.5,0.0,summer,False,False,False,False,False,0.0,0.0
2025-01-03 12:02:55,92.3,16.3,6.75,2.53,0.0,0.0,0.0,31.5,0.0,summer,False,False,False,False,False,0.0,0.0
2025-01-03 12:32:55,90.6,22.9,6.71,2.5,0.0,0.0,0.0,31.5,0.0,summer,False,False,False,False,False,0.0,0.0
2025-01-03 13:02:55,90.2,39.4,6.66,2.49,0.0,0.0,0.0,30.2,22.8,summer,True,True,False,False,False,0.0,18.4
2025-01-03 13:32:55,95.0,20.8,6.69,2.6,0.0,0.0,0.0,30.2,0.0,summer,False,False,False,False,False,0.0,0.0
2025-01-03 14:02:55,94.7,32.9,6.72,2.57,0.0,0.0,0.0,27.9,47.2,summer,True,True,False,False,False,0.0,11.1
2025-01-03 14:32:55,95.0,31.7,6.78,2.56,0.0,0.0,0.0,25.7,22.3,summer,True,True,False,False,False,0.0,23.1
2025-01-03 15:02:55,95.0,23.1,6.77,2.58,0.0,0.0,0.0,25.7,0.0,summer,False,False,False,False,False,0.0,0.0
2025-01-03 15:32:55,94.1,19.4,6.7,2.6,0.0,0.0,0.0,25.7,0.0,summer,False,False,False,False,False,0.0,0.0
2025-01-03 16:02:55,94.0,22.7,6.75,2.59,0.0,0.0,0.0,25.7,0.0,summer,False,False,False,False,False,0.0,0.0
2025-01-03 16:32:55,92.2,25.2,6.85,2.65,0.0,0.0,0.0,25.7,0.0,summer,False,False,False,False,False,0.0,0.0
2025-01-03 17:02:55,90.8,25.2,6.84,2.71,0.0,0.0,0.0,25.7,0.0,summer,False,False,False,False,False,0.0,0.0
2025-01-03 17:32:55,89.8,20.3,6.8,2.72,0.0,0.0,0.0,25.7,0.0,summer,False,False,False,False,False,0.0,0.0
2025-01-03 18:02:55,87.9,26.3,6.89,2.66,0.0,0.0,0.0,25.7,0.0,summer,False,False,False,False,False,0.0,0.0
2025-01-03 18:32:55,86.2,33.5,6.97,2.6,0.0,0.0,0.0,24.5,27.7,summer,True,True,False,False,False,0.0,15.3
2025-01-03 19:02:55,90.3,29.3,6.94,2.6,0.0,0.0,0.0,24.5,0.0,summer,False,False,False,False,False,0.0,0.0
2025-01-03 19:32:55,88.3,33.2,6.91,2.57,0.0,0.0,0.0,21.8,38.3,summer,True,True,False,False,False,0.0,21.4
2025-01-03 20:02:55,95.0,32.7,6.93,2.55,0.0,0.0,0.0,20.3,35.5,summer,True,True,False,False,False,0.0,16.1
2025-01-03 20:32:55,95.0,26.0,6.97,2.53,0.0,0.0,0.0,20.3,0.0,summer,False,False,False,False,False,0.0,0.0
2025-01-03 21:02:55,93.9,28.6,7.04,2.52,0.0,0.0,0.0,20.3,0.0,summer,False,False,False,False,False,0.0,0.0
2025-01-03 21:32:55,93.1,30.9,6.99,2.46,0.0,0.0,0.0,17.7,58.7,summer,True,True,False,False,False,0.0,11.4
2025-01-03 22:02:55,95.0,36.0,6.98,2.31,0.0,0.0,0.0,23.3,20.5,summer,True,True,False,True,False,0.0,24.9
2025-01-03 22:32:55,95.0,21.1,7.01,2.25,0.0,0.0,0.0,23.3,0.0,summer,False,False,False,False,False,0.0,0.0
2025-01-03 23:02:55,93.7,24.4,7.01,2.24,0.0,0.0,0.0,23.3,0.0,summer,False,False,False,False,False,0.0,0.0
2025-01-03 23:32:55,92.1,22.2,7.08,2.33,0.0,0.0,0.0,23.3,0.0,summer,False,False,False,False,False,0.0,0.0
2025-01-04 00:02:55,90.8,29.2,7.12,2.28,0.0,0.0,0.0,23.3,0.0,summer,False,False,False,False,False,0.0,0.0
2025-01-04 00:32:55,89.0,32.9,7.19,2.31,0.0,0.0,0.0,20.4,40.5,summer,True,True,False,False,False,0.0,22.6
2025-01-04 01:02:55,93.6,6.8,7.19,2.29,0.0,0.0,0.0,20.4,0.0,summer,False,False,False,False,False,0.0,0.0
2025-01-04 01:32:55,91.6,16.6,7.26,2.22,0.0,0.0,0.0,20.4,0.0,summer,False,False,False,False,False,0.0,0.0
2025-01-04 02:02:55,90.8,29.9,7.24,2.22,0.0,0.0,0.0,20.4,0.0,summer,False,False,False,False,False,0.0,0.0
2025-01-04 02:32:55,89.8,31.8,7.31,2.21,0.0,0.0,0.0,18.7,25.4,summer,True,True,False,False,False,0.0,21.7
2025-01-04 03:02:55,95.0,26.8,7.38,2.31,0.0,0.0,0.0,27.1,0.0,summer,False,False,False,True,False,0.0,0.0
2025-01-04 03:32:55,94.2,26.4,7.3,2.25,0.0,0.0,0.0,27.1,0.0,summer,False,False,False,False,False,0.0,0.0
2025-01-04 04:02:55,93.6,30.5,7.25,2.26,0.0,0.0,0.0,25.6,53.2,summer,True,True,False,False,False,0.0,24.7
2025-01-04 04:32:55,95.0,33.7,7.21,2.35,0.0,0.0,0.0,22.8,50.6,summer,True,True,False,False,False,0.0,21.8
2025-01-04 05:02:55,95.0,29.7,7.19,2.35,0.0,0.0,0.0,22.8,0.0,summer,False,False,False,False,False,0.0,0.0
2025-01-04 05:32:55,93.9,20.8,7.2,2.32,0.0,0.0,0.0,22.8,0.0,summer,False,False,False,False,False,0.0,0.0
2025-01-04 06:02:55,93.3,18.7,7.1,2.25,0.0,0.0,0.0,22.8,0.0,summer,False,False,False,False,False,0.0,0.0
2025-01-04 06:32:55,93.0,30.6,7.05,2.28,0.0,0.0,0.0,20.2,22.7,summer,True,True,False,False,False,0.0,10.7
2025-01-04 07:02:55,95.0,25.8,7.01,2.3,0.0,0.0,0.0,20.2,0.0,summer,False,False,False,False,False,0.0,0.0
2025-01-04 07:32:55,93.8,30.2,6.93,2.28,0.0,0.0,0.0,17.9,49.7,summer,True,True,False,False,False,0.0,10.6
2025-01-04 08:02:55,95.0,27.8,6.99,2.31,0.0,0.0,0.0,23.8,0.0,summer,False,False,False,True,False,0.0,0.0
2025-01-04 08:32:55,94.3,31.1,7.01,2.37,0.0,0.0,0.0,22.0,35.7,summer,True,True,False,False,False,0.0,12.7
2025-01-04 09:02:55,95.0,21.6,7.03,2.32,0.0,0.0,0.0,22.0,0.0,summer,False,False,False,False,False,0.0,0.0
2025-01-04 09:32:55,94.3,28.0,6.95,2.31,0.0,0.0,0.0,22.0,0.0,summer,False,False,False,False,False,0.0,0.0
2025-01-04 10:02:55,94.3,25.4,7.02,2.28,0.0,0.0,0.0,22.0,0.0,summer,False,False,False,False,False,0.0,0.0
2025-01-04 10:32:55,93.0,34.5,6.93,2.24,0.0,0.0,0.0,20.6,49.8,summer,True,True,False,False,False,0.0,22.9
2025-01-04 11:02:55,95.0,23.1,6.91,2.23,0.0,0.0,0.0,20.6,0.0,summer,False,False,False,False,False,0.0,0.0
2025-01-04 11:32:55,93.1,31.3,6.89,2.24,0.0,0.0,0.0,18.6,44.6,summer,True,True,False,False,False,0.0,16.4
2025-01-04 12:02:55,95.0,26.7,6.86,2.33,0.0,0.0,0.0,26.2,0.0,summer,False,False,False,True,False,0.0,0.0
2025-01-04 12:32:55,94.7,28.4,6.89,2.35,0.0,0.0,0.0,26.2,0.0,summer,False,False,False,False,False,0.0,0.0
2025-01-04 13:02:55,93.6,29.0,6.84,2.41,0.0,0.0,0.0,26.2,0.0,summer,False,False,False,False,False,0.0,0.0
2025-01-04 13:32:55,93.2,24.0,6.83,2.43,0.0,0.0,0.0,26.2,0.0,summer,False,False,False,False,False,0.0,0.0
2025-01-04 14:02:55,92.6,27.6,6.75,2.56,0.0,0.0,0.0,26.2,0.0,summer,False,False,False,False,False,0.0,0.0
2025-01-04 14:32:55,91.6,22.3,6.69,2.58,0.0,0.0,0.0,26.2,0.0,summer,False,False,False,False,False,0.0,0.0
2025-01-04 15:02:55,91.3,26.9,6.66,2.6,0.0,0.0,0.0,26.2,0.0,summer,False,False,False,False,False,0.0,0.0
2025-01-04 15:32:55,90.3,26.7,6.68,2.59,0.0,0.0,0.0,26.2,0.0,summer,False,False,False,False,False,0.0,0.0
2025-01-04 16:02:55,89.7,31.7,6.64,2.61,0.0,0.0,0.0,25.0,30.9,summer,True,True,False,False,False,0.0,20.7
2025-01-04 16:32:55,95.0,27.7,6.58,2.61,0.0,0.0,0.0,25.0,0.0,summer,False,False,False,False,False,0.0,0.0
2025-01-04 17:02:55,94.4,29.7,6.51,2.67,0.0,0.0,0.0,25.0,0.0,summer,False,False,False,False,False,0.0,0.0
2025-01-04 17:32:55,93.6,35.1,6.47,2.69,0.0,0.0,0.0,22.8,42.1,summer,True,True,False,False,False,0.0,11.9
2025-01-04 18:02:55,95.0,30.0,6.46,2.62,0.0,0.0,0.0,20.1,44.1,summer,True,True,False,False,False,0.0,22.8
2025-01-04 18:32:55,95.0,28.6,6.5,2.57,0.0,0.0,0.0,20.1,0.0,summer,False,False,False,False,False,0.0,0.0
2025-01-04 19:02:55,94.7,24.4,6.56,2.6,0.0,0.0,0.0,20.1,0.0,summer,False,False,False,False,False,0.0,0.0
2025-01-04 19:32:55,93.3,31.2,6.53,2.67,0.0,0.0,0.0,18.0,44.6,summer,True,True,False,False,False,0.0,14.6
2025-01-04 20:02:55,95.0,22.7,6.6,2.62,0.0,0.0,0.0,31.1,0.0,summer,False,False,False,True,False,0.0,0.0
2025-01-04 20:32:55,94.8,22.5,6.67,2.59,0.0,0.0,0.0,31.1,0.0,summer,False,False,False,False,False,0.0,0.0
2025-01-04 21:02:55,93.2,35.2,6.67,2.63,0.0,0.0,0.0,28.6,40.2,summer,True,True,False,False,False,0.0,14.8
2025-01-04 21:32:55,95.0,30.0,6.57,2.6,0.0,0.0,0.0,28.6,0.0,summer,False,False,False,False,False,0.0,0.0
2025-01-04 22:02:55,94.1,32.2,6.48,2.64,0.0,0.0,0.0,25.7,34.7,summer,True,True,False,False,False,0.0,22.4
2025-01-04 22:32:55,95.0,27.6,6.45,2.72,0.0,0.0,0.0,25.7,0.0,summer,False,False,False,False,False,0.0,0.0
2025-01-04 23:02:55,93.4,22.9,6.34,2.77,0.0,0.0,0.0,25.7,0.0,summer,False,False,False,False,False,0.0,0.0
2025-01-04 23:32:55,92.4,21.3,6.34,2.69,0.0,0.0,0.0,25.7,0.0,summer,False,False,False,False,False,0.0,0.0
2025-01-05 00:02:55,92.1,22.4,6.31,2.74,0.0,0.0,0.0,25.7,0.0,summer,False,False,False,False,False,0.0,0.0
2025-01-05 00:32:55,91.6,30.4,6.24,2.71,0.0,0.0,0.0,23.7,23.3,summer,True,True,False,False,False,0.0,20.0
2025-01-05 01:02:55,95.0,24.6,6.25,2.65,0.0,0.0,0.0,23.7,0.0,summer,False,False,False,False,False,0.0,0.0
2025-01-05 01:32:55,94.9,25.9,6.24,2.61,0.0,0.0,0.0,23.7,0.0,summer,False,False,False,False,False,0.0,0.0
2025-01-05 02:02:55,94.8,36.8,6.23,2.67,0.0,0.0,0.0,20.9,51.3,summer,True,True,False,False,False,0.0,23.6
2025-01-05 02:32:55,95.0,15.2,6.29,2.7,0.0,0.0,0.0,20.9,0.0,summer,False,False,False,False,False,0.0,0.0
2025-01-05 03:02:55,94.2,33.6,6.19,2.7,0.0,0.0,0.0,18.0,42.6,summer,True,True,False,False,False,0.0,22.0
2025-01-05 03:32:55,95.0,40.0,6.18,2.67,0.0,0.0,0.0,30.8,21.1,summer,True,True,False,True,False,0.0,16.2
2025-01-05 04:02:55,95.0,28.6,6.14,2.68,0.0,0.0,0.0,30.8,0.0,summer,False,False,False,False,False,0.0,0.0
2025-01-05 04:32:55,94.9,20.5,6.11,2.69,0.0,0.0,0.0,30.8,0.0,summer,False,False,False,False,False,0.0,0.0
2025-01-05 05:02:55,93.4,24.6,6.05,2.65,0.0,0.0,0.0,30.8,0.0,summer,False,False,False,False,False,0.0,0.0
2025-01-05 05:32:55,92.0,27.4,6.04,2.67,0.0,0.0,0.0,30.8,0.0,summer,False,False,False,False,False,0.0,0.0
2025-01-05 06:02:55,91.5,27.0,6.02,2.63,0.0,0.0,0.0,30.8,0.0,summer,False,False,False,False,False,0.0,0.0
2025-01-05 06:32:55,90.6,28.3,6.07,2.62,0.0,0.0,0.0,30.8,0.0,summer,False,False,False,False,False,0.0,0.0
2025-01-05 07:02:55,89.7,23.3,6.05,2.65,0.0,0.0,0.0,30.8,0.0,summer,False,False,False,False,False,0.0,0.0
2025-01-05 07:32:55,88.2,20.2,6.07,2.63,0.0,0.0,0.0,30.8,0.0,summer,False,False,False,False,False,0.0,0.0
2025-01-05 08:02:55,88.0,30.2,6.12,2.68,0.0,0.0,0.0,29.4,32.9,summer,True,True,False,False,False,0.0,12.3
2025-01-05 08:32:55,94.7,18.2,6.17,2.61,0.0,0.0,0.0,29.4,0.0,summer,False,False,False,False,False,0.0,0.0
2025-01-05 09:02:55,94.3,27.2,6.23,2.63,0.0,0.0,0.0,29.4,0.0,summer,False,False,False,False,False,0.0,0.0
2025-01-05 09:32:55,93.7,30.2,6.21,2.63,0.0,0.0,0.0,28.0,47.9,summer,True,True,False,False,False,0.0,24.7
2025-01-05 10:02:55,95.0,29.5,6.15,2.64,0.0,0.0,0.0,28.0,0.0,summer,False,False,False,False,False,0.0,0.0
2025-01-05 10:32:55,93.7,18.8,6.16,2.64,0.0,0.0,0.0,28.0,0.0,summer,False,False,False,False,False,0.0,0.0
2025-01-05 11:02:55,93.0,19.0,6.19,2.55,0.0,0.0,0.0,28.0,0.0,summer,False,False,False,False,False,0.0,0.0
2025-01-05 11:32:55,92.6,20.8,6.25,2.54,0.0,0.0,0.0,28.0,0.0,summer,False,False,False,False,False,0.0,0.0
2025-01-05 12:02:55,91.2,26.5,6.29,2.45,0.0,0.0,0.0,28.0,0.0,summer,False,False,False,False,False,0.0,0.0
2025-01-05 12:32:55,91.0,23.6,6.3,2.4,0.0,0.0,0.0,28.0,0.0,summer,False,False,False,False,False,0.0,0.0
2025-01-05 13:02:55,89.5,27.9,6.32,2.34,0.0,0.0,0.0,28.0,0.0,summer,False,False,False,False,False,0.0,0.0
2025-01-05 13:32:55,89.4,33.8,6.3,2.33,0.0,0.0,0.0,26.4,59.0,summer,True,True,False,False,False,0.0,14.1
2025-01-05 14:02:55,95.0,24.5,6.31,2.24,0.0,0.0,0.0,26.4,0.0,summer,False,False,False,False,False,0.0,0.0
2025-01-05 14:32:55,94.9,26.3,6.31,2.16,0.0,0.0,0.0,26.4,0.0,summer,False,False,False,False,False,0.0,0.0
2025-01-05 15:02:55,94.9,37.3,6.33,2.12,0.0,0.0,0.0,23.6,20.5,summer,True,True,False,False,False,0.0,19.1
2025-01-05 15:32:55,95.0,25.0,6.37,2.02,0.0,0.0,0.0,23.6,0.0,summer,False,False,False,False,False,0.0,0.0
2025-01-05 16:02:55,93.3,25.9,6.37,1.98,0.0,0.0,0.0,23.6,0.0,summer,False,False,False,False,False,0.0,0.0
2025-01-05 16:32:55,92.9,34.1,6.4,1.96,0.0,0.0,0.0,20.7,33.7,summer,True,True,False,False,False,0.0,20.4
2025-01-05 17:02:55,95.0,29.3,6.3,1.95,0.0,0.0,0.0,20.7,0.0,summer,False,False,False,False,False,0.0,0.0
2025-01-05 17:32:55,94.4,36.0,6.32,1.94,0.0,0.0,0.0,18.2,44.7,summer,True,True,False,False,False,0.0,18.9
2025-01-05 18:02:55,95.0,21.5,6.35,2.0,0.0,0.0,0.0,26.5,0.0,summer,False,False,False,True,False,0.0,0.0
2025-01-05 18:32:55,93.5,29.0,6.37,2.02,0.0,0.0,0.0,26.5,0.0,summer,False,False,False,False,False,0.0,0.0
2025-01-05 19:02:55,92.3,20.6,6.37,2.08,0.0,0.0,0.0,26.5,0.0,summer,False,False,False,False,False,0.0,0.0
2025-01-05 19:32:55,92.0,24.0,6.33,2.15,0.0,0.0,0.0,26.5,0.0,summer,False,False,False,False,False,0.0,0.0
2025-01-05 20:02:55,90.9,19.9,6.33,2.23,0.0,0.0,0.0,26.5,0.0,summer,False,False,False,False,False,0.0,0.0
2025-01-05 20:32:55,90.0,16.1,6.37,2.19,0.0,0.0,0.0,26.5,0.0,summer,False,False,False,False,False,0.0,0.0
2025-01-05 21:02:55,88.9,22.5,6.33,2.13,0.0,0.0,0.0,26.5,0.0,summer,False,False,False,False,False,0.0,0.0
2025-01-05 21:32:55,87.6,26.0,6.35,2.13,0.0,0.0,0.0,26.5,0.0,summer,False,False,False,False,False,0.0,0.0
2025-01-05 22:02:55,86.2,28.7,6.31,2.13,0.0,0.0,0.0,26.5,0.0,summer,False,False,False,False,False,0.0,0.0
2025-01-05 22:32:55,84.8,35.8,6.32,2.11,0.0,0.0,0.0,24.9,55.5,summer,True,True,False,False,False,0.0,19.9
2025-01-05 23:02:55,89.9,32.9,6.32,2.12,0.0,0.0,0.0,23.9,51.4,summer,True,True,False,False,False,0.0,11.8
2025-01-05 23:32:55,95.0,33.2,6.37,2.04,0.0,0.0,0.0,22.0,31.1,summer,True,True,False,False,False,0.0,15.5
2025-01-06 00:02:55,95.0,28.9,6.4,2.1,0.0,0.0,0.0,22.0,0.0,summer,False,False,False,False,False,0.0,0.0
2025-01-06 00:32:55,93.9,22.0,6.43,2.12,0.0,0.0,0.0,22.0,0.0,summer,False,False,False,False,False,0.0,0.0
2025-01-06 01:02:55,93.4,26.9,6.44,2.15,0.0,0.0,0.0,22.0,0.0,summer,False,False,False,False,False,0.0,0.0
2025-01-06 01:32:55,92.9,27.6,6.47,2.19,0.0,0.0,0.0,22.0,0.0,summer,False,False,False,False,False,0.0,0.0
2025-01-06 02:02:55,91.6,28.1,6.47,2.19,0.0,0.0,0.0,22.0,0.0,summer,False,False,False,False,False,0.0,0.0
2025-01-06 02:32:55,90.7,32.3,6.43,2.29,0.0,0.0,0.0,19.5,25.2,summer,True,True,False,False,False,0.0,12.7
2025-01-06 03:02:55,95.0,22.9,6.3,2.31,0.0,0.0,0.0,27.9,0.0,summer,False,False,False,True,False,0.0,0.0
2025-01-06 03:32:55,94.9,29.3,6.24,2.28,0.0,0.0,0.0,27.9,0.0,summer,False,False,False,False,False,0.0,0.0
2025-01-06 04:02:55,93.5,28.2,6.21,2.34,0.0,0.0,0.0,27.9,0.0,summer,False,False,False,False,False,0.0,0.0
2025-01-06 04:32:55,92.9,16.5,6.17,2.31,0.0,0.0,0.0,27.9,0.0,summer,False,False,False,False,False,0.0,0.0
2025-01-06 05:02:55,91.6,21.4,6.25,2.37,0.0,0.0,0.0,27.9,0.0,summer,False,False,False,False,False,0.0,0.0
2025-01-06 05:32:55,91.4,27.2,6.29,2.28,0.0,0.0,0.0,27.9,0.0,summer,False,False,False,False,False,0.0,0.0
2025-01-06 06:02:55,89.6,30.0,6.32,2.29,0.0,0.0,0.0,26.5,24.3,summer,True,True,False,False,False,0.0,12.9
2025-01-06 06:32:55,95.0,25.6,6.34,2.36,0.0,0.0,0.0,26.5,0.0,summer,False,False,False,False,False,0.0,0.0
2025-01-06 07:02:55,94.6,25.1,6.3,2.37,0.0,0.0,0.0,26.5,0.0,summer,False,False,False,False,False,0.0,0.0
2025-01-06 07:32:55,94.2,24.5,6.27,2.42,0.0,0.0,0.0,26.5,0.0,summer,False,False,False,False,False,0.0,0.0
2025-01-06 08:02:55,93.8,31.3,6.32,2.3,0.0,0.0,0.0,23.9,27.0,summer,True,True,False,False,False,0.0,14.8
2025-01-06 08:32:55,95.0,22.6,6.31,2.32,0.0,0.0,0.0,23.9,0.0,summer,False,False,False,False,False,0.0,0.0
2025-01-06 09:02:55,94.6,26.3,6.31,2.2,0.0,0.0,0.0,23.9,0.0,summer,False,False,False,False,False,0.0,0.0
2025-01-06 09:32:55,94.4,20.6,6.33,2.17,0.0,0.0,0.0,23.9,0.0,summer,False,False,False,False,False,0.0,0.0
2025-01-06 10:02:55,92.5,27.9,6.3,2.15,0.0,0.0,0.0,23.9,0.0,summer,False,False,False,False,False,0.0,0.0
2025-01-06 10:32:55,92.4,31.2,6.31,2.17,0.0,0.0,0.0,22.7,47.5,summer,True,True,False,False,False,0.0,24.3
2025-01-06 11:02:55,95.0,30.6,6.35,2.17,0.0,0.0,0.0,19.7,31.6,summer,True,True,False,False,False,0.0,16.0
2025-01-06 11:32:55,95.0,30.3,6.32,2.19,0.0,0.0,0.0,29.0,54.5,summer,True,True,False,True,False,0.0,13.9
2025-01-06 12:02:55,95.0,29.3,6.3,2.12,0.0,0.0,0.0,29.0,0.0,summer,False,False,False,False,False,0.0,0.0
2025-01-06 12:32:55,93.7,27.1,6.26,2.1,0.0,0.0,0.0,29.0,0.0,summer,False,False,False,False,False,0.0,0.0
2025-01-06 13:02:55,92.9,27.0,6.18,2.09,0.0,0.0,0.0,29.0,0.0,summer,False,False,False,False,False,0.0,0.0
2025-01-06 13:32:55,91.4,29.8,6.14,2.11,0.0,0.0,0.0,29.0,0.0,summer,False,False,False,False,False,0.0,0.0
2025-01-06 14:02:55,90.4,28.8,6.18,2.06,0.0,0.0,0.0,29.0,0.0,summer,False,False,False,False,False,0.0,0.0
2025-01-06 14:32:55,90.3,30.6,6.13,1.98,0.0,0.0,0.0,27.6,35.2,summer,True,True,False,False,False,0.0,15.2
2025-01-06 15:02:55,95.0,28.5,6.22,1.98,0.0,0.0,0.0,27.6,0.0,summer,False,False,False,False,False,0.0,0.0
2025-01-06 15:32:55,93.7,18.9,6.25,1.94,0.0,0.0,0.0,27.6,0.0,summer,False,False,False,False,False,0.0,0.0
2025-01-06 16:02:55,92.3,23.9,6.23,1.83,0.0,0.0,0.0,27.6,0.0,summer,False,False,False,False,False,0.0,0.0
2025-01-06 16:32:55,92.0,25.8,6.25,1.8,0.0,0.0,0.0,27.6,0.0,summer,False,False,False,False,False,0.0,0.0
2025-01-06 17:02:55,91.3,25.4,6.31,1.8,0.0,0.0,0.0,27.6,0.0,summer,False,False,False,False,False,0.0,0.0
2025-01-06 17:32:55,89.6,22.1,6.29,1.8,0.0,0.0,0.0,27.6,0.0,summer,False,False,False,False,False,0.0,0.0
2025-01-06 18:02:55,89.0,31.4,6.32,1.85,0.0,0.0,0.0,25.1,52.2,summer,True,True,False,False,False,0.0,24.4
2025-01-06 18:32:55,95.0,26.7,6.38,1.84,0.0,0.0,0.0,25.1,0.0,summer,False,False,False,False,False,0.0,0.0
2025-01-06 19:02:55,93.8,25.3,6.41,1.92,0.0,0.0,0.0,25.1,0.0,summer,False,False,False,False,False,0.0,0.0
2025-01-06 19:32:55,92.6,25.5,6.38,1.91,0.0,0.0,0.0,25.1,0.0,summer,False,False,False,False,False,0.0,0.0
2025-01-06 20:02:55,91.3,33.7,6.42,1.95,0.0,0.0,0.0,23.0,53.1,summer,True,True,False,False,False,0.0,16.3
2025-01-06 20:32:55,95.0,25.0,6.42,1.96,0.0,0.0,0.0,23.0,0.0,summer,False,False,False,False,False,0.0,0.0
2025-01-06 21:02:55,94.7,21.5,6.35,1.94,0.0,0.0,0.0,23.0,0.0,summer,False,False,False,False,False,0.0,0.0
2025-01-06 21:32:55,92.8,33.7,6.34,1.97,0.0,0.0,0.0,21.6,20.9,summer,True,True,False,False,False,0.0,11.4
2025-01-06 22:02:55,95.0,22.0,6.34,1.93,0.0,0.0,0.0,21.6,0.0,summer,False,False,False,False,False,0.0,0.0
2025-01-06 22:32:55,94.8,14.6,6.33,1.89,0.0,0.0,0.0,21.6,0.0,summer,False,False,False,False,False,0.0,0.0
2025-01-06 23:02:55,94.7,29.4,6.41,1.92,0.0,0.0,0.0,21.6,0.0,summer,False,False,False,False,False,0.0,0.0
2025-01-06 23:32:55,94.7,23.6,6.32,1.92,0.0,0.0,0.0,21.6,0.0,summer,False,False,False,False,False,0.0,0.0
2025-01-07 00:02:55,93.8,29.4,6.28,1.97,0.0,0.0,0.0,21.6,0.0,summer,False,False,False,False,False,0.0,0.0
2025-01-07 00:32:55,92.4,32.5,6.26,2.04,0.0,0.0,0.0,20.2,39.8,summer,True,True,False,False,False,0.0,21.4
2025-01-07 01:02:55,95.0,26.9,6.26,2.06,0.0,0.0,0.0,20.2,0.0,summer,False,False,False,False,False,0.0,0.0
2025-01-07 01:32:55,93.2,30.1,6.26,2.0,0.0,0.0,0.0,18.4,21.9,summer,True,True,False,False,False,0.0,14.7
2025-01-07 02:02:55,95.0,23.9,6.19,1.97,0.0,0.0,0.0,26.3,0.0,summer,False,False,False,True,False,0.0,0.0
2025-01-07 02:32:55,93.5,24.2,6.2,1.91,0.0,0.0,0.0,26.3,0.0,summer,False,False,False,False,False,0.0,0.0
2025-01-07 03:02:55,92.2,35.9,6.24,1.85,0.0,0.0,0.0,25.2,45.5,summer,True,True,False,False,False,0.0,24.3
2025-01-07 03:32:55,95.0,29.3,6.3,1.84,0.0,0.0,0.0,25.2,0.0,summer,False,False,False,False,False,0.0,0.0
2025-01-07 04:02:55,93.6,29.9,6.27,1.79,0.0,0.0,0.0,25.2,0.0,summer,False,False,False,False,False,0.0,0.0
2025-01-07 04:32:55,92.8,26.3,6.33,1.8,0.0,0.0,0.0,25.2,0.0,summer,False,False,False,False,False,0.0,0.0
2025-01-07 05:02:55,92.6,25.7,6.34,1.78,0.0,0.0,0.0,25.2,0.0,summer,False,False,False,False,False,0.0,0.0
2025-01-07 05:32:55,92.1,28.5,6.31,1.78,0.0,0.0,0.0,25.2,0.0,summer,False,False,False,False,False,0.0,0.0
2025-01-07 06:02:55,91.8,28.3,6.3,1.81,0.0,0.0,0.0,25.2,0.0,summer,False,False,False,False,False,0.0,0.0
2025-01-07 06:32:55,90.7,32.1,6.21,1.89,0.0,0.0,0.0,22.3,22.1,summer,True,True,False,False,False,0.0,20.7
2025-01-07 07:02:55,95.0,30.5,6.17,1.83,0.0,0.0,0.0,20.0,31.9,summer,True,True,False,False,False,0.0,20.4
2025-01-07 07:32:55,95.0,28.8,6.2,1.85,0.0,0.0,0.0,20.0,0.0,summer,False,False,False,False,False,0.0,0.0
2025-01-07 08:02:55,93.6,26.8,6.26,1.9,0.0,0.0,0.0,20.0,0.0,summer,False,False,False,False,False,0.0,0.0
2025-01-07 08:32:55,92.8,36.1,6.28,1.9,0.0,0.0,0.0,18.0,31.3,summer,True,True,False,False,False,0.0,11.7
2025-01-07 09:02:55,95.0,24.7,6.29,1.93,0.0,0.0,0.0,26.6,0.0,summer,False,False,False,True,False,0.0,0.0
2025-01-07 09:32:55,93.6,28.9,6.25,1.88,0.0,0.0,0.0,26.6,0.0,summer,False,False,False,False,False,0.0,0.0
2025-01-07 10:02:55,93.1,28.3,6.24,1.81,0.0,0.0,0.0,26.6,0.0,summer,False,False,False,False,False,0.0,0.0
2025-01-07 10:32:55,91.3,23.6,6.2,1.84,0.0,0.0,0.0,26.6,0.0,summer,False,False,False,False,False,0.0,0.0
2025-01-07 11:02:55,90.0,32.2,6.18,1.87,0.0,0.0,0.0,24.2,54.5,summer,True,True,False,False,False,0.0,22.5
2025-01-07 11:32:55,95.0,24.5,6.16,1.91,0.0,0.0,0.0,24.2,0.0,summer,False,False,False,False,False,0.0,0.0
2025-01-07 12:02:55,93.2,34.6,6.21,1.94,0.0,0.0,0.0,21.9,41.4,summer,True,True,False,False,False,0.0,17.7
2025-01-07 12:32:55,95.0,25.9,6.21,1.92,0.0,0.0,0.0,21.9,0.0,summer,False,False,False,False,False,0.0,0.0
2025-01-07 13:02:55,93.3,24.9,6.24,1.87,0.0,0.0,0.0,21.9,0.0,summer,False,False,False,False,False,0.0,0.0
2025-01-07 13:32:55,92.0,22.2,6.24,1.9,0.0,0.0,0.0,21.9,0.0,summer,False,False,False,False,False,0.0,0.0
2025-01-07 14:02:55,91.8,24.2,6.21,1.88,0.0,0.0,0.0,21.9,0.0,summer,False,False,False,False,False,0.0,0.0
2025-01-07 14:32:55,90.5,22.2,6.16,1.88,0.0,0.0,0.0,21.9,0.0,summer,False,False,False,False,False,0.0,0.0
2025-01-07 15:02:55,89.7,25.5,6.11,1.8,0.0,0.0,0.0,21.9,0.0,summer,False,False,False,False,False,0.0,0.0
2025-01-07 15:32:55,89.1,32.9,6.18,1.74,0.0,0.0,0.0,19.7,59.4,summer,True,True,False,False,False,0.0,22.1
2025-01-07 16:02:55,94.8,28.1,6.18,1.81,0.0,0.0,0.0,30.5,0.0,summer,False,False,False,True,False,0.0,0.0
2025-01-07 16:32:55,93.9,25.1,6.09,1.81,0.0,0.0,0.0,30.5,0.0,summer,False,False,False,False,False,0.0,0.0
2025-01-07 17:02:55,93.4,18.8,6.07,1.8,0.0,0.0,0.0,30.5,0.0,summer,False,False,False,False,False,0.0,0.0
2025-01-07 17:32:55,93.0,33.9,6.18,1.84,0.0,0.0,0.0,27.8,55.6,summer,True,True,False,False,False,0.0,22.2
2025-01-07 18:02:55,95.0,28.2,6.17,1.8,0.0,0.0,0.0,27.8,0.0,summer,False,False,False,False,False,0.0,0.0
2025-01-07 18:32:55,94.2,28.0,6.12,1.79,0.0,0.0,0.0,27.8,0.0,summer,False,False,False,False,False,0.0,0.0
2025-01-07 19:02:55,93.5,24.9,6.09,1.86,0.0,0.0,0.0,27.8,0.0,summer,False,False,False,False,False,0.0,0.0
2025-01-07 19:32:55,91.8,28.0,6.14,1.84,0.0,0.0,0.0,27.8,0.0,summer,False,False,False,False,False,0.0,0.0
2025-01-07 20:02:55,91.2,35.7,6.06,1.8,0.0,0.0,0.0,26.5,46.0,summer,True,True,False,False,False,0.0,10.8
2025-01-07 20:32:55,95.0,15.5,6.06,1.8,0.0,0.0,0.0,26.5,0.0,summer,False,False,False,False,False,0.0,0.0
2025-01-07 21:02:55,94.1,21.7,6.03,1.8,0.0,0.0,0.0,26.5,0.0,summer,False,False,False,False,False,0.0,0.0
2025-01-07 21:32:55,92.5,36.1,6.06,1.8,0.0,0.0,0.0,23.8,31.8,summer,True,True,False,False,False,0.0,20.1
2025-01-07 22:02:55,95.0,28.5,6.09,1.69,0.0,0.0,0.0,23.8,0.0,summer,False,False,False,False,False,0.0,0.0
2025-01-07 22:32:55,93.3,17.0,6.12,1.66,0.0,0.0,0.0,23.8,0.0,summer,False,False,False,False,False,0.0,0.0
2025-01-07 23:02:55,92.8,30.4,6.11,1.69,0.0,0.0,0.0,21.1,55.0,summer,True,True,False,False,False,0.0,20.0
2025-01-07 23:32:55,95.0,39.1,6.06,1.68,0.0,0.0,0.0,19.3,54.4,summer,True,True,False,False,False,0.0,19.2
2025-01-08 00:02:55,95.0,18.0,6.05,1.61,0.0,0.0,0.0,34.2,0.0,summer,False,False,False,True,False,0.0,0.0
2025-01-08 00:32:55,94.0,25.4,6.0,1.61,0.0,0.0,0.0,34.2,0.0,summer,False,False,False,False,False,0.0,0.0
2025-01-08 01:02:55,92.1,28.2,5.94,1.57,0.0,0.0,0.0,34.2,0.0,summer,False,False,False,False,False,0.0,0.0
2025-01-08 01:32:55,90.2,25.7,6.0,1.47,0.0,0.0,0.0,34.2,0.0,summer,False,False,False,False,False,0.0,0.0
2025-01-08 02:02:55,88.8,24.8,6.03,1.52,0.0,0.0,0.0,34.2,0.0,summer,False,False,False,False,False,0.0,0.0
2025-01-08 02:32:55,87.1,37.2,6.02,1.47,0.0,0.0,0.0,31.6,33.2,summer,True,True,False,False,False,0.0,23.4
2025-01-08 03:02:55,94.4,23.9,6.0,1.47,0.0,0.0,0.0,31.6,0.0,summer,False,False,False,False,False,0.0,0.0
2025-01-08 03:32:55,93.0,23.7,5.94,1.42,0.0,0.0,0.0,31.6,0.0,summer,False,False,False,False,False,0.0,0.0
2025-01-08 04:02:55,91.4,24.2,5.88,1.47,0.0,0.0,0.0,31.6,0.0,summer,False,False,False,False,False,0.0,0.0
2025-01-08 04:32:55,90.2,26.4,5.95,1.51,0.0,0.0,0.0,31.6,0.0,summer,False,False,False,False,False,0.0,0.0
False,False,False,False,0,0,2025-01-08 04:33:45,automatic
True,True,True,False,0.0,0.87,2025-01-08 04:44:32,automatic
